readout,arm,h,share_point,ci_lo,ci_hi,n_draws,n_defined,undefined_frac,unstable,prereg,B,seed,resampling_unit,weights,generated_utc
cell,c6,5,0.5083417729669698,0.3981401163048999,0.6238151854981672,2000,2000,0.0,False,prereg-ea v1.6 §share-CI (tag prereg-ea-v1.6),2000,2026,"effective_trading_day (day-block, per cell independent, with replacement, test panel only)",committed val-fit test-frozen (not refit in draws),2026-07-16T15:37:19+00:00
cell,c6,10,0.5609884320586759,0.4302628167373436,0.6949801611848474,2000,2000,0.0,False,prereg-ea v1.6 §share-CI (tag prereg-ea-v1.6),2000,2026,"effective_trading_day (day-block, per cell independent, with replacement, test panel only)",committed val-fit test-frozen (not refit in draws),2026-07-16T15:37:19+00:00
cell,c6,20,0.7085656482970994,0.5672458563339806,0.8378801468010535,2000,2000,0.0,False,prereg-ea v1.6 §share-CI (tag prereg-ea-v1.6),2000,2026,"effective_trading_day (day-block, per cell independent, with replacement, test panel only)",committed val-fit test-frozen (not refit in draws),2026-07-16T15:37:19+00:00
cell,c2,5,0.024397746320116154,-0.13517241386978984,0.18569889636606624,2000,2000,0.0,False,prereg-ea v1.6 §share-CI (tag prereg-ea-v1.6),2000,2026,"effective_trading_day (day-block, per cell independent, with replacement, test panel only)",committed val-fit test-frozen (not refit in draws),2026-07-16T15:37:19+00:00
cell,c2,10,0.5096866859417041,0.4467674144370473,0.5696695230168137,2000,2000,0.0,False,prereg-ea v1.6 §share-CI (tag prereg-ea-v1.6),2000,2026,"effective_trading_day (day-block, per cell independent, with replacement, test panel only)",committed val-fit test-frozen (not refit in draws),2026-07-16T15:37:19+00:00
cell,c2,20,-0.38871829870801533,-4.936458379019956,0.13386636640334829,2000,1944,0.028000000000000025,False,prereg-ea v1.6 §share-CI (tag prereg-ea-v1.6),2000,2026,"effective_trading_day (day-block, per cell independent, with replacement, test panel only)",committed val-fit test-frozen (not refit in draws),2026-07-16T15:37:19+00:00
arm_median,c6,5/10/20,0.5609884320586759,0.46764639182599865,0.687210122777273,2000,2000,0.0,False,prereg-ea v1.6 §share-CI (tag prereg-ea-v1.6),2000,2026,"effective_trading_day (day-block, per cell independent, with replacement, test panel only)",committed val-fit test-frozen (not refit in draws),2026-07-16T15:37:19+00:00
arm_median,c2,5/10/20,0.024397746320116154,-0.13137533953254657,0.2582408481799866,2000,2000,0.0,False,prereg-ea v1.6 §share-CI (tag prereg-ea-v1.6),2000,2026,"effective_trading_day (day-block, per cell independent, with replacement, test panel only)",committed val-fit test-frozen (not refit in draws),2026-07-16T15:37:19+00:00
pooled_median,c6+c2,5/10/20,0.5090142294543369,0.4361181074143785,0.5598573323496766,2000,2000,0.0,False,prereg-ea v1.6 §share-CI (tag prereg-ea-v1.6),2000,2026,"effective_trading_day (day-block, per cell independent, with replacement, test panel only)",committed val-fit test-frozen (not refit in draws),2026-07-16T15:37:19+00:00
