disc,model,h,DM,p,holm,bh
long_form,B1_bow_ridge,5,20.17010374061194,2.821388604045755e-88,8.746304672541842e-87,5.956264830763261e-88
long_form,B1_bow_ridge,10,18.304786590082667,2.4174778090053935e-73,5.318451179811865e-72,3.8276731975918727e-73
long_form,B1_bow_ridge,20,16.38893422898782,2.174605111368057e-59,2.392065622504863e-58,2.637287049957005e-59
long_form,B2_tfidf_ridge,5,19.87018282041199,8.692860883980859e-86,2.520929656354449e-84,1.708596794437617e-85
long_form,B2_tfidf_ridge,10,17.2759965872312,1.1242024565101083e-65,1.911144176067184e-64,1.5629156102701506e-65
long_form,B2_tfidf_ridge,20,15.096111439908153,8.73677982799984e-51,6.115745879599888e-50,9.764636278352762e-51
long_form,B3_lm_linear,5,20.964832000867343,4.9497918217942635e-95,1.5839333829741643e-93,1.085146668624127e-94
long_form,B3_lm_linear,10,19.169423066566527,4.2337984661851e-80,1.0584496165462751e-78,7.312924623410628e-80
long_form,B3_lm_linear,20,16.564867470372672,1.3055874095584927e-60,1.6972636324260406e-59,1.653744052107424e-60
long_form,B4_lm_features,5,22.315468612495724,4.8113554603802404e-107,1.780201520340689e-105,1.3059393392460653e-106
long_form,B4_lm_features,10,19.471562293908956,1.5814122074048203e-82,4.427954180733497e-81,3.004683194069159e-82
long_form,B4_lm_features,20,17.337378607506142,4.0686127201798546e-66,7.323502896323738e-65,5.797773126256293e-66
long_form,C1_bert_s1,5,25.933993665626936,2.0322744946706532e-142,8.129097978682613e-141,6.435535899790402e-142
long_form,C1_bert_s1,10,16.90112719019011,5.536733022632474e-63,7.751426231685464e-62,7.172585961137524e-63
long_form,C1_bert_s1,20,17.529196958664354,1.608349089815109e-67,3.216698179630218e-66,2.4125236347226635e-67
long_form,C2_finbert_s1,5,14.927448466362454,1.0258256693348952e-49,6.1549540160093714e-49,1.124462752924789e-49
long_form,C2_finbert_s1,10,19.308758276782687,3.246696506909706e-81,8.766080568656206e-80,5.969732286898492e-81
long_form,C2_finbert_s1,20,19.19369583717807,2.753374965876571e-80,7.158774911279084e-79,4.904449157967642e-80
long_form,C2_finbert_s2,5,22.47268166839506,1.7423884752911382e-108,6.621076206106326e-107,4.965807154579744e-108
long_form,C2_finbert_s2,10,16.1257495583899,1.3762045955831774e-57,1.3762045955831774e-56,1.6342429572550233e-57
long_form,C2_finbert_s2,20,17.033917972356456,6.310832779835514e-64,9.466249169753271e-63,8.365522522107541e-64
long_form,C2_finbert_s3,5,22.056123059716125,1.0969098436659072e-104,3.9488754371972657e-103,2.8419936858616685e-104
long_form,C2_finbert_s3,10,18.502230221822487,7.336167057281914e-75,1.6873184231748403e-73,1.194747206471626e-74
long_form,C2_finbert_s3,20,13.127512117157513,5.846361241265798e-39,1.7539083723797392e-38,6.058956195493645e-39
long_form,C2_finbert_s4,5,21.98008228987368,5.332290853663703e-104,1.812978890245659e-102,1.2664190777451294e-103
long_form,C2_finbert_s4,10,21.994638567963264,4.002618317847257e-104,1.4009164112465401e-102,9.919532352925812e-104
long_form,C2_finbert_s4,20,13.649113905424722,6.095190856095423e-42,3.0475954280477114e-41,6.55520526032904e-42
long_form,C3_roberta_s1,5,24.1456674802164,2.2957708739096227e-124,8.953506408247528e-123,6.887312621728869e-124
long_form,C3_roberta_s1,10,21.841316174985412,9.578681376907227e-103,3.160964854379385e-101,2.1839393539348477e-102
long_form,C3_roberta_s1,20,15.880173035324603,6.335221476986965e-56,5.7016993292882685e-55,7.369543350780755e-56
long_form,C4_longformer,5,18.57072963822013,2.147299569827338e-75,5.153518967585611e-74,3.599884572945832e-75
long_form,C4_longformer,10,20.0086872560859,6.290918358269924e-87,1.887275507480977e-85,1.2806512372192345e-86
long_form,C4_longformer,20,16.42703911247742,1.1853000785643852e-59,1.4223600942772623e-58,1.4687414016993468e-59
long_form,D1_concat_mlp,5,9.421959689336372,5.693591846821809e-21,5.693591846821809e-21,5.693591846821809e-21
long_form,D1_concat_mlp,10,17.240062727625645,2.047810616269935e-65,3.276496986031896e-64,2.779171550652055e-65
long_form,D1_concat_mlp,20,13.476284061933628,6.097869294540656e-41,2.4391477178162622e-40,6.436639810904026e-41
long_form,D2_gated_fusion,5,18.000506525438258,4.901623594445482e-71,1.0293409548335513e-69,7.551149861713311e-71
long_form,D2_gated_fusion,10,15.473936017325014,3.104547135692174e-53,2.483637708553739e-52,3.539183734689078e-53
long_form,D2_gated_fusion,20,11.30301844129498,2.1302992153170626e-29,4.260598430634125e-29,2.1683402727334386e-29
event_driven,B1_bow_ridge,5,34.915024533056474,7.57128223406619e-261,4.012779584055081e-259,8.631261746835457e-260
event_driven,B1_bow_ridge,10,32.67544624222127,2.3213344159815413e-229,1.1374538638309552e-227,1.470178463454976e-228
event_driven,B1_bow_ridge,20,29.307174618331214,1.251696848775636e-185,5.382296449735234e-184,4.756448025347417e-185
event_driven,B2_tfidf_ridge,5,39.154128581995025,0.0,0.0,0.0
event_driven,B2_tfidf_ridge,10,35.47638842148078,5.2866230267534706e-269,2.854776434446874e-267,7.533437813123696e-268
event_driven,B2_tfidf_ridge,20,32.00839520864009,2.5967535229353116e-220,1.2464416910089495e-218,1.4801495080731276e-219
event_driven,B3_lm_linear,5,37.611927032979025,3.1000483711467468e-301,1.7360270878421782e-299,8.835137857768229e-300
event_driven,B3_lm_linear,10,33.5068678948228,8.093909283417517e-241,4.208832827377108e-239,7.68921381924664e-240
event_driven,B3_lm_linear,20,30.067359744651924,4.1977594963850726e-195,1.8889917733732827e-193,1.8405560868765318e-194
event_driven,B4_lm_features,5,37.1558996030531,3.234993548182746e-294,1.7792464515005104e-292,6.146487741547218e-293
event_driven,B4_lm_features,10,32.88848312124582,2.851221199483954e-232,1.425610599741977e-230,2.0314951046323173e-231
event_driven,B4_lm_features,20,29.54013679639115,1.6518062027219298e-188,7.267947291976491e-187,6.725210968224999e-188
event_driven,C2_finbert_s1,5,26.393090791743425,1.915749162660959e-151,8.046146483176028e-150,6.824856391979667e-151
event_driven,C2_finbert_s1,10,33.34128230634468,1.625624602542181e-238,8.290685472965124e-237,1.3237228906414903e-237
event_driven,C2_finbert_s1,20,30.136928675044828,5.555319414252771e-196,2.5554469305562745e-194,2.638776721770066e-195
event_driven,D2_gated_fusion,5,26.00299604429167,4.0633087453535396e-147,1.6659565855949513e-145,1.3624035205008928e-146
event_driven,D2_gated_fusion,10,31.204134979976853,9.847884018241215e-210,4.628505488573371e-208,5.102994445815903e-209
event_driven,D2_gated_fusion,20,17.321997333581912,7.965810571667499e-67,1.5135040086168249e-65,1.1642338527821729e-66
