section,metric,full_ohlcv_rows,crsp_rows,joined_rows,max_abs_diff_adj_close,max_abs_diff_close,max_abs_diff_volume,identical_on_join,n_rows,n_unreconstructed,max_abs_diff,max_rel_diff,bitwise_exact,modelled_rows_checked,max_abs_diff_pred_vs_aligned,passed,disc,h,value,committed,rel_diff,committed_table,n_tickers,n_yahoo_ok,n_no_data,n_mismatch,mismatch_tickers,coverage_raw,coverage_clean,rows_covered,rows_no_public_data,rows_window_incomplete,rows_symbol_mismatch,exit_year,n_firms,firms_no_public_data,firms_symbol_mismatch,year,scope,n,pearson_logRV,spearman_logRV,mean_dlog,sd_dlog,rmse_dlog,split,family,panel,model,n_days,qlike_a2,qlike_text,dm,p,holm,sig,qlike_R,qlike_U,rel_impr_pct,g_log,placebo_dm,genuine,ranking,q_A2_har_rv,q_B2_tfidf_ridge,q_C2_finbert_s1,q_C6_llmtext,panel_vs_A,n_cells,sign_agree,holm_sig_agree,full_agree
provenance,full_ohlcv_vs_crsp,2023428.0,2023494.0,2023428.0,0.0,0.0,0.0,True,,,,,,,,,,,,,,,,,,,,,,,,,,,,,,,,,,,,,,,,,,,,,,,,,,,,,,,,,,,,,,,,
sanity_gate,gate1_crsp_label_reconstruction,,,,,,,,431245.0,0.0,0.0,0.0,True,427429.0,0.0,True,,,,,,,,,,,,,,,,,,,,,,,,,,,,,,,,,,,,,,,,,,,,,,,,,,,,,,,,
sanity_gate,gate2_qlike_raw,,,,,,,,,,,,,,,,long_form,5.0,0.1226067260656771,0.1226067260656771,0.0,,,,,,,,,,,,,,,,,,,,,,,,,,,,,,,,,,,,,,,,,,,,,,,,,,,
sanity_gate,gate2_qlike_raw,,,,,,,,,,,,,,,,long_form,10.0,0.08926724489634956,0.0892672448963495,6.218535286455099e-16,,,,,,,,,,,,,,,,,,,,,,,,,,,,,,,,,,,,,,,,,,,,,,,,,,,
sanity_gate,gate2_qlike_raw,,,,,,,,,,,,,,,,long_form,20.0,0.06459879310463382,0.0645987931046338,2.1483045024286954e-16,,,,,,,,,,,,,,,,,,,,,,,,,,,,,,,,,,,,,,,,,,,,,,,,,,,
sanity_gate,gate2_qlike_raw,,,,,,,,,,,,,,,,event_driven,5.0,0.12354327609218659,0.1235432760921865,6.739883341344624e-16,,,,,,,,,,,,,,,,,,,,,,,,,,,,,,,,,,,,,,,,,,,,,,,,,,,
sanity_gate,gate2_qlike_raw,,,,,,,,,,,,,,,,event_driven,10.0,0.08899995246920449,0.0889999524692044,9.355817001778572e-16,,,,,,,,,,,,,,,,,,,,,,,,,,,,,,,,,,,,,,,,,,,,,,,,,,,
sanity_gate,gate2_qlike_raw,,,,,,,,,,,,,,,,event_driven,20.0,0.06597702869152462,0.0659770286915246,4.206854441020681e-16,,,,,,,,,,,,,,,,,,,,,,,,,,,,,,,,,,,,,,,,,,,,,,,,,,,
sanity_gate,gate2_summary,,,,,,,,,,,9.355817001778572e-16,,,,True,,,,,,results/tables/forecast_combination_grid.csv,,,,,,,,,,,,,,,,,,,,,,,,,,,,,,,,,,,,,,,,,,,,,,,,,,
ticker_status,summary,,,,,,,,,,,,,,,,,,,,,,848.0,648.0,200.0,18.0,BBBY;BBT;BMC;CBE;COL;CPWR;EP;FO;GENZ;GR;HAR;KG;MEE;MHP;RSH;SII;TIE;WPI,,,,,,,,,,,,,,,,,,,,,,,,,,,,,,,,,,,,,,,,,,,,,
coverage,overall,,,,,,,,431245.0,,,,,,,,,,,,,,,,,,,0.8080371946341407,0.8018736449118251,345804.0,68497.0,13564.0,3380.0,,,,,,,,,,,,,,,,,,,,,,,,,,,,,,,,,,,,,,,
coverage_by_exit_year,,,,,,,,,524.0,,,,,,,,,,,,,,,,,,,,0.09732824427480916,,,,,2010,16.0,10.0,2.0,,,,,,,,,,,,,,,,,,,,,,,,,,,,,,,,,,,
coverage_by_exit_year,,,,,,,,,2052.0,,,,,,,,,,,,,,,,,,,,0.08966861598440545,,,,,2011,24.0,14.0,5.0,,,,,,,,,,,,,,,,,,,,,,,,,,,,,,,,,,,
coverage_by_exit_year,,,,,,,,,2594.0,,,,,,,,,,,,,,,,,,,,0.03700848111025443,,,,,2012,18.0,7.0,4.0,,,,,,,,,,,,,,,,,,,,,,,,,,,,,,,,,,,
coverage_by_exit_year,,,,,,,,,3759.0,,,,,,,,,,,,,,,,,,,,0.16786379356211759,,,,,2013,19.0,11.0,3.0,,,,,,,,,,,,,,,,,,,,,,,,,,,,,,,,,,,
coverage_by_exit_year,,,,,,,,,3579.0,,,,,,,,,,,,,,,,,,,,0.19558535903883767,,,,,2014,14.0,8.0,0.0,,,,,,,,,,,,,,,,,,,,,,,,,,,,,,,,,,,
coverage_by_exit_year,,,,,,,,,7946.0,,,,,,,,,,,,,,,,,,,,0.13465894789831362,,,,,2015,28.0,22.0,0.0,,,,,,,,,,,,,,,,,,,,,,,,,,,,,,,,,,,
coverage_by_exit_year,,,,,,,,,8376.0,,,,,,,,,,,,,,,,,,,,0.2606255969436485,,,,,2016,27.0,13.0,0.0,,,,,,,,,,,,,,,,,,,,,,,,,,,,,,,,,,,
coverage_by_exit_year,,,,,,,,,10402.0,,,,,,,,,,,,,,,,,,,,0.24850990194193423,,,,,2017,29.0,18.0,2.0,,,,,,,,,,,,,,,,,,,,,,,,,,,,,,,,,,,
coverage_by_exit_year,,,,,,,,,10973.0,,,,,,,,,,,,,,,,,,,,0.2824204866490477,,,,,2018,28.0,14.0,1.0,,,,,,,,,,,,,,,,,,,,,,,,,,,,,,,,,,,
coverage_by_exit_year,,,,,,,,,10976.0,,,,,,,,,,,,,,,,,,,,0.2804300291545189,,,,,2019,28.0,15.0,1.0,,,,,,,,,,,,,,,,,,,,,,,,,,,,,,,,,,,
coverage_by_exit_year,,,,,,,,,10122.0,,,,,,,,,,,,,,,,,,,,0.38450899031811897,,,,,2020,20.0,12.0,0.0,,,,,,,,,,,,,,,,,,,,,,,,,,,,,,,,,,,
coverage_by_exit_year,,,,,,,,,9127.0,,,,,,,,,,,,,,,,,,,,0.5067382491508711,,,,,2021,21.0,10.0,0.0,,,,,,,,,,,,,,,,,,,,,,,,,,,,,,,,,,,
coverage_by_exit_year,,,,,,,,,8908.0,,,,,,,,,,,,,,,,,,,,0.12236192186798384,,,,,2022,22.0,16.0,0.0,,,,,,,,,,,,,,,,,,,,,,,,,,,,,,,,,,,
coverage_by_exit_year,,,,,,,,,6669.0,,,,,,,,,,,,,,,,,,,,0.5003748687959214,,,,,2023,15.0,7.0,0.0,,,,,,,,,,,,,,,,,,,,,,,,,,,,,,,,,,,
coverage_by_exit_year,,,,,,,,,9859.0,,,,,,,,,,,,,,,,,,,,0.5869763667714778,,,,,2024,20.0,8.0,0.0,,,,,,,,,,,,,,,,,,,,,,,,,,,,,,,,,,,
coverage_by_exit_year,,,,,,,,,8793.0,,,,,,,,,,,,,,,,,,,,0.4721937905151825,,,,,2025,17.0,8.0,0.0,,,,,,,,,,,,,,,,,,,,,,,,,,,,,,,,,,,
coverage_by_exit_year,,,,,,,,,316586.0,,,,,,,,,,,,,,,,,,,,0.97680882919649,,,,,active,502.0,7.0,0.0,,,,,,,,,,,,,,,,,,,,,,,,,,,,,,,,,,,
coverage_by_filing_year,,,,,,,,,27529.0,,,,,,,,,,,,,,,,,,,0.6464818918231683,0.625849104580624,,,,,,,,,2010.0,,,,,,,,,,,,,,,,,,,,,,,,,,,,,,,,,,
coverage_by_filing_year,,,,,,,,,28294.0,,,,,,,,,,,,,,,,,,,0.6651940340708278,0.6496783770410688,,,,,,,,,2011.0,,,,,,,,,,,,,,,,,,,,,,,,,,,,,,,,,,
coverage_by_filing_year,,,,,,,,,28688.0,,,,,,,,,,,,,,,,,,,0.6731037367540436,0.6576617401003904,,,,,,,,,2012.0,,,,,,,,,,,,,,,,,,,,,,,,,,,,,,,,,,
coverage_by_filing_year,,,,,,,,,27867.0,,,,,,,,,,,,,,,,,,,0.6931137187354218,0.683532493630459,,,,,,,,,2013.0,,,,,,,,,,,,,,,,,,,,,,,,,,,,,,,,,,
coverage_by_filing_year,,,,,,,,,27942.0,,,,,,,,,,,,,,,,,,,0.7056402548135423,0.698840455228688,,,,,,,,,2014.0,,,,,,,,,,,,,,,,,,,,,,,,,,,,,,,,,,
coverage_by_filing_year,,,,,,,,,28732.0,,,,,,,,,,,,,,,,,,,0.7370179590700264,0.7296394264234999,,,,,,,,,2015.0,,,,,,,,,,,,,,,,,,,,,,,,,,,,,,,,,,
coverage_by_filing_year,,,,,,,,,28160.0,,,,,,,,,,,,,,,,,,,0.783877840909091,0.7760298295454545,,,,,,,,,2016.0,,,,,,,,,,,,,,,,,,,,,,,,,,,,,,,,,,
coverage_by_filing_year,,,,,,,,,27330.0,,,,,,,,,,,,,,,,,,,0.8054152945481157,0.7995975118916941,,,,,,,,,2017.0,,,,,,,,,,,,,,,,,,,,,,,,,,,,,,,,,,
coverage_by_filing_year,,,,,,,,,26872.0,,,,,,,,,,,,,,,,,,,0.8358886573384936,0.8331348615659423,,,,,,,,,2018.0,,,,,,,,,,,,,,,,,,,,,,,,,,,,,,,,,,
coverage_by_filing_year,,,,,,,,,26357.0,,,,,,,,,,,,,,,,,,,0.8559395985886102,0.8527146488598855,,,,,,,,,2019.0,,,,,,,,,,,,,,,,,,,,,,,,,,,,,,,,,,
coverage_by_filing_year,,,,,,,,,28363.0,,,,,,,,,,,,,,,,,,,0.8866128406727074,0.8866128406727074,,,,,,,,,2020.0,,,,,,,,,,,,,,,,,,,,,,,,,,,,,,,,,,
coverage_by_filing_year,,,,,,,,,26231.0,,,,,,,,,,,,,,,,,,,0.9052266402348367,0.9052266402348367,,,,,,,,,2021.0,,,,,,,,,,,,,,,,,,,,,,,,,,,,,,,,,,
coverage_by_filing_year,,,,,,,,,24709.0,,,,,,,,,,,,,,,,,,,0.9282447691124691,0.9282447691124691,,,,,,,,,2022.0,,,,,,,,,,,,,,,,,,,,,,,,,,,,,,,,,,
coverage_by_filing_year,,,,,,,,,24705.0,,,,,,,,,,,,,,,,,,,0.9486743574175268,0.9486743574175268,,,,,,,,,2023.0,,,,,,,,,,,,,,,,,,,,,,,,,,,,,,,,,,
coverage_by_filing_year,,,,,,,,,24715.0,,,,,,,,,,,,,,,,,,,0.9614808820554319,0.9614808820554319,,,,,,,,,2024.0,,,,,,,,,,,,,,,,,,,,,,,,,,,,,,,,,,
coverage_by_filing_year,,,,,,,,,24751.0,,,,,,,,,,,,,,,,,,,0.9773342491212477,0.9773342491212477,,,,,,,,,2025.0,,,,,,,,,,,,,,,,,,,,,,,,,,,,,,,,,,
parity_corr,,,,,,,,,,,,,,,,,,,,,,,,,,,,,,,,,,,,,,,modelled_all_splits,343239.0,0.9981484922980364,0.9981896560403164,0.00047311391222859393,0.032782646827173065,0.032786012851657,,,,,,,,,,,,,,,,,,,,,,,,,,,
parity_corr,,,,,,,,,,,,,,,,,,,,,,,,,,,,,,,,,,,,,,,modelled_all_splits_RAW_incl_mismatch,345686.0,0.9714455176641392,0.9904404205190052,0.006247002164014077,0.13065916668474084,0.13080823173430717,,,,,,,,,,,,,,,,,,,,,,,,,,,
parity_corr,,,,,,,,,,,,,,,,,,5.0,,,,,,,,,,,,,,,,,,,,,by_split_h,66847.0,0.9966393112133565,0.9967577454205807,0.00047081669522655627,0.046712887859771214,0.0467149110825579,train,,,,,,,,,,,,,,,,,,,,,,,,,,
parity_corr,,,,,,,,,,,,,,,,,,10.0,,,,,,,,,,,,,,,,,,,,,by_split_h,66815.0,0.9965537168443596,0.9966804167193621,0.0006996736319149345,0.04090829339738643,0.04091397029474771,train,,,,,,,,,,,,,,,,,,,,,,,,,,
parity_corr,,,,,,,,,,,,,,,,,,20.0,,,,,,,,,,,,,,,,,,,,,by_split_h,66758.0,0.9960724132901358,0.9970615632881938,0.0009673711213295757,0.03947509008477679,0.039486645866994914,train,,,,,,,,,,,,,,,,,,,,,,,,,,
parity_corr,,,,,,,,,,,,,,,,,,5.0,,,,,,,,,,,,,,,,,,,,,by_split_h,16258.0,0.9997522651031102,0.9996568620245733,0.00028313268935508534,0.01478334073222907,0.014785597211022057,val,,,,,,,,,,,,,,,,,,,,,,,,,,
parity_corr,,,,,,,,,,,,,,,,,,10.0,,,,,,,,,,,,,,,,,,,,,by_split_h,16247.0,0.9998661683179579,0.9998825873904302,0.0002925183534586715,0.010005339356248167,0.010009306722438716,val,,,,,,,,,,,,,,,,,,,,,,,,,,
parity_corr,,,,,,,,,,,,,,,,,,20.0,,,,,,,,,,,,,,,,,,,,,by_split_h,16216.0,0.9999588783669588,0.999951788996907,0.0001566561256083487,0.005343364328759329,0.005345495560715333,val,,,,,,,,,,,,,,,,,,,,,,,,,,
parity_corr,,,,,,,,,,,,,,,,,,5.0,,,,,,,,,,,,,,,,,,,,,by_split_h,31524.0,0.9999657345576483,0.9999753706641245,8.592486439309342e-05,0.004489135073830201,0.00448988613706965,test,,,,,,,,,,,,,,,,,,,,,,,,,,
parity_corr,,,,,,,,,,,,,,,,,,10.0,,,,,,,,,,,,,,,,,,,,,by_split_h,31417.0,0.9999620562597504,0.9999506960223078,8.548832335306644e-05,0.0040690418183196376,0.0040698750056688115,test,,,,,,,,,,,,,,,,,,,,,,,,,,
parity_corr,,,,,,,,,,,,,,,,,,20.0,,,,,,,,,,,,,,,,,,,,,by_split_h,31157.0,0.9999682087309738,0.9999488974544123,7.380276324904157e-05,0.003308415333941901,0.0033091853324733133,test,,,,,,,,,,,,,,,,,,,,,,,,,,
parity_corr,,,,,,,,,,,,,,,,,,,,,,,,,,,,,,,,,,,,,,2010.0,by_year,15928.0,0.9948861381583505,0.995156356987743,-0.0006106197627340074,0.05334213464083589,0.05334395508580307,,,,,,,,,,,,,,,,,,,,,,,,,,,
parity_corr,,,,,,,,,,,,,,,,,,,,,,,,,,,,,,,,,,,,,,2011.0,by_year,18304.0,0.9957750556392435,0.9974813533880895,0.0005252182644407055,0.051047368257139236,0.05104867575200355,,,,,,,,,,,,,,,,,,,,,,,,,,,
parity_corr,,,,,,,,,,,,,,,,,,,,,,,,,,,,,,,,,,,,,,2012.0,by_year,18783.0,0.99529781050119,0.994374146046486,-0.0006736788855756839,0.047616853903275864,0.047620351796490025,,,,,,,,,,,,,,,,,,,,,,,,,,,
parity_corr,,,,,,,,,,,,,,,,,,,,,,,,,,,,,,,,,,,,,,2013.0,by_year,18976.0,0.9960569560531122,0.9957276091872304,0.0015947625176104864,0.039464823711112276,0.0394959934947211,,,,,,,,,,,,,,,,,,,,,,,,,,,
parity_corr,,,,,,,,,,,,,,,,,,,,,,,,,,,,,,,,,,,,,,2014.0,by_year,19455.0,0.9954167637241349,0.9945908210441732,0.00046235953204260607,0.04346767213648024,0.04346901400881892,,,,,,,,,,,,,,,,,,,,,,,,,,,
parity_corr,,,,,,,,,,,,,,,,,,,,,,,,,,,,,,,,,,,,,,2015.0,by_year,20829.0,0.9936168493530397,0.9951416331099302,0.0009378552961051682,0.05201230055877326,0.05201950693293639,,,,,,,,,,,,,,,,,,,,,,,,,,,
parity_corr,,,,,,,,,,,,,,,,,,,,,,,,,,,,,,,,,,,,,,2016.0,by_year,21730.0,0.9957365742815554,0.9974146172004578,0.0012976246690097769,0.049608888043191496,0.04962471508406545,,,,,,,,,,,,,,,,,,,,,,,,,,,
parity_corr,,,,,,,,,,,,,,,,,,,,,,,,,,,,,,,,,,,,,,2017.0,by_year,21753.0,0.9984030569387379,0.9992296112122858,0.0008824627732430544,0.02713220989660907,0.02714593363281742,,,,,,,,,,,,,,,,,,,,,,,,,,,
parity_corr,,,,,,,,,,,,,,,,,,,,,,,,,,,,,,,,,,,,,,2018.0,by_year,22304.0,0.9982029345513592,0.9980938149702542,0.0009490204172371817,0.027856176984817908,0.027871714075275753,,,,,,,,,,,,,,,,,,,,,,,,,,,
parity_corr,,,,,,,,,,,,,,,,,,,,,,,,,,,,,,,,,,,,,,2019.0,by_year,22358.0,0.9981973288011975,0.9975832510031954,0.0012619488010359465,0.02721914260496851,0.027247772417517174,,,,,,,,,,,,,,,,,,,,,,,,,,,
parity_corr,,,,,,,,,,,,,,,,,,,,,,,,,,,,,,,,,,,,,,2020.0,by_year,25048.0,0.999741529918454,0.9997268746979515,0.0004399598213052562,0.014783993541686007,0.014790243533495732,,,,,,,,,,,,,,,,,,,,,,,,,,,
parity_corr,,,,,,,,,,,,,,,,,,,,,,,,,,,,,,,,,,,,,,2021.0,by_year,23673.0,0.9999833966577159,0.999990605414653,3.700160862539345e-05,0.0026480832163427097,0.0026482857894740796,,,,,,,,,,,,,,,,,,,,,,,,,,,
parity_corr,,,,,,,,,,,,,,,,,,,,,,,,,,,,,,,,,,,,,,2022.0,by_year,22858.0,0.9999717854006174,0.9999578829970106,0.00011659849687540428,0.0033507148305787727,0.003352669669057951,,,,,,,,,,,,,,,,,,,,,,,,,,,
parity_corr,,,,,,,,,,,,,,,,,,,,,,,,,,,,,,,,,,,,,,2023.0,by_year,23386.0,0.9999439966317231,0.9999907455919809,5.5757655642238026e-05,0.004687716010195975,0.004687947382093528,,,,,,,,,,,,,,,,,,,,,,,,,,,
parity_corr,,,,,,,,,,,,,,,,,,,,,,,,,,,,,,,,,,,,,,2024.0,by_year,23709.0,0.9999509058094104,0.9999209036362995,4.073668868851314e-05,0.004576985112634049,0.004577069872670828,,,,,,,,,,,,,,,,,,,,,,,,,,,
parity_corr,,,,,,,,,,,,,,,,,,,,,,,,,,,,,,,,,,,,,,2025.0,by_year,24145.0,0.9999795072994655,0.9999665819103861,0.00011426679005666703,0.0030809524542635813,0.00308300693946209,,,,,,,,,,,,,,,,,,,,,,,,,,,
parity_corr,,,,,,,,,,,,,,,,,,5.0,,,,,,,,,,,,,,,,,,,,2010.0,by_split_h_year,5310.0,0.9929712147010488,0.9933316527244355,-0.0007285653279896508,0.06888038243081972,0.0688777495791944,train,,,,,,,,,,,,,,,,,,,,,,,,,,
parity_corr,,,,,,,,,,,,,,,,,,5.0,,,,,,,,,,,,,,,,,,,,2011.0,by_split_h_year,6103.0,0.9965204124531247,0.9972859696078819,-0.00018652487458888003,0.050501246216391855,0.050497453124407926,train,,,,,,,,,,,,,,,,,,,,,,,,,,
parity_corr,,,,,,,,,,,,,,,,,,5.0,,,,,,,,,,,,,,,,,,,,2012.0,by_split_h_year,6264.0,0.9941386087535018,0.9929852831029005,-0.0005364758313552122,0.06022253906849993,0.06022012150788415,train,,,,,,,,,,,,,,,,,,,,,,,,,,
parity_corr,,,,,,,,,,,,,,,,,,5.0,,,,,,,,,,,,,,,,,,,,2013.0,by_split_h_year,6329.0,0.9964027633249474,0.9971164956228161,0.001672260363005696,0.0439365183837549,0.04396486200284462,train,,,,,,,,,,,,,,,,,,,,,,,,,,
parity_corr,,,,,,,,,,,,,,,,,,5.0,,,,,,,,,,,,,,,,,,,,2014.0,by_split_h_year,6489.0,0.9948849047960504,0.9940687056322062,0.00035043465881213695,0.05275425638517453,0.0527513553359327,train,,,,,,,,,,,,,,,,,,,,,,,,,,
parity_corr,,,,,,,,,,,,,,,,,,5.0,,,,,,,,,,,,,,,,,,,,2015.0,by_split_h_year,6946.0,0.9938053562948346,0.9949290449287657,0.0004470440871627739,0.05812647627181491,0.0581240111330004,train,,,,,,,,,,,,,,,,,,,,,,,,,,
parity_corr,,,,,,,,,,,,,,,,,,5.0,,,,,,,,,,,,,,,,,,,,2016.0,by_split_h_year,7250.0,0.998262567110568,0.9985403172801061,0.00013176627797806175,0.035611405499992387,0.03560919324743569,train,,,,,,,,,,,,,,,,,,,,,,,,,,
parity_corr,,,,,,,,,,,,,,,,,,5.0,,,,,,,,,,,,,,,,,,,,2017.0,by_split_h_year,7255.0,0.9987298430979681,0.9994879307718704,0.0008631375356629452,0.028056906618695684,0.028068247403661106,train,,,,,,,,,,,,,,,,,,,,,,,,,,
parity_corr,,,,,,,,,,,,,,,,,,5.0,,,,,,,,,,,,,,,,,,,,2018.0,by_split_h_year,7443.0,0.9982552092469966,0.9983564614598912,0.0010200079975690496,0.031668344648927975,0.03168264078649616,train,,,,,,,,,,,,,,,,,,,,,,,,,,
parity_corr,,,,,,,,,,,,,,,,,,5.0,,,,,,,,,,,,,,,,,,,,2019.0,by_split_h_year,7458.0,0.9984658803026073,0.9978799069821463,0.0012158821405537604,0.028976414793702023,0.028999972451795735,train,,,,,,,,,,,,,,,,,,,,,,,,,,
parity_corr,,,,,,,,,,,,,,,,,,5.0,,,,,,,,,,,,,,,,,,,,2020.0,by_split_h_year,0.0,,,,,,train,,,,,,,,,,,,,,,,,,,,,,,,,,
parity_corr,,,,,,,,,,,,,,,,,,5.0,,,,,,,,,,,,,,,,,,,,2021.0,by_split_h_year,0.0,,,,,,train,,,,,,,,,,,,,,,,,,,,,,,,,,
parity_corr,,,,,,,,,,,,,,,,,,5.0,,,,,,,,,,,,,,,,,,,,2022.0,by_split_h_year,0.0,,,,,,train,,,,,,,,,,,,,,,,,,,,,,,,,,
parity_corr,,,,,,,,,,,,,,,,,,5.0,,,,,,,,,,,,,,,,,,,,2023.0,by_split_h_year,0.0,,,,,,train,,,,,,,,,,,,,,,,,,,,,,,,,,
parity_corr,,,,,,,,,,,,,,,,,,5.0,,,,,,,,,,,,,,,,,,,,2024.0,by_split_h_year,0.0,,,,,,train,,,,,,,,,,,,,,,,,,,,,,,,,,
parity_corr,,,,,,,,,,,,,,,,,,5.0,,,,,,,,,,,,,,,,,,,,2025.0,by_split_h_year,0.0,,,,,,train,,,,,,,,,,,,,,,,,,,,,,,,,,
parity_corr,,,,,,,,,,,,,,,,,,10.0,,,,,,,,,,,,,,,,,,,,2010.0,by_split_h_year,5309.0,0.9952853115854909,0.9952043337084857,-0.0006999701347169862,0.05006938852447324,0.050069565796249334,train,,,,,,,,,,,,,,,,,,,,,,,,,,
parity_corr,,,,,,,,,,,,,,,,,,10.0,,,,,,,,,,,,,,,,,,,,2011.0,by_split_h_year,6102.0,0.9956345533877915,0.9975697678529389,0.0005483484534998116,0.05139898739303664,0.05139770074501945,train,,,,,,,,,,,,,,,,,,,,,,,,,,
parity_corr,,,,,,,,,,,,,,,,,,10.0,,,,,,,,,,,,,,,,,,,,2012.0,by_split_h_year,6260.0,0.9956215484235666,0.9946345003878201,-0.0009189284382074326,0.04416470093528118,0.04417073299577052,train,,,,,,,,,,,,,,,,,,,,,,,,,,
parity_corr,,,,,,,,,,,,,,,,,,10.0,,,,,,,,,,,,,,,,,,,,2013.0,by_split_h_year,6325.0,0.9954251669302361,0.9946347817614324,0.0016897309561440393,0.040820279747681244,0.04085201321227105,train,,,,,,,,,,,,,,,,,,,,,,,,,,
parity_corr,,,,,,,,,,,,,,,,,,10.0,,,,,,,,,,,,,,,,,,,,2014.0,by_split_h_year,6485.0,0.995286120251462,0.9943297633825567,0.0005697301452006002,0.042375960204258066,0.042376522884004585,train,,,,,,,,,,,,,,,,,,,,,,,,,,
parity_corr,,,,,,,,,,,,,,,,,,10.0,,,,,,,,,,,,,,,,,,,,2015.0,by_split_h_year,6944.0,0.9950207069531256,0.9952544184892074,0.0007669914906183726,0.04407298053051883,0.04407648081813433,train,,,,,,,,,,,,,,,,,,,,,,,,,,
parity_corr,,,,,,,,,,,,,,,,,,10.0,,,,,,,,,,,,,,,,,,,,2016.0,by_split_h_year,7246.0,0.9957156844312179,0.9972369711509451,0.0013816948089658933,0.04875842239013561,0.048774632120611214,train,,,,,,,,,,,,,,,,,,,,,,,,,,
parity_corr,,,,,,,,,,,,,,,,,,10.0,,,,,,,,,,,,,,,,,,,,2017.0,by_split_h_year,7254.0,0.9981389080832935,0.9990290475321046,0.0008973916389511137,0.028247919874944082,0.028260224491832683,train,,,,,,,,,,,,,,,,,,,,,,,,,,
parity_corr,,,,,,,,,,,,,,,,,,10.0,,,,,,,,,,,,,,,,,,,,2018.0,by_split_h_year,7437.0,0.9980483351782163,0.9977939851728942,0.0009156261126542901,0.02798281989612574,0.027995915612649337,train,,,,,,,,,,,,,,,,,,,,,,,,,,
parity_corr,,,,,,,,,,,,,,,,,,10.0,,,,,,,,,,,,,,,,,,,,2019.0,by_split_h_year,7453.0,0.9980475956550517,0.9973392469354289,0.0013192159918036213,0.027504662707857664,0.02753443839789145,train,,,,,,,,,,,,,,,,,,,,,,,,,,
parity_corr,,,,,,,,,,,,,,,,,,10.0,,,,,,,,,,,,,,,,,,,,2020.0,by_split_h_year,0.0,,,,,,train,,,,,,,,,,,,,,,,,,,,,,,,,,
parity_corr,,,,,,,,,,,,,,,,,,10.0,,,,,,,,,,,,,,,,,,,,2021.0,by_split_h_year,0.0,,,,,,train,,,,,,,,,,,,,,,,,,,,,,,,,,
parity_corr,,,,,,,,,,,,,,,,,,10.0,,,,,,,,,,,,,,,,,,,,2022.0,by_split_h_year,0.0,,,,,,train,,,,,,,,,,,,,,,,,,,,,,,,,,
parity_corr,,,,,,,,,,,,,,,,,,10.0,,,,,,,,,,,,,,,,,,,,2023.0,by_split_h_year,0.0,,,,,,train,,,,,,,,,,,,,,,,,,,,,,,,,,
parity_corr,,,,,,,,,,,,,,,,,,10.0,,,,,,,,,,,,,,,,,,,,2024.0,by_split_h_year,0.0,,,,,,train,,,,,,,,,,,,,,,,,,,,,,,,,,
parity_corr,,,,,,,,,,,,,,,,,,10.0,,,,,,,,,,,,,,,,,,,,2025.0,by_split_h_year,0.0,,,,,,train,,,,,,,,,,,,,,,,,,,,,,,,,,
parity_corr,,,,,,,,,,,,,,,,,,20.0,,,,,,,,,,,,,,,,,,,,2010.0,by_split_h_year,5309.0,0.9971531361401004,0.9972859490766931,-0.0004033016093406946,0.035851759634364544,0.03585065150841064,train,,,,,,,,,,,,,,,,,,,,,,,,,,
parity_corr,,,,,,,,,,,,,,,,,,20.0,,,,,,,,,,,,,,,,,,,,2011.0,by_split_h_year,6099.0,0.9947869419109205,0.9974959227269501,0.0012142866303792026,0.051236320413860295,0.05124650814275904,train,,,,,,,,,,,,,,,,,,,,,,,,,,
parity_corr,,,,,,,,,,,,,,,,,,20.0,,,,,,,,,,,,,,,,,,,,2012.0,by_split_h_year,6259.0,0.996733978045028,0.9958693075402024,-0.0005657028082729658,0.034991681504416144,0.03499345894635272,train,,,,,,,,,,,,,,,,,,,,,,,,,,
parity_corr,,,,,,,,,,,,,,,,,,20.0,,,,,,,,,,,,,,,,,,,,2013.0,by_split_h_year,6322.0,0.9960538135577841,0.9945760447844852,0.0014221653589216207,0.03279767293991256,0.03282590066901158,train,,,,,,,,,,,,,,,,,,,,,,,,,,
parity_corr,,,,,,,,,,,,,,,,,,20.0,,,,,,,,,,,,,,,,,,,,2014.0,by_split_h_year,6481.0,0.9964573292043734,0.9954857230312391,0.0004669856817205761,0.03300145031242244,0.03300220831937486,train,,,,,,,,,,,,,,,,,,,,,,,,,,
parity_corr,,,,,,,,,,,,,,,,,,20.0,,,,,,,,,,,,,,,,,,,,2015.0,by_split_h_year,6939.0,0.9912580739418535,0.9950461490010523,0.001600148554876487,0.052864586113771005,0.052884990242421666,train,,,,,,,,,,,,,,,,,,,,,,,,,,
parity_corr,,,,,,,,,,,,,,,,,,20.0,,,,,,,,,,,,,,,,,,,,2016.0,by_split_h_year,7234.0,0.9915121165240386,0.9961106375516852,0.0023818520813484426,0.061143128601614326,0.06118528092039759,train,,,,,,,,,,,,,,,,,,,,,,,,,,
parity_corr,,,,,,,,,,,,,,,,,,20.0,,,,,,,,,,,,,,,,,,,,2017.0,by_split_h_year,7244.0,0.998086975405899,0.9990944535096581,0.0008868678818567249,0.024967484869906853,0.02498150878853554,train,,,,,,,,,,,,,,,,,,,,,,,,,,
parity_corr,,,,,,,,,,,,,,,,,,20.0,,,,,,,,,,,,,,,,,,,,2018.0,by_split_h_year,7424.0,0.9982771491396867,0.998058487581431,0.0009113039413175797,0.023271996031536995,0.023288265789704877,train,,,,,,,,,,,,,,,,,,,,,,,,,,
parity_corr,,,,,,,,,,,,,,,,,,20.0,,,,,,,,,,,,,,,,,,,,2019.0,by_split_h_year,7447.0,0.9978631645493932,0.9976125064415893,0.001250770176231954,0.02503080262673827,0.025060354602826993,train,,,,,,,,,,,,,,,,,,,,,,,,,,
parity_corr,,,,,,,,,,,,,,,,,,20.0,,,,,,,,,,,,,,,,,,,,2020.0,by_split_h_year,0.0,,,,,,train,,,,,,,,,,,,,,,,,,,,,,,,,,
parity_corr,,,,,,,,,,,,,,,,,,20.0,,,,,,,,,,,,,,,,,,,,2021.0,by_split_h_year,0.0,,,,,,train,,,,,,,,,,,,,,,,,,,,,,,,,,
parity_corr,,,,,,,,,,,,,,,,,,20.0,,,,,,,,,,,,,,,,,,,,2022.0,by_split_h_year,0.0,,,,,,train,,,,,,,,,,,,,,,,,,,,,,,,,,
parity_corr,,,,,,,,,,,,,,,,,,20.0,,,,,,,,,,,,,,,,,,,,2023.0,by_split_h_year,0.0,,,,,,train,,,,,,,,,,,,,,,,,,,,,,,,,,
parity_corr,,,,,,,,,,,,,,,,,,20.0,,,,,,,,,,,,,,,,,,,,2024.0,by_split_h_year,0.0,,,,,,train,,,,,,,,,,,,,,,,,,,,,,,,,,
parity_corr,,,,,,,,,,,,,,,,,,20.0,,,,,,,,,,,,,,,,,,,,2025.0,by_split_h_year,0.0,,,,,,train,,,,,,,,,,,,,,,,,,,,,,,,,,
parity_corr,,,,,,,,,,,,,,,,,,5.0,,,,,,,,,,,,,,,,,,,,2010.0,by_split_h_year,0.0,,,,,,val,,,,,,,,,,,,,,,,,,,,,,,,,,
parity_corr,,,,,,,,,,,,,,,,,,5.0,,,,,,,,,,,,,,,,,,,,2011.0,by_split_h_year,0.0,,,,,,val,,,,,,,,,,,,,,,,,,,,,,,,,,
parity_corr,,,,,,,,,,,,,,,,,,5.0,,,,,,,,,,,,,,,,,,,,2012.0,by_split_h_year,0.0,,,,,,val,,,,,,,,,,,,,,,,,,,,,,,,,,
parity_corr,,,,,,,,,,,,,,,,,,5.0,,,,,,,,,,,,,,,,,,,,2013.0,by_split_h_year,0.0,,,,,,val,,,,,,,,,,,,,,,,,,,,,,,,,,
parity_corr,,,,,,,,,,,,,,,,,,5.0,,,,,,,,,,,,,,,,,,,,2014.0,by_split_h_year,0.0,,,,,,val,,,,,,,,,,,,,,,,,,,,,,,,,,
parity_corr,,,,,,,,,,,,,,,,,,5.0,,,,,,,,,,,,,,,,,,,,2015.0,by_split_h_year,0.0,,,,,,val,,,,,,,,,,,,,,,,,,,,,,,,,,
parity_corr,,,,,,,,,,,,,,,,,,5.0,,,,,,,,,,,,,,,,,,,,2016.0,by_split_h_year,0.0,,,,,,val,,,,,,,,,,,,,,,,,,,,,,,,,,
parity_corr,,,,,,,,,,,,,,,,,,5.0,,,,,,,,,,,,,,,,,,,,2017.0,by_split_h_year,0.0,,,,,,val,,,,,,,,,,,,,,,,,,,,,,,,,,
parity_corr,,,,,,,,,,,,,,,,,,5.0,,,,,,,,,,,,,,,,,,,,2018.0,by_split_h_year,0.0,,,,,,val,,,,,,,,,,,,,,,,,,,,,,,,,,
parity_corr,,,,,,,,,,,,,,,,,,5.0,,,,,,,,,,,,,,,,,,,,2019.0,by_split_h_year,0.0,,,,,,val,,,,,,,,,,,,,,,,,,,,,,,,,,
parity_corr,,,,,,,,,,,,,,,,,,5.0,,,,,,,,,,,,,,,,,,,,2020.0,by_split_h_year,8360.0,0.9995572970037764,0.9995294783732367,0.0005065021216323124,0.020490215674802924,0.02049524973339621,val,,,,,,,,,,,,,,,,,,,,,,,,,,
parity_corr,,,,,,,,,,,,,,,,,,5.0,,,,,,,,,,,,,,,,,,,,2021.0,by_split_h_year,7898.0,0.9999902504026048,0.9999932764727577,4.6697078588104025e-05,0.002321105511966028,0.0023214282836673344,val,,,,,,,,,,,,,,,,,,,,,,,,,,
parity_corr,,,,,,,,,,,,,,,,,,5.0,,,,,,,,,,,,,,,,,,,,2022.0,by_split_h_year,0.0,,,,,,val,,,,,,,,,,,,,,,,,,,,,,,,,,
parity_corr,,,,,,,,,,,,,,,,,,5.0,,,,,,,,,,,,,,,,,,,,2023.0,by_split_h_year,0.0,,,,,,val,,,,,,,,,,,,,,,,,,,,,,,,,,
parity_corr,,,,,,,,,,,,,,,,,,5.0,,,,,,,,,,,,,,,,,,,,2024.0,by_split_h_year,0.0,,,,,,val,,,,,,,,,,,,,,,,,,,,,,,,,,
parity_corr,,,,,,,,,,,,,,,,,,5.0,,,,,,,,,,,,,,,,,,,,2025.0,by_split_h_year,0.0,,,,,,val,,,,,,,,,,,,,,,,,,,,,,,,,,
parity_corr,,,,,,,,,,,,,,,,,,10.0,,,,,,,,,,,,,,,,,,,,2010.0,by_split_h_year,0.0,,,,,,val,,,,,,,,,,,,,,,,,,,,,,,,,,
parity_corr,,,,,,,,,,,,,,,,,,10.0,,,,,,,,,,,,,,,,,,,,2011.0,by_split_h_year,0.0,,,,,,val,,,,,,,,,,,,,,,,,,,,,,,,,,
parity_corr,,,,,,,,,,,,,,,,,,10.0,,,,,,,,,,,,,,,,,,,,2012.0,by_split_h_year,0.0,,,,,,val,,,,,,,,,,,,,,,,,,,,,,,,,,
parity_corr,,,,,,,,,,,,,,,,,,10.0,,,,,,,,,,,,,,,,,,,,2013.0,by_split_h_year,0.0,,,,,,val,,,,,,,,,,,,,,,,,,,,,,,,,,
parity_corr,,,,,,,,,,,,,,,,,,10.0,,,,,,,,,,,,,,,,,,,,2014.0,by_split_h_year,0.0,,,,,,val,,,,,,,,,,,,,,,,,,,,,,,,,,
parity_corr,,,,,,,,,,,,,,,,,,10.0,,,,,,,,,,,,,,,,,,,,2015.0,by_split_h_year,0.0,,,,,,val,,,,,,,,,,,,,,,,,,,,,,,,,,
parity_corr,,,,,,,,,,,,,,,,,,10.0,,,,,,,,,,,,,,,,,,,,2016.0,by_split_h_year,0.0,,,,,,val,,,,,,,,,,,,,,,,,,,,,,,,,,
parity_corr,,,,,,,,,,,,,,,,,,10.0,,,,,,,,,,,,,,,,,,,,2017.0,by_split_h_year,0.0,,,,,,val,,,,,,,,,,,,,,,,,,,,,,,,,,
parity_corr,,,,,,,,,,,,,,,,,,10.0,,,,,,,,,,,,,,,,,,,,2018.0,by_split_h_year,0.0,,,,,,val,,,,,,,,,,,,,,,,,,,,,,,,,,
parity_corr,,,,,,,,,,,,,,,,,,10.0,,,,,,,,,,,,,,,,,,,,2019.0,by_split_h_year,0.0,,,,,,val,,,,,,,,,,,,,,,,,,,,,,,,,,
parity_corr,,,,,,,,,,,,,,,,,,10.0,,,,,,,,,,,,,,,,,,,,2020.0,by_split_h_year,8354.0,0.9997681919796311,0.9997351600387596,0.0005092235832726557,0.013775290991400227,0.013783875937157622,val,,,,,,,,,,,,,,,,,,,,,,,,,,
parity_corr,,,,,,,,,,,,,,,,,,10.0,,,,,,,,,,,,,,,,,,,,2021.0,by_split_h_year,7893.0,0.9999869452020707,0.9999926716299751,6.315619840152918e-05,0.0022646115770193946,0.0022653486600477447,val,,,,,,,,,,,,,,,,,,,,,,,,,,
parity_corr,,,,,,,,,,,,,,,,,,10.0,,,,,,,,,,,,,,,,,,,,2022.0,by_split_h_year,0.0,,,,,,val,,,,,,,,,,,,,,,,,,,,,,,,,,
parity_corr,,,,,,,,,,,,,,,,,,10.0,,,,,,,,,,,,,,,,,,,,2023.0,by_split_h_year,0.0,,,,,,val,,,,,,,,,,,,,,,,,,,,,,,,,,
parity_corr,,,,,,,,,,,,,,,,,,10.0,,,,,,,,,,,,,,,,,,,,2024.0,by_split_h_year,0.0,,,,,,val,,,,,,,,,,,,,,,,,,,,,,,,,,
parity_corr,,,,,,,,,,,,,,,,,,10.0,,,,,,,,,,,,,,,,,,,,2025.0,by_split_h_year,0.0,,,,,,val,,,,,,,,,,,,,,,,,,,,,,,,,,
parity_corr,,,,,,,,,,,,,,,,,,20.0,,,,,,,,,,,,,,,,,,,,2010.0,by_split_h_year,0.0,,,,,,val,,,,,,,,,,,,,,,,,,,,,,,,,,
parity_corr,,,,,,,,,,,,,,,,,,20.0,,,,,,,,,,,,,,,,,,,,2011.0,by_split_h_year,0.0,,,,,,val,,,,,,,,,,,,,,,,,,,,,,,,,,
parity_corr,,,,,,,,,,,,,,,,,,20.0,,,,,,,,,,,,,,,,,,,,2012.0,by_split_h_year,0.0,,,,,,val,,,,,,,,,,,,,,,,,,,,,,,,,,
parity_corr,,,,,,,,,,,,,,,,,,20.0,,,,,,,,,,,,,,,,,,,,2013.0,by_split_h_year,0.0,,,,,,val,,,,,,,,,,,,,,,,,,,,,,,,,,
parity_corr,,,,,,,,,,,,,,,,,,20.0,,,,,,,,,,,,,,,,,,,,2014.0,by_split_h_year,0.0,,,,,,val,,,,,,,,,,,,,,,,,,,,,,,,,,
parity_corr,,,,,,,,,,,,,,,,,,20.0,,,,,,,,,,,,,,,,,,,,2015.0,by_split_h_year,0.0,,,,,,val,,,,,,,,,,,,,,,,,,,,,,,,,,
parity_corr,,,,,,,,,,,,,,,,,,20.0,,,,,,,,,,,,,,,,,,,,2016.0,by_split_h_year,0.0,,,,,,val,,,,,,,,,,,,,,,,,,,,,,,,,,
parity_corr,,,,,,,,,,,,,,,,,,20.0,,,,,,,,,,,,,,,,,,,,2017.0,by_split_h_year,0.0,,,,,,val,,,,,,,,,,,,,,,,,,,,,,,,,,
parity_corr,,,,,,,,,,,,,,,,,,20.0,,,,,,,,,,,,,,,,,,,,2018.0,by_split_h_year,0.0,,,,,,val,,,,,,,,,,,,,,,,,,,,,,,,,,
parity_corr,,,,,,,,,,,,,,,,,,20.0,,,,,,,,,,,,,,,,,,,,2019.0,by_split_h_year,0.0,,,,,,val,,,,,,,,,,,,,,,,,,,,,,,,,,
parity_corr,,,,,,,,,,,,,,,,,,20.0,,,,,,,,,,,,,,,,,,,,2020.0,by_split_h_year,8334.0,0.9999393100655369,0.9999137812231933,0.0003037799439102663,0.006749636213115346,0.006756064297381794,val,,,,,,,,,,,,,,,,,,,,,,,,,,
parity_corr,,,,,,,,,,,,,,,,,,20.0,,,,,,,,,,,,,,,,,,,,2021.0,by_split_h_year,7882.0,0.9999665132606509,0.9999863023613791,1.0953666984044362e-06,0.003244484048130891,0.0032442784104773446,val,,,,,,,,,,,,,,,,,,,,,,,,,,
parity_corr,,,,,,,,,,,,,,,,,,20.0,,,,,,,,,,,,,,,,,,,,2022.0,by_split_h_year,0.0,,,,,,val,,,,,,,,,,,,,,,,,,,,,,,,,,
parity_corr,,,,,,,,,,,,,,,,,,20.0,,,,,,,,,,,,,,,,,,,,2023.0,by_split_h_year,0.0,,,,,,val,,,,,,,,,,,,,,,,,,,,,,,,,,
parity_corr,,,,,,,,,,,,,,,,,,20.0,,,,,,,,,,,,,,,,,,,,2024.0,by_split_h_year,0.0,,,,,,val,,,,,,,,,,,,,,,,,,,,,,,,,,
parity_corr,,,,,,,,,,,,,,,,,,20.0,,,,,,,,,,,,,,,,,,,,2025.0,by_split_h_year,0.0,,,,,,val,,,,,,,,,,,,,,,,,,,,,,,,,,
parity_corr,,,,,,,,,,,,,,,,,,5.0,,,,,,,,,,,,,,,,,,,,2010.0,by_split_h_year,0.0,,,,,,test,,,,,,,,,,,,,,,,,,,,,,,,,,
parity_corr,,,,,,,,,,,,,,,,,,5.0,,,,,,,,,,,,,,,,,,,,2011.0,by_split_h_year,0.0,,,,,,test,,,,,,,,,,,,,,,,,,,,,,,,,,
parity_corr,,,,,,,,,,,,,,,,,,5.0,,,,,,,,,,,,,,,,,,,,2012.0,by_split_h_year,0.0,,,,,,test,,,,,,,,,,,,,,,,,,,,,,,,,,
parity_corr,,,,,,,,,,,,,,,,,,5.0,,,,,,,,,,,,,,,,,,,,2013.0,by_split_h_year,0.0,,,,,,test,,,,,,,,,,,,,,,,,,,,,,,,,,
parity_corr,,,,,,,,,,,,,,,,,,5.0,,,,,,,,,,,,,,,,,,,,2014.0,by_split_h_year,0.0,,,,,,test,,,,,,,,,,,,,,,,,,,,,,,,,,
parity_corr,,,,,,,,,,,,,,,,,,5.0,,,,,,,,,,,,,,,,,,,,2015.0,by_split_h_year,0.0,,,,,,test,,,,,,,,,,,,,,,,,,,,,,,,,,
parity_corr,,,,,,,,,,,,,,,,,,5.0,,,,,,,,,,,,,,,,,,,,2016.0,by_split_h_year,0.0,,,,,,test,,,,,,,,,,,,,,,,,,,,,,,,,,
parity_corr,,,,,,,,,,,,,,,,,,5.0,,,,,,,,,,,,,,,,,,,,2017.0,by_split_h_year,0.0,,,,,,test,,,,,,,,,,,,,,,,,,,,,,,,,,
parity_corr,,,,,,,,,,,,,,,,,,5.0,,,,,,,,,,,,,,,,,,,,2018.0,by_split_h_year,0.0,,,,,,test,,,,,,,,,,,,,,,,,,,,,,,,,,
parity_corr,,,,,,,,,,,,,,,,,,5.0,,,,,,,,,,,,,,,,,,,,2019.0,by_split_h_year,0.0,,,,,,test,,,,,,,,,,,,,,,,,,,,,,,,,,
parity_corr,,,,,,,,,,,,,,,,,,5.0,,,,,,,,,,,,,,,,,,,,2020.0,by_split_h_year,0.0,,,,,,test,,,,,,,,,,,,,,,,,,,,,,,,,,
parity_corr,,,,,,,,,,,,,,,,,,5.0,,,,,,,,,,,,,,,,,,,,2021.0,by_split_h_year,0.0,,,,,,test,,,,,,,,,,,,,,,,,,,,,,,,,,
parity_corr,,,,,,,,,,,,,,,,,,5.0,,,,,,,,,,,,,,,,,,,,2022.0,by_split_h_year,7621.0,0.9999790684553924,0.9999691858929115,0.00010632037284710914,0.0032618455706986634,0.0032633639782016174,test,,,,,,,,,,,,,,,,,,,,,,,,,,
parity_corr,,,,,,,,,,,,,,,,,,5.0,,,,,,,,,,,,,,,,,,,,2023.0,by_split_h_year,7799.0,0.9999030313047717,0.9999802854183997,4.851097488087712e-06,0.007114026807251408,0.007113572360900552,test,,,,,,,,,,,,,,,,,,,,,,,,,,
parity_corr,,,,,,,,,,,,,,,,,,5.0,,,,,,,,,,,,,,,,,,,,2024.0,by_split_h_year,7907.0,0.9999993355197457,0.9999990892054,8.239501969872942e-05,0.0006125624978811365,0.0006180406922739144,test,,,,,,,,,,,,,,,,,,,,,,,,,,
parity_corr,,,,,,,,,,,,,,,,,,5.0,,,,,,,,,,,,,,,,,,,,2025.0,by_split_h_year,8197.0,0.999967930285053,0.9999454742720519,0.00014750478633556284,0.004369520617258478,0.004371743228411394,test,,,,,,,,,,,,,,,,,,,,,,,,,,
parity_corr,,,,,,,,,,,,,,,,,,10.0,,,,,,,,,,,,,,,,,,,,2010.0,by_split_h_year,0.0,,,,,,test,,,,,,,,,,,,,,,,,,,,,,,,,,
parity_corr,,,,,,,,,,,,,,,,,,10.0,,,,,,,,,,,,,,,,,,,,2011.0,by_split_h_year,0.0,,,,,,test,,,,,,,,,,,,,,,,,,,,,,,,,,
parity_corr,,,,,,,,,,,,,,,,,,10.0,,,,,,,,,,,,,,,,,,,,2012.0,by_split_h_year,0.0,,,,,,test,,,,,,,,,,,,,,,,,,,,,,,,,,
parity_corr,,,,,,,,,,,,,,,,,,10.0,,,,,,,,,,,,,,,,,,,,2013.0,by_split_h_year,0.0,,,,,,test,,,,,,,,,,,,,,,,,,,,,,,,,,
parity_corr,,,,,,,,,,,,,,,,,,10.0,,,,,,,,,,,,,,,,,,,,2014.0,by_split_h_year,0.0,,,,,,test,,,,,,,,,,,,,,,,,,,,,,,,,,
parity_corr,,,,,,,,,,,,,,,,,,10.0,,,,,,,,,,,,,,,,,,,,2015.0,by_split_h_year,0.0,,,,,,test,,,,,,,,,,,,,,,,,,,,,,,,,,
parity_corr,,,,,,,,,,,,,,,,,,10.0,,,,,,,,,,,,,,,,,,,,2016.0,by_split_h_year,0.0,,,,,,test,,,,,,,,,,,,,,,,,,,,,,,,,,
parity_corr,,,,,,,,,,,,,,,,,,10.0,,,,,,,,,,,,,,,,,,,,2017.0,by_split_h_year,0.0,,,,,,test,,,,,,,,,,,,,,,,,,,,,,,,,,
parity_corr,,,,,,,,,,,,,,,,,,10.0,,,,,,,,,,,,,,,,,,,,2018.0,by_split_h_year,0.0,,,,,,test,,,,,,,,,,,,,,,,,,,,,,,,,,
parity_corr,,,,,,,,,,,,,,,,,,10.0,,,,,,,,,,,,,,,,,,,,2019.0,by_split_h_year,0.0,,,,,,test,,,,,,,,,,,,,,,,,,,,,,,,,,
parity_corr,,,,,,,,,,,,,,,,,,10.0,,,,,,,,,,,,,,,,,,,,2020.0,by_split_h_year,0.0,,,,,,test,,,,,,,,,,,,,,,,,,,,,,,,,,
parity_corr,,,,,,,,,,,,,,,,,,10.0,,,,,,,,,,,,,,,,,,,,2021.0,by_split_h_year,0.0,,,,,,test,,,,,,,,,,,,,,,,,,,,,,,,,,
parity_corr,,,,,,,,,,,,,,,,,,10.0,,,,,,,,,,,,,,,,,,,,2022.0,by_split_h_year,7620.0,0.9999666238543381,0.9999521663604054,0.00014907130779479526,0.0036096951153497085,0.0036125352759677474,test,,,,,,,,,,,,,,,,,,,,,,,,,,
parity_corr,,,,,,,,,,,,,,,,,,10.0,,,,,,,,,,,,,,,,,,,,2023.0,by_split_h_year,7795.0,0.9999693666490854,0.9999943731944808,7.887919204353173e-05,0.003328194169246094,0.003328915338645036,test,,,,,,,,,,,,,,,,,,,,,,,,,,
parity_corr,,,,,,,,,,,,,,,,,,10.0,,,,,,,,,,,,,,,,,,,,2024.0,by_split_h_year,7905.0,0.999904086890099,0.9998706635480837,9.585233102470518e-06,0.00621702586361409,0.006216640006992089,test,,,,,,,,,,,,,,,,,,,,,,,,,,
parity_corr,,,,,,,,,,,,,,,,,,10.0,,,,,,,,,,,,,,,,,,,,2025.0,by_split_h_year,8097.0,0.999991772773871,0.9999894099266333,0.00010611692228388148,0.0018916107638747984,0.001894468307340981,test,,,,,,,,,,,,,,,,,,,,,,,,,,
parity_corr,,,,,,,,,,,,,,,,,,20.0,,,,,,,,,,,,,,,,,,,,2010.0,by_split_h_year,0.0,,,,,,test,,,,,,,,,,,,,,,,,,,,,,,,,,
parity_corr,,,,,,,,,,,,,,,,,,20.0,,,,,,,,,,,,,,,,,,,,2011.0,by_split_h_year,0.0,,,,,,test,,,,,,,,,,,,,,,,,,,,,,,,,,
parity_corr,,,,,,,,,,,,,,,,,,20.0,,,,,,,,,,,,,,,,,,,,2012.0,by_split_h_year,0.0,,,,,,test,,,,,,,,,,,,,,,,,,,,,,,,,,
parity_corr,,,,,,,,,,,,,,,,,,20.0,,,,,,,,,,,,,,,,,,,,2013.0,by_split_h_year,0.0,,,,,,test,,,,,,,,,,,,,,,,,,,,,,,,,,
parity_corr,,,,,,,,,,,,,,,,,,20.0,,,,,,,,,,,,,,,,,,,,2014.0,by_split_h_year,0.0,,,,,,test,,,,,,,,,,,,,,,,,,,,,,,,,,
parity_corr,,,,,,,,,,,,,,,,,,20.0,,,,,,,,,,,,,,,,,,,,2015.0,by_split_h_year,0.0,,,,,,test,,,,,,,,,,,,,,,,,,,,,,,,,,
parity_corr,,,,,,,,,,,,,,,,,,20.0,,,,,,,,,,,,,,,,,,,,2016.0,by_split_h_year,0.0,,,,,,test,,,,,,,,,,,,,,,,,,,,,,,,,,
parity_corr,,,,,,,,,,,,,,,,,,20.0,,,,,,,,,,,,,,,,,,,,2017.0,by_split_h_year,0.0,,,,,,test,,,,,,,,,,,,,,,,,,,,,,,,,,
parity_corr,,,,,,,,,,,,,,,,,,20.0,,,,,,,,,,,,,,,,,,,,2018.0,by_split_h_year,0.0,,,,,,test,,,,,,,,,,,,,,,,,,,,,,,,,,
parity_corr,,,,,,,,,,,,,,,,,,20.0,,,,,,,,,,,,,,,,,,,,2019.0,by_split_h_year,0.0,,,,,,test,,,,,,,,,,,,,,,,,,,,,,,,,,
parity_corr,,,,,,,,,,,,,,,,,,20.0,,,,,,,,,,,,,,,,,,,,2020.0,by_split_h_year,0.0,,,,,,test,,,,,,,,,,,,,,,,,,,,,,,,,,
parity_corr,,,,,,,,,,,,,,,,,,20.0,,,,,,,,,,,,,,,,,,,,2021.0,by_split_h_year,0.0,,,,,,test,,,,,,,,,,,,,,,,,,,,,,,,,,
parity_corr,,,,,,,,,,,,,,,,,,20.0,,,,,,,,,,,,,,,,,,,,2022.0,by_split_h_year,7617.0,0.9999657171882229,0.9999481725838517,9.439641784348592e-05,0.0031643684131770957,0.0031655684400460115,test,,,,,,,,,,,,,,,,,,,,,,,,,,
parity_corr,,,,,,,,,,,,,,,,,,20.0,,,,,,,,,,,,,,,,,,,,2023.0,by_split_h_year,7792.0,0.9999853505783709,0.999987702730686,8.357950764379525e-05,0.0020537762826327655,0.0020553445524169617,test,,,,,,,,,,,,,,,,,,,,,,,,,,
parity_corr,,,,,,,,,,,,,,,,,,20.0,,,,,,,,,,,,,,,,,,,,2024.0,by_split_h_year,7897.0,0.9999225226349002,0.9998704456896609,3.02086189290965e-05,0.0048816329872820785,0.004881417369824478,test,,,,,,,,,,,,,,,,,,,,,,,,,,
parity_corr,,,,,,,,,,,,,,,,,,20.0,,,,,,,,,,,,,,,,,,,,2025.0,by_split_h_year,7851.0,0.9999838134723713,0.9999726158230777,8.79692004321779e-05,0.0023597852899302336,0.00236127421344057,test,,,,,,,,,,,,,,,,,,,,,,,,,,
verdict_stand,,,,,,,,,,,,,,,,,long_form,5.0,,,,,,,,,,,,,,,,,,,,,,7951.0,,,,,,,F-STAND-A,A,B2_tfidf_ridge,809.0,0.1226067260656771,0.2085454815813793,8.099316797379867,2.032546423143402e-15,2.032546423143402e-14,True,,,,,,,,,,,,,,,,
verdict_stand,,,,,,,,,,,,,,,,,long_form,10.0,,,,,,,,,,,,,,,,,,,,,,7933.0,,,,,,,F-STAND-A,A,B2_tfidf_ridge,803.0,0.08926724489634956,0.1646409842346451,6.128278128518507,1.3918584581817668e-09,4.175575374545301e-09,True,,,,,,,,,,,,,,,,
verdict_stand,,,,,,,,,,,,,,,,,long_form,20.0,,,,,,,,,,,,,,,,,,,,,,7902.0,,,,,,,F-STAND-A,A,B2_tfidf_ridge,794.0,0.06459879310463382,0.12844595443876405,4.547453846343057,6.27817754525468e-06,6.27817754525468e-06,True,,,,,,,,,,,,,,,,
verdict_stand,,,,,,,,,,,,,,,,,long_form,5.0,,,,,,,,,,,,,,,,,,,,,,7951.0,,,,,,,F-STAND-A,A,C2_finbert_s1,809.0,0.1226067260656771,0.1676452316284028,6.51752389501387,1.2573828182595792e-10,6.681355283613561e-10,True,,,,,,,,,,,,,,,,
verdict_stand,,,,,,,,,,,,,,,,,long_form,10.0,,,,,,,,,,,,,,,,,,,,,,7933.0,,,,,,,F-STAND-A,A,C2_finbert_s1,803.0,0.08926724489634956,0.1647480672278104,6.520847066881501,1.2362467541646515e-10,6.681355283613561e-10,True,,,,,,,,,,,,,,,,
verdict_stand,,,,,,,,,,,,,,,,,long_form,20.0,,,,,,,,,,,,,,,,,,,,,,7902.0,,,,,,,F-STAND-A,A,C2_finbert_s1,794.0,0.06459879310463382,0.16628450180197393,6.107912393448064,1.5802570337765573e-09,4.175575374545301e-09,True,,,,,,,,,,,,,,,,
verdict_stand,,,,,,,,,,,,,,,,,long_form,5.0,,,,,,,,,,,,,,,,,,,,,,7951.0,,,,,,,F-STAND-A,A,C6_llmtext,809.0,0.1226067260656771,0.2072271361575837,8.519473741451524,7.791070638881104e-17,9.349284766657325e-16,True,,,,,,,,,,,,,,,,
verdict_stand,,,,,,,,,,,,,,,,,long_form,10.0,,,,,,,,,,,,,,,,,,,,,,7933.0,,,,,,,F-STAND-A,A,C6_llmtext,803.0,0.08926724489634956,0.1778223964200529,7.130785773889104,2.2297273325583165e-12,1.5608091327908216e-11,True,,,,,,,,,,,,,,,,
verdict_stand,,,,,,,,,,,,,,,,,long_form,20.0,,,,,,,,,,,,,,,,,,,,,,7902.0,,,,,,,F-STAND-A,A,C6_llmtext,794.0,0.06459879310463382,0.16009386502167042,6.538331401511882,1.1135592139355936e-10,6.681355283613561e-10,True,,,,,,,,,,,,,,,,
verdict_stand,,,,,,,,,,,,,,,,,event_driven,5.0,,,,,,,,,,,,,,,,,,,,,,25109.0,,,,,,,F-STAND-A,A,B2_tfidf_ridge,996.0,0.12354327609218659,0.25039096135891026,11.35527290200704,3.4805219994970526e-28,6.2649395990946945e-27,True,,,,,,,,,,,,,,,,
verdict_stand,,,,,,,,,,,,,,,,,event_driven,10.0,,,,,,,,,,,,,,,,,,,,,,25001.0,,,,,,,F-STAND-A,A,B2_tfidf_ridge,991.0,0.08899995246920449,0.20800362376264017,9.390860728327008,3.9670302478474247e-20,6.3472483965558795e-19,True,,,,,,,,,,,,,,,,
verdict_stand,,,,,,,,,,,,,,,,,event_driven,20.0,,,,,,,,,,,,,,,,,,,,,,24732.0,,,,,,,F-STAND-A,A,B2_tfidf_ridge,981.0,0.06597702869152462,0.17972009846389983,7.748232340177037,2.321953918530144e-14,2.0897585266771297e-13,True,,,,,,,,,,,,,,,,
verdict_stand,,,,,,,,,,,,,,,,,event_driven,5.0,,,,,,,,,,,,,,,,,,,,,,25109.0,,,,,,,F-STAND-A,A,C2_finbert_s1,996.0,0.12354327609218659,0.17186781941678683,8.286432460330834,3.7447595858409837e-16,4.119235544425082e-15,True,,,,,,,,,,,,,,,,
verdict_stand,,,,,,,,,,,,,,,,,event_driven,10.0,,,,,,,,,,,,,,,,,,,,,,25001.0,,,,,,,F-STAND-A,A,C2_finbert_s1,991.0,0.08899995246920449,0.19350437266834625,8.501322066981198,6.830891559079242e-17,8.880159026803015e-16,True,,,,,,,,,,,,,,,,
verdict_stand,,,,,,,,,,,,,,,,,event_driven,20.0,,,,,,,,,,,,,,,,,,,,,,24732.0,,,,,,,F-STAND-A,A,C2_finbert_s1,981.0,0.06597702869152462,0.14803552864601582,7.542239760405559,1.0519109242598271e-13,8.415287394078617e-13,True,,,,,,,,,,,,,,,,
verdict_stand,,,,,,,,,,,,,,,,,event_driven,5.0,,,,,,,,,,,,,,,,,,,,,,25109.0,,,,,,,F-STAND-A,A,C6_llmtext,996.0,0.12354327609218659,0.19671351996583392,9.748912854428285,1.6494957368909715e-21,2.804142752714652e-20,True,,,,,,,,,,,,,,,,
verdict_stand,,,,,,,,,,,,,,,,,event_driven,10.0,,,,,,,,,,,,,,,,,,,,,,25001.0,,,,,,,F-STAND-A,A,C6_llmtext,991.0,0.08899995246920449,0.19136627304535586,9.13417141563736,3.6265208701912155e-19,5.439781305286823e-18,True,,,,,,,,,,,,,,,,
verdict_stand,,,,,,,,,,,,,,,,,event_driven,20.0,,,,,,,,,,,,,,,,,,,,,,24732.0,,,,,,,F-STAND-A,A,C6_llmtext,981.0,0.06597702869152462,0.20968160717545106,8.892940096277211,2.8126715435291892e-18,3.937740160940865e-17,True,,,,,,,,,,,,,,,,
verdict_stand,,,,,,,,,,,,,,,,,long_form,5.0,,,,,,,,,,,,,,,,,,,,,,7581.0,,,,,,,F-STAND-B,B,B2_tfidf_ridge,801.0,0.11907778656093118,0.20230943846242821,7.341715814614419,5.19394797058424e-13,4.674553173525816e-12,True,,,,,,,,,,,,,,,,
verdict_stand,,,,,,,,,,,,,,,,,long_form,10.0,,,,,,,,,,,,,,,,,,,,,,7564.0,,,,,,,F-STAND-B,B,B2_tfidf_ridge,795.0,0.08364718267441437,0.15538633682394484,5.626240275579864,2.553309731050917e-08,5.106619462101834e-08,True,,,,,,,,,,,,,,,,
verdict_stand,,,,,,,,,,,,,,,,,long_form,20.0,,,,,,,,,,,,,,,,,,,,,,7542.0,,,,,,,F-STAND-B,B,B2_tfidf_ridge,786.0,0.0617505849354135,0.12352342088228893,4.253047538577454,2.3629755776586215e-05,2.3629755776586215e-05,True,,,,,,,,,,,,,,,,
verdict_stand,,,,,,,,,,,,,,,,,long_form,5.0,,,,,,,,,,,,,,,,,,,,,,7581.0,,,,,,,F-STAND-B,B,C2_finbert_s1,801.0,0.11907778656093118,0.16085503979006008,5.984260117695383,3.2781919409475927e-09,1.311276776379037e-08,True,,,,,,,,,,,,,,,,
verdict_stand,,,,,,,,,,,,,,,,,long_form,10.0,,,,,,,,,,,,,,,,,,,,,,7564.0,,,,,,,F-STAND-B,B,C2_finbert_s1,795.0,0.08364718267441437,0.15467879552774794,6.185584718709989,9.898773052957553e-10,5.882843225971851e-09,True,,,,,,,,,,,,,,,,
verdict_stand,,,,,,,,,,,,,,,,,long_form,20.0,,,,,,,,,,,,,,,,,,,,,,7542.0,,,,,,,F-STAND-B,B,C2_finbert_s1,786.0,0.0617505849354135,0.15910193126788585,5.7815008074068475,1.0682507881180454e-08,3.204752364354136e-08,True,,,,,,,,,,,,,,,,
verdict_stand,,,,,,,,,,,,,,,,,long_form,5.0,,,,,,,,,,,,,,,,,,,,,,7581.0,,,,,,,F-STAND-B,B,C6_llmtext,801.0,0.11907778656093118,0.20013962361695073,8.151076032269039,1.3874273545029644e-15,1.6649128254035574e-14,True,,,,,,,,,,,,,,,,
verdict_stand,,,,,,,,,,,,,,,,,long_form,10.0,,,,,,,,,,,,,,,,,,,,,,7564.0,,,,,,,F-STAND-B,B,C6_llmtext,795.0,0.08364718267441437,0.16774345699195944,6.830094247184859,1.6880961871420677e-11,1.1816673309994473e-10,True,,,,,,,,,,,,,,,,
verdict_stand,,,,,,,,,,,,,,,,,long_form,20.0,,,,,,,,,,,,,,,,,,,,,,7542.0,,,,,,,F-STAND-B,B,C6_llmtext,786.0,0.0617505849354135,0.1525767320440088,6.188027139042883,9.804738709953085e-10,5.882843225971851e-09,True,,,,,,,,,,,,,,,,
verdict_stand,,,,,,,,,,,,,,,,,event_driven,5.0,,,,,,,,,,,,,,,,,,,,,,23943.0,,,,,,,F-STAND-B,B,B2_tfidf_ridge,996.0,0.12054143409579539,0.24366345903512143,11.15519564372109,2.6056211863909746e-27,4.6901181355037544e-26,True,,,,,,,,,,,,,,,,
verdict_stand,,,,,,,,,,,,,,,,,event_driven,10.0,,,,,,,,,,,,,,,,,,,,,,23853.0,,,,,,,F-STAND-B,B,B2_tfidf_ridge,991.0,0.08616134472252944,0.2019787435731136,9.239621720216068,1.4700485259396262e-19,2.352077641503402e-18,True,,,,,,,,,,,,,,,,
verdict_stand,,,,,,,,,,,,,,,,,event_driven,20.0,,,,,,,,,,,,,,,,,,,,,,23615.0,,,,,,,F-STAND-B,B,B2_tfidf_ridge,981.0,0.0635409814045901,0.17442085246854502,7.667599538416281,4.2119764614475364e-14,4.211976461447536e-13,True,,,,,,,,,,,,,,,,
verdict_stand,,,,,,,,,,,,,,,,,event_driven,5.0,,,,,,,,,,,,,,,,,,,,,,23943.0,,,,,,,F-STAND-B,B,C2_finbert_s1,996.0,0.12054143409579539,0.16584044330930617,7.873534702306235,8.979546955576924e-15,9.877501651134616e-14,True,,,,,,,,,,,,,,,,
verdict_stand,,,,,,,,,,,,,,,,,event_driven,10.0,,,,,,,,,,,,,,,,,,,,,,23853.0,,,,,,,F-STAND-B,B,C2_finbert_s1,991.0,0.08616134472252944,0.18747648797692423,8.30333089622567,3.297218003086424e-16,4.286383404012351e-15,True,,,,,,,,,,,,,,,,
verdict_stand,,,,,,,,,,,,,,,,,event_driven,20.0,,,,,,,,,,,,,,,,,,,,,,23615.0,,,,,,,F-STAND-B,B,C2_finbert_s1,981.0,0.0635409814045901,0.14251415869291686,7.283841740381818,6.660753017639464e-13,5.3286024141115715e-12,True,,,,,,,,,,,,,,,,
verdict_stand,,,,,,,,,,,,,,,,,event_driven,5.0,,,,,,,,,,,,,,,,,,,,,,23943.0,,,,,,,F-STAND-B,B,C6_llmtext,996.0,0.12054143409579539,0.19026773508184402,9.367709661479356,4.810126854732921e-20,8.177215653045965e-19,True,,,,,,,,,,,,,,,,
verdict_stand,,,,,,,,,,,,,,,,,event_driven,10.0,,,,,,,,,,,,,,,,,,,,,,23853.0,,,,,,,F-STAND-B,B,C6_llmtext,991.0,0.08616134472252944,0.18492330965070736,8.858313732757154,3.696639521197132e-18,5.5449592817956975e-17,True,,,,,,,,,,,,,,,,
verdict_stand,,,,,,,,,,,,,,,,,event_driven,20.0,,,,,,,,,,,,,,,,,,,,,,23615.0,,,,,,,F-STAND-B,B,C6_llmtext,981.0,0.0635409814045901,0.20376108457483874,8.66811631078015,1.7945256741727378e-17,2.512335943841833e-16,True,,,,,,,,,,,,,,,,
verdict_stand,,,,,,,,,,,,,,,,,long_form,5.0,,,,,,,,,,,,,,,,,,,,,,7581.0,,,,,,,F-STAND-C,C,B2_tfidf_ridge,801.0,0.11906119383904967,0.20233401882900515,7.344744853157144,5.084940474026047e-13,4.576446426623442e-12,True,,,,,,,,,,,,,,,,
verdict_stand,,,,,,,,,,,,,,,,,long_form,10.0,,,,,,,,,,,,,,,,,,,,,,7564.0,,,,,,,F-STAND-C,C,B2_tfidf_ridge,795.0,0.08364696708502807,0.15542464298469558,5.6288696836052,2.516168230979057e-08,5.032336461958114e-08,True,,,,,,,,,,,,,,,,
verdict_stand,,,,,,,,,,,,,,,,,long_form,20.0,,,,,,,,,,,,,,,,,,,,,,7542.0,,,,,,,F-STAND-C,C,B2_tfidf_ridge,786.0,0.06175486243135963,0.12356097943887878,4.254073708551531,2.3524106058295305e-05,2.3524106058295305e-05,True,,,,,,,,,,,,,,,,
verdict_stand,,,,,,,,,,,,,,,,,long_form,5.0,,,,,,,,,,,,,,,,,,,,,,7581.0,,,,,,,F-STAND-C,C,C2_finbert_s1,801.0,0.11906119383904967,0.16086368668190046,5.986663842787099,3.232179564565713e-09,1.2928718258262853e-08,True,,,,,,,,,,,,,,,,
verdict_stand,,,,,,,,,,,,,,,,,long_form,10.0,,,,,,,,,,,,,,,,,,,,,,7564.0,,,,,,,F-STAND-C,C,C2_finbert_s1,795.0,0.08364696708502807,0.1547247879915915,6.188862110267536,9.704452538619396e-10,5.822671523171638e-09,True,,,,,,,,,,,,,,,,
verdict_stand,,,,,,,,,,,,,,,,,long_form,20.0,,,,,,,,,,,,,,,,,,,,,,7542.0,,,,,,,F-STAND-C,C,C2_finbert_s1,786.0,0.06175486243135963,0.1591447659816799,5.782517857956256,1.0620729817965654e-08,3.186218945389696e-08,True,,,,,,,,,,,,,,,,
verdict_stand,,,,,,,,,,,,,,,,,long_form,5.0,,,,,,,,,,,,,,,,,,,,,,7581.0,,,,,,,F-STAND-C,C,C6_llmtext,801.0,0.11906119383904967,0.20017437422405332,8.15439593954152,1.3526918527213823e-15,1.6232302232656588e-14,True,,,,,,,,,,,,,,,,
verdict_stand,,,,,,,,,,,,,,,,,long_form,10.0,,,,,,,,,,,,,,,,,,,,,,7564.0,,,,,,,F-STAND-C,C,C6_llmtext,795.0,0.08364696708502807,0.1677811906422621,6.8328189746067105,1.6580788483120512e-11,1.1606551938184359e-10,True,,,,,,,,,,,,,,,,
verdict_stand,,,,,,,,,,,,,,,,,long_form,20.0,,,,,,,,,,,,,,,,,,,,,,7542.0,,,,,,,F-STAND-C,C,C6_llmtext,786.0,0.06175486243135963,0.1526126697053137,6.188754676257933,9.761697493412446e-10,5.822671523171638e-09,True,,,,,,,,,,,,,,,,
verdict_stand,,,,,,,,,,,,,,,,,event_driven,5.0,,,,,,,,,,,,,,,,,,,,,,23943.0,,,,,,,F-STAND-C,C,B2_tfidf_ridge,996.0,0.1205422966918168,0.24371590862983036,11.159120742083495,2.5053802464265474e-27,4.509684443567785e-26,True,,,,,,,,,,,,,,,,
verdict_stand,,,,,,,,,,,,,,,,,event_driven,10.0,,,,,,,,,,,,,,,,,,,,,,23853.0,,,,,,,F-STAND-C,C,B2_tfidf_ridge,991.0,0.0861587727681239,0.20205579408787688,9.24654572134174,1.3850101563712716e-19,2.2160162501940345e-18,True,,,,,,,,,,,,,,,,
verdict_stand,,,,,,,,,,,,,,,,,event_driven,20.0,,,,,,,,,,,,,,,,,,,,,,23615.0,,,,,,,F-STAND-C,C,B2_tfidf_ridge,981.0,0.06354682731243097,0.17448717225457158,7.670015551403773,4.1378059079543816e-14,4.1378059079543815e-13,True,,,,,,,,,,,,,,,,
verdict_stand,,,,,,,,,,,,,,,,,event_driven,5.0,,,,,,,,,,,,,,,,,,,,,,23943.0,,,,,,,F-STAND-C,C,C2_finbert_s1,996.0,0.1205422966918168,0.165861713123503,7.876274266553146,8.796239112984978e-15,9.675863024283477e-14,True,,,,,,,,,,,,,,,,
verdict_stand,,,,,,,,,,,,,,,,,event_driven,10.0,,,,,,,,,,,,,,,,,,,,,,23853.0,,,,,,,F-STAND-C,C,C2_finbert_s1,991.0,0.0861587727681239,0.18752874104996464,8.307357398642363,3.1943248679374406e-16,4.152622328318673e-15,True,,,,,,,,,,,,,,,,
verdict_stand,,,,,,,,,,,,,,,,,event_driven,20.0,,,,,,,,,,,,,,,,,,,,,,23615.0,,,,,,,F-STAND-C,C,C2_finbert_s1,981.0,0.06354682731243097,0.14256589300280065,7.286205552255921,6.550885056768765e-13,5.240708045415012e-12,True,,,,,,,,,,,,,,,,
verdict_stand,,,,,,,,,,,,,,,,,event_driven,5.0,,,,,,,,,,,,,,,,,,,,,,23943.0,,,,,,,F-STAND-C,C,C6_llmtext,996.0,0.1205422966918168,0.19030228304846308,9.372260897826747,4.623261263868791e-20,7.859544148576945e-19,True,,,,,,,,,,,,,,,,
verdict_stand,,,,,,,,,,,,,,,,,event_driven,10.0,,,,,,,,,,,,,,,,,,,,,,23853.0,,,,,,,F-STAND-C,C,C6_llmtext,991.0,0.0861587727681239,0.1849772531013676,8.863462820273915,3.5417706593292866e-18,5.31265598899393e-17,True,,,,,,,,,,,,,,,,
verdict_stand,,,,,,,,,,,,,,,,,event_driven,20.0,,,,,,,,,,,,,,,,,,,,,,23615.0,,,,,,,F-STAND-C,C,C6_llmtext,981.0,0.06354682731243097,0.20382301907011197,8.67058355369461,1.758775214495608e-17,2.462285300293851e-16,True,,,,,,,,,,,,,,,,
verdict_combo,,,,,,,,,,,,,,,,,long_form,5.0,,,,,,,,,,,,,,,,,,,,,,7951.0,,,,,,,F-COMBO-A,A,C2_finbert_s1,809.0,,,-0.8396190744222708,0.4013703528123994,1.0,False,0.12086879176314268,0.1201893446027335,0.5621361399397723,0.10967217036655304,0.2179678251062595,0.0,,,,,,,,,,
verdict_combo,,,,,,,,,,,,,,,,,long_form,10.0,,,,,,,,,,,,,,,,,,,,,,7933.0,,,,,,,F-COMBO-A,A,C2_finbert_s1,803.0,,,-6.460996408212488,1.8031652598861882e-10,1.983481785874807e-09,True,0.08729339051016716,0.08331446307360785,4.55810848141576,0.24215376083511594,1.0128174194794695,1.0,,,,,,,,,,
verdict_combo,,,,,,,,,,,,,,,,,long_form,20.0,,,,,,,,,,,,,,,,,,,,,,7902.0,,,,,,,F-COMBO-A,A,C2_finbert_s1,794.0,,,0.8841219752212075,0.3768983403218427,1.0,False,0.07008297694567736,0.07014166660615292,-0.08374310429343669,-0.08768097742638832,-0.5232592392237267,0.0,,,,,,,,,,
verdict_combo,,,,,,,,,,,,,,,,,long_form,5.0,,,,,,,,,,,,,,,,,,,,,,7951.0,,,,,,,F-COMBO-A,A,C6_llmtext,809.0,,,-6.307719290334438,4.65979133798706e-10,4.65979133798706e-09,True,0.12086879176314268,0.11870011808317309,1.7942379073494623,0.25380183655738886,0.8313169697407741,1.0,,,,,,,,,,
verdict_combo,,,,,,,,,,,,,,,,,long_form,10.0,,,,,,,,,,,,,,,,,,,,,,7933.0,,,,,,,F-COMBO-A,A,C6_llmtext,803.0,,,-7.9155647324090745,8.17898705293215e-15,9.81478446351858e-14,True,0.08729339051016716,0.085327926668655,2.2515608914093357,0.33330197238689624,-1.4455065815319224,1.0,,,,,,,,,,
verdict_combo,,,,,,,,,,,,,,,,,long_form,20.0,,,,,,,,,,,,,,,,,,,,,,7902.0,,,,,,,F-COMBO-A,A,C6_llmtext,794.0,,,-3.232306764547454,0.0012786846389931377,0.006393423194965688,True,0.07008297694567736,0.0698903875209033,0.2748020035212486,0.07796998798708187,-1.4440091348479065,1.0,,,,,,,,,,
verdict_combo,,,,,,,,,,,,,,,,,event_driven,5.0,,,,,,,,,,,,,,,,,,,,,,25109.0,,,,,,,F-COMBO-A,A,C2_finbert_s1,996.0,,,-4.948555012351497,8.775784616980226e-07,6.143049231886158e-06,True,0.12651030538164323,0.12380879059871283,2.1354108463976527,0.18925884763753628,-0.9420252310878408,1.0,,,,,,,,,,
verdict_combo,,,,,,,,,,,,,,,,,event_driven,10.0,,,,,,,,,,,,,,,,,,,,,,25001.0,,,,,,,F-COMBO-A,A,C2_finbert_s1,991.0,,,-5.518076327799122,4.376100899209823e-08,3.9384908092888406e-07,True,0.08827666934766872,0.08641960689913172,2.103684316886877,0.1769254353315345,-0.15688832736586572,1.0,,,,,,,,,,
verdict_combo,,,,,,,,,,,,,,,,,event_driven,20.0,,,,,,,,,,,,,,,,,,,,,,24732.0,,,,,,,F-COMBO-A,A,C2_finbert_s1,981.0,,,-0.4952176797162795,0.6205574871070725,1.0,False,0.06453886888282268,0.06394533547976658,0.9196526269056869,0.42710546653191683,-0.4694467865982953,0.0,,,,,,,,,,
verdict_combo,,,,,,,,,,,,,,,,,event_driven,5.0,,,,,,,,,,,,,,,,,,,,,,25109.0,,,,,,,F-COMBO-A,A,C6_llmtext,996.0,,,-5.0439839407429865,5.416951736539056e-07,4.333561389231245e-06,True,0.12651030538164323,0.12497435605435057,1.2140902851029933,0.2638315433787111,0.09780462521601527,1.0,,,,,,,,,,
verdict_combo,,,,,,,,,,,,,,,,,event_driven,10.0,,,,,,,,,,,,,,,,,,,,,,25001.0,,,,,,,F-COMBO-A,A,C6_llmtext,991.0,,,-3.7577488053090367,0.00018146916177945083,0.001088814970676705,True,0.08827666934766872,0.08739537415940905,0.9983330757402845,0.28056826582520855,0.9450247416469738,1.0,,,,,,,,,,
verdict_combo,,,,,,,,,,,,,,,,,event_driven,20.0,,,,,,,,,,,,,,,,,,,,,,24732.0,,,,,,,F-COMBO-A,A,C6_llmtext,981.0,,,-1.9823432496516546,0.047719784499897465,0.19087913799958986,False,0.06453886888282268,0.06411404556768242,0.6582441286840103,0.24452581697318196,1.113324442265921,0.0,,,,,,,,,,
verdict_combo,,,,,,,,,,,,,,,,,long_form,5.0,,,,,,,,,,,,,,,,,,,,,,7581.0,,,,,,,F-COMBO-B,B,C2_finbert_s1,801.0,,,-1.7335823833510047,0.0833774887042602,0.2501324661127806,False,0.11745738120537962,0.11717151469404467,0.24337892468000086,0.03827000469831814,0.29580892596598163,0.0,,,,,,,,,,
verdict_combo,,,,,,,,,,,,,,,,,long_form,10.0,,,,,,,,,,,,,,,,,,,,,,7564.0,,,,,,,F-COMBO-B,B,C2_finbert_s1,795.0,,,-6.712661886375445,3.636701561570402e-11,3.636701561570402e-10,True,0.08262491387756771,0.07852760721321597,4.95892397591247,0.23775145971915135,1.0098428546389886,1.0,,,,,,,,,,
verdict_combo,,,,,,,,,,,,,,,,,long_form,20.0,,,,,,,,,,,,,,,,,,,,,,7542.0,,,,,,,F-COMBO-B,B,C2_finbert_s1,786.0,,,-0.1829916283258596,0.8548518375624178,1.0,False,0.06777299169211232,0.06786246747802144,-0.132022777326406,-0.14359301378352785,0.07303482477505484,0.0,,,,,,,,,,
verdict_combo,,,,,,,,,,,,,,,,,long_form,5.0,,,,,,,,,,,,,,,,,,,,,,7581.0,,,,,,,F-COMBO-B,B,C6_llmtext,801.0,,,-7.314173296096459,6.296680940463287e-13,6.926349034509615e-12,True,0.11745738120537962,0.11500919636426803,2.0843175762882247,0.29488380697265276,0.7476997926101784,1.0,,,,,,,,,,
verdict_combo,,,,,,,,,,,,,,,,,long_form,10.0,,,,,,,,,,,,,,,,,,,,,,7564.0,,,,,,,F-COMBO-B,B,C6_llmtext,795.0,,,-8.378362986517468,2.424132813606526e-16,2.908959376327831e-15,True,0.08262491387756771,0.08053823873493103,2.5254793556924957,0.3935295420435703,0.8302053912579964,1.0,,,,,,,,,,
verdict_combo,,,,,,,,,,,,,,,,,long_form,20.0,,,,,,,,,,,,,,,,,,,,,,7542.0,,,,,,,F-COMBO-B,B,C6_llmtext,786.0,,,-3.404773707416707,0.0006958110141063212,0.003479055070531606,True,0.06777299169211232,0.06745425387067597,0.470302126965785,0.11239035853910126,0.520402802505036,1.0,,,,,,,,,,
verdict_combo,,,,,,,,,,,,,,,,,event_driven,5.0,,,,,,,,,,,,,,,,,,,,,,23943.0,,,,,,,F-COMBO-B,B,C2_finbert_s1,996.0,,,-5.4265184904346,7.218332506561099e-08,5.05283275459277e-07,True,0.12372035136421006,0.12112309562553619,2.0992954756715974,0.16950600121297624,2.0584494205719657,0.0,,,,,,,,,,
verdict_combo,,,,,,,,,,,,,,,,,event_driven,10.0,,,,,,,,,,,,,,,,,,,,,,23853.0,,,,,,,F-COMBO-B,B,C2_finbert_s1,991.0,,,-5.741240816952675,1.2492763917927628e-08,9.994211134342103e-08,True,0.08554221656913455,0.08381862701599498,2.0148993354019322,0.1592878509938868,-0.5920749074753227,1.0,,,,,,,,,,
verdict_combo,,,,,,,,,,,,,,,,,event_driven,20.0,,,,,,,,,,,,,,,,,,,,,,23615.0,,,,,,,F-COMBO-B,B,C2_finbert_s1,981.0,,,-0.4779756220627854,0.632774152840965,1.0,False,0.06218166427687358,0.06158160072086039,0.9650168791579911,0.42814008702407585,-0.07207680806344785,0.0,,,,,,,,,,
verdict_combo,,,,,,,,,,,,,,,,,event_driven,5.0,,,,,,,,,,,,,,,,,,,,,,23943.0,,,,,,,F-COMBO-B,B,C6_llmtext,996.0,,,-6.023626564811625,2.397748851642016e-09,2.1579739664778143e-08,True,0.12372035136421006,0.12178847020025667,1.5614902016130592,0.2989689699918381,0.9186561906994282,1.0,,,,,,,,,,
verdict_combo,,,,,,,,,,,,,,,,,event_driven,10.0,,,,,,,,,,,,,,,,,,,,,,23853.0,,,,,,,F-COMBO-B,B,C6_llmtext,991.0,,,-4.431433655496986,1.0405076350156352e-05,6.243045810093811e-05,True,0.08554221656913455,0.08438724745586924,1.3501744046249593,0.3463096107619615,-0.3434850417499108,1.0,,,,,,,,,,
verdict_combo,,,,,,,,,,,,,,,,,event_driven,20.0,,,,,,,,,,,,,,,,,,,,,,23615.0,,,,,,,F-COMBO-B,B,C6_llmtext,981.0,,,-1.967086750787948,0.04945498106803905,0.1978199242721562,False,0.06218166427687358,0.061703909845793166,0.7683204311694442,0.28981395719011305,0.64474515311468,0.0,,,,,,,,,,
verdict_combo,,,,,,,,,,,,,,,,,long_form,5.0,,,,,,,,,,,,,,,,,,,,,,7581.0,,,,,,,F-COMBO-C,C,C2_finbert_s1,801.0,,,-1.723879947512031,0.0851158535150348,0.2553475605451044,False,0.11742598276517975,0.1171411610674008,0.24255423805863882,0.03821908120816567,0.29112148756450196,0.0,,,,,,,,,,
verdict_combo,,,,,,,,,,,,,,,,,long_form,10.0,,,,,,,,,,,,,,,,,,,,,,7564.0,,,,,,,F-COMBO-C,C,C2_finbert_s1,795.0,,,-6.714802191586229,3.5865497799553575e-11,3.5865497799553577e-10,True,0.08262097499661367,0.07852734678295535,4.954708188599927,0.23754071617443615,1.0116653046876263,1.0,,,,,,,,,,
verdict_combo,,,,,,,,,,,,,,,,,long_form,20.0,,,,,,,,,,,,,,,,,,,,,,7542.0,,,,,,,F-COMBO-C,C,C2_finbert_s1,786.0,,,-0.18135056896829058,0.8561392291025662,1.0,False,0.06777268967693716,0.06786287836246946,-0.13307526374151485,-0.14479305386338887,0.0732160223697062,0.0,,,,,,,,,,
verdict_combo,,,,,,,,,,,,,,,,,long_form,5.0,,,,,,,,,,,,,,,,,,,,,,7581.0,,,,,,,F-COMBO-C,C,C6_llmtext,801.0,,,-7.31773609850777,6.142010223295736e-13,6.75621124562531e-12,True,0.11742598276517975,0.11497931591381472,2.083582179812544,0.29477482799744387,0.7503397456869203,1.0,,,,,,,,,,
verdict_combo,,,,,,,,,,,,,,,,,long_form,10.0,,,,,,,,,,,,,,,,,,,,,,7564.0,,,,,,,F-COMBO-C,C,C6_llmtext,795.0,,,-8.383164287098822,2.3349591624811856e-16,2.8019509949774227e-15,True,0.08262097499661367,0.08053400055999092,2.5259620050577722,0.39342986918451295,0.830476101233636,1.0,,,,,,,,,,
verdict_combo,,,,,,,,,,,,,,,,,long_form,20.0,,,,,,,,,,,,,,,,,,,,,,7542.0,,,,,,,F-COMBO-C,C,C6_llmtext,786.0,,,-3.40769013768982,0.0006885252735964599,0.0034426263679822994,True,0.06777268967693716,0.0674544326114583,0.46959485745061513,0.1121168238485041,0.5215339433147477,1.0,,,,,,,,,,
verdict_combo,,,,,,,,,,,,,,,,,event_driven,5.0,,,,,,,,,,,,,,,,,,,,,,23943.0,,,,,,,F-COMBO-C,C,C2_finbert_s1,996.0,,,-5.41654223550038,7.62047041866953e-08,5.334329293068671e-07,True,0.12368982911750369,0.12109342997248262,2.0991209734427874,0.16980662120316134,2.058823197472159,0.0,,,,,,,,,,
verdict_combo,,,,,,,,,,,,,,,,,event_driven,10.0,,,,,,,,,,,,,,,,,,,,,,23853.0,,,,,,,F-COMBO-C,C,C2_finbert_s1,991.0,,,-5.726725327167943,1.3572171117712805e-08,1.0857736894170244e-07,True,0.08553326110284455,0.08381606615854749,2.0076341322147417,0.15893434916693275,-0.592537847726243,1.0,,,,,,,,,,
verdict_combo,,,,,,,,,,,,,,,,,event_driven,20.0,,,,,,,,,,,,,,,,,,,,,,23615.0,,,,,,,F-COMBO-C,C,C2_finbert_s1,981.0,,,-0.46027514078433984,0.6454208484432686,1.0,False,0.062186511517036844,0.06159812824698416,0.9461589912331564,0.4284872920856081,-0.07019227845444159,0.0,,,,,,,,,,
verdict_combo,,,,,,,,,,,,,,,,,event_driven,5.0,,,,,,,,,,,,,,,,,,,,,,23943.0,,,,,,,F-COMBO-C,C,C6_llmtext,996.0,,,-5.996639150714808,2.815555947117262e-09,2.534000352405536e-08,True,0.12368982911750369,0.12175712163941205,1.5625435752325239,0.3001716161426632,0.9319284450312064,1.0,,,,,,,,,,
verdict_combo,,,,,,,,,,,,,,,,,event_driven,10.0,,,,,,,,,,,,,,,,,,,,,,23853.0,,,,,,,F-COMBO-C,C,C6_llmtext,991.0,,,-4.385136133525135,1.2831246985292273e-05,7.698748191175364e-05,True,0.08553326110284455,0.08438494229600862,1.3425406584874588,0.3469766646387276,-0.341001333120133,1.0,,,,,,,,,,
verdict_combo,,,,,,,,,,,,,,,,,event_driven,20.0,,,,,,,,,,,,,,,,,,,,,,23615.0,,,,,,,F-COMBO-C,C,C6_llmtext,981.0,,,-1.9446379663750977,0.05210436139520707,0.20841744558082828,False,0.062186511517036844,0.061711699378497076,0.7635291431481677,0.29036668589509446,0.6459051840934531,0.0,,,,,,,,,,
verdict_ranking,,,,,,,,,,,,,,,,,long_form,5.0,,,,,,,,,,,,,,,,,,,,,,,,,,,,,,A,,,,,,,,,,,,,,,A2_har_rv < C2_finbert_s1 < C6_llmtext < B2_tfidf_ridge,0.1226067260656771,0.2085454815813793,0.1676452316284028,0.2072271361575837,,,,,
verdict_ranking,,,,,,,,,,,,,,,,,long_form,10.0,,,,,,,,,,,,,,,,,,,,,,,,,,,,,,A,,,,,,,,,,,,,,,A2_har_rv < B2_tfidf_ridge < C2_finbert_s1 < C6_llmtext,0.08926724489634956,0.1646409842346451,0.1647480672278104,0.1778223964200529,,,,,
verdict_ranking,,,,,,,,,,,,,,,,,long_form,20.0,,,,,,,,,,,,,,,,,,,,,,,,,,,,,,A,,,,,,,,,,,,,,,A2_har_rv < B2_tfidf_ridge < C6_llmtext < C2_finbert_s1,0.06459879310463382,0.12844595443876405,0.16628450180197393,0.16009386502167042,,,,,
verdict_ranking,,,,,,,,,,,,,,,,,long_form,5.0,,,,,,,,,,,,,,,,,,,,,,,,,,,,,,B,,,,,,,,,,,,,,,A2_har_rv < C2_finbert_s1 < C6_llmtext < B2_tfidf_ridge,0.11907778656093118,0.20230943846242821,0.16085503979006008,0.20013962361695073,,,,,
verdict_ranking,,,,,,,,,,,,,,,,,long_form,10.0,,,,,,,,,,,,,,,,,,,,,,,,,,,,,,B,,,,,,,,,,,,,,,A2_har_rv < C2_finbert_s1 < B2_tfidf_ridge < C6_llmtext,0.08364718267441437,0.15538633682394484,0.15467879552774794,0.16774345699195944,,,,,
verdict_ranking,,,,,,,,,,,,,,,,,long_form,20.0,,,,,,,,,,,,,,,,,,,,,,,,,,,,,,B,,,,,,,,,,,,,,,A2_har_rv < B2_tfidf_ridge < C6_llmtext < C2_finbert_s1,0.0617505849354135,0.12352342088228893,0.15910193126788585,0.1525767320440088,,,,,
verdict_ranking,,,,,,,,,,,,,,,,,long_form,5.0,,,,,,,,,,,,,,,,,,,,,,,,,,,,,,C,,,,,,,,,,,,,,,A2_har_rv < C2_finbert_s1 < C6_llmtext < B2_tfidf_ridge,0.11906119383904967,0.20233401882900515,0.16086368668190046,0.20017437422405332,,,,,
verdict_ranking,,,,,,,,,,,,,,,,,long_form,10.0,,,,,,,,,,,,,,,,,,,,,,,,,,,,,,C,,,,,,,,,,,,,,,A2_har_rv < C2_finbert_s1 < B2_tfidf_ridge < C6_llmtext,0.08364696708502807,0.15542464298469558,0.1547247879915915,0.1677811906422621,,,,,
verdict_ranking,,,,,,,,,,,,,,,,,long_form,20.0,,,,,,,,,,,,,,,,,,,,,,,,,,,,,,C,,,,,,,,,,,,,,,A2_har_rv < B2_tfidf_ridge < C6_llmtext < C2_finbert_s1,0.06175486243135963,0.12356097943887878,0.1591447659816799,0.1526126697053137,,,,,
verdict_ranking,,,,,,,,,,,,,,,,,event_driven,5.0,,,,,,,,,,,,,,,,,,,,,,,,,,,,,,A,,,,,,,,,,,,,,,A2_har_rv < C2_finbert_s1 < C6_llmtext < B2_tfidf_ridge,0.12354327609218659,0.25039096135891026,0.17186781941678683,0.19671351996583392,,,,,
verdict_ranking,,,,,,,,,,,,,,,,,event_driven,10.0,,,,,,,,,,,,,,,,,,,,,,,,,,,,,,A,,,,,,,,,,,,,,,A2_har_rv < C6_llmtext < C2_finbert_s1 < B2_tfidf_ridge,0.08899995246920449,0.20800362376264017,0.19350437266834625,0.19136627304535586,,,,,
verdict_ranking,,,,,,,,,,,,,,,,,event_driven,20.0,,,,,,,,,,,,,,,,,,,,,,,,,,,,,,A,,,,,,,,,,,,,,,A2_har_rv < C2_finbert_s1 < B2_tfidf_ridge < C6_llmtext,0.06597702869152462,0.17972009846389983,0.14803552864601582,0.20968160717545106,,,,,
verdict_ranking,,,,,,,,,,,,,,,,,event_driven,5.0,,,,,,,,,,,,,,,,,,,,,,,,,,,,,,B,,,,,,,,,,,,,,,A2_har_rv < C2_finbert_s1 < C6_llmtext < B2_tfidf_ridge,0.12054143409579539,0.24366345903512143,0.16584044330930617,0.19026773508184402,,,,,
verdict_ranking,,,,,,,,,,,,,,,,,event_driven,10.0,,,,,,,,,,,,,,,,,,,,,,,,,,,,,,B,,,,,,,,,,,,,,,A2_har_rv < C6_llmtext < C2_finbert_s1 < B2_tfidf_ridge,0.08616134472252944,0.2019787435731136,0.18747648797692423,0.18492330965070736,,,,,
verdict_ranking,,,,,,,,,,,,,,,,,event_driven,20.0,,,,,,,,,,,,,,,,,,,,,,,,,,,,,,B,,,,,,,,,,,,,,,A2_har_rv < C2_finbert_s1 < B2_tfidf_ridge < C6_llmtext,0.0635409814045901,0.17442085246854502,0.14251415869291686,0.20376108457483874,,,,,
verdict_ranking,,,,,,,,,,,,,,,,,event_driven,5.0,,,,,,,,,,,,,,,,,,,,,,,,,,,,,,C,,,,,,,,,,,,,,,A2_har_rv < C2_finbert_s1 < C6_llmtext < B2_tfidf_ridge,0.1205422966918168,0.24371590862983036,0.165861713123503,0.19030228304846308,,,,,
verdict_ranking,,,,,,,,,,,,,,,,,event_driven,10.0,,,,,,,,,,,,,,,,,,,,,,,,,,,,,,C,,,,,,,,,,,,,,,A2_har_rv < C6_llmtext < C2_finbert_s1 < B2_tfidf_ridge,0.0861587727681239,0.20205579408787688,0.18752874104996464,0.1849772531013676,,,,,
verdict_ranking,,,,,,,,,,,,,,,,,event_driven,20.0,,,,,,,,,,,,,,,,,,,,,,,,,,,,,,C,,,,,,,,,,,,,,,A2_har_rv < C2_finbert_s1 < B2_tfidf_ridge < C6_llmtext,0.06354682731243097,0.17448717225457158,0.14256589300280065,0.20382301907011197,,,,,
verdict_agreement,,,,,,,,,,,,,,,,,,,,,,,,,,,,,,,,,,,,,,,,,,,,,,,F-STAND,,,,,,,,,,,,,,,,,,,,,B,18.0,18.0,18.0,18.0
verdict_agreement,,,,,,,,,,,,,,,,,,,,,,,,,,,,,,,,,,,,,,,,,,,,,,,F-STAND,,,,,,,,,,,,,,,,,,,,,C,18.0,18.0,18.0,18.0
verdict_agreement,,,,,,,,,,,,,,,,,,,,,,,,,,,,,,,,,,,,,,,,,,,,,,,F-COMBO,,,,,,,,,,,,,,,,,,,,,B,12.0,11.0,12.0,11.0
verdict_agreement,,,,,,,,,,,,,,,,,,,,,,,,,,,,,,,,,,,,,,,,,,,,,,,F-COMBO,,,,,,,,,,,,,,,,,,,,,C,12.0,11.0,12.0,11.0
verdict_agreement,,,,,,,,,,,,,,,,,,,,,,,,,,,,,,,,,,,,,,,,,,,,,,,RANKING,,,,,,,,,,,,,,,,,,,,,B,6.0,,,5.0
verdict_agreement,,,,,,,,,,,,,,,,,,,,,,,,,,,,,,,,,,,,,,,,,,,,,,,RANKING,,,,,,,,,,,,,,,,,,,,,C,6.0,,,5.0
