disc,model,h,dm_q_2026,dm_q_2027,dm_q_2028,p_holm_2026,p_holm_2027,p_holm_2028,p_q_2026,p_q_2027,p_q_2028,rel_impr_pct_2026,rel_impr_pct_2027,rel_impr_pct_2028,rel_mean,rel_std,n_seeds,n_sig_raw,n_sig_holm,n_dm_neg,n_dm_pos,sign_disagree,grid2026_rel_impr_pct,grid2026_genuine
combined,C1_bert_s1,5,-17.685944139549896,-12.653118684902486,-12.416491013118083,1.4548759736705376e-67,1.4644253969033774e-34,2.652163855564989e-33,1.1278108323027422e-69,1.3075226758065869e-36,2.550157553427874e-35,1.9650014704700687,0.8519822358081914,0.8725953651187563,1.2298596904656722,0.6367348763857826,3,3,3,3,0,False,,
combined,C1_bert_s1,10,-8.189452488900503,-11.474755130567814,-10.06002934845278,1.902558694581927e-14,1.9580335991605354e-28,7.633433336791805e-22,2.7179409922598958e-16,2.0185913393407582e-30,8.980509807990359e-24,0.5774462294718946,2.1332568693008342,0.6207095532849072,1.110470884019212,0.886022746639843,3,3,3,3,0,False,,
combined,C1_bert_s1,20,-21.4839733367888,-30.164934841779182,-30.464368634392297,1.5503121553807447e-99,5.052617966364718e-195,7.330606449171599e-199,1.1153324858854279e-101,3.508762476642165e-197,5.090698923035833e-201,1.2960887128456855,2.722031651009467,0.022311917116156557,1.3468107603237698,1.3505743981612115,3,3,3,3,0,False,,
combined,C1_bert_s2,5,-16.71696463441393,-10.291259292953102,-13.915549959261536,2.209237635561693e-60,7.233456614700103e-23,7.593441924705696e-42,1.7816432544852363e-62,8.410996063604772e-25,6.779858861344371e-44,2.171077502921757,1.1970064327671375,0.7290885693066127,1.3657241683318357,0.7356509205375161,3,3,3,3,0,False,,
combined,C1_bert_s2,10,-12.863183075973664,-15.22523564618621,-17.91195190143764,9.391462645979095e-36,4.455016811835209e-50,2.826043590568851e-69,8.94425013902771e-38,3.621964887670902e-52,2.0779732283594494e-71,1.2188818799723533,1.7683825764949614,1.0156204682157435,1.3342949748943527,0.38942628927031764,3,3,3,3,0,False,,
combined,C1_bert_s2,20,-18.993163055723674,-15.346198412155662,-21.881828699822364,7.041928025098196e-78,7.133568347921449e-51,3.151914817187663e-103,5.2551701679837284e-80,5.752877699936653e-53,2.219658321963143e-105,3.0144453476154682,0.7949716923632286,3.741850446530802,2.517089162169833,1.535104549971054,3,3,3,3,0,False,,
combined,C2_finbert_s1,5,-16.13425619232392,-14.330170306739815,-16.732901962143675,2.98863612049602e-56,2.344449133039113e-44,1.7901702791282448e-60,2.4497017381114918e-58,1.9537076108659276e-46,1.3665421978078205e-62,1.3930820857895043,1.8684579596130673,2.051179424341415,1.7709064899146625,0.3397208319819617,3,3,3,3,0,False,,
combined,C2_finbert_s1,10,-14.080259036744728,-11.656761776836774,-15.638122997135959,7.45894483516178e-43,2.393620748715475e-29,7.891409351026222e-53,6.780858941056164e-45,2.4424701517504847e-31,6.313127480820977e-55,2.1852457106148706,1.226549913604013,1.0101545946117818,1.4739834062768884,0.6254016970712261,3,3,3,3,0,False,,
combined,C2_finbert_s1,20,-27.1573208813561,-10.80305421054023,14.836101388566712,1.8202202080287519e-158,3.405144297896574e-25,1.515999143992479e-47,1.2728812643557705e-160,3.7012438020614935e-27,1.2426222491741632e-49,4.280416667935976,1.7946983431087047,-0.30261809983480475,1.9241656370699582,2.2942587595568162,3,2,2,2,1,True,,
combined,C2_finbert_s2,5,-14.643940922627499,-17.722780027252043,-12.247336180504066,2.4022516773196217e-46,7.845686071839014e-68,2.1028688761248437e-32,2.0889145020170625e-48,5.899012084089484e-70,2.0616361530635724e-34,0.8959559305151173,1.5115158532734738,0.9999292302994526,1.135800338029348,0.32950602887258384,3,3,3,3,0,False,,
combined,C2_finbert_s2,10,-16.34072827730564,-15.879522518088502,-24.375010198548527,1.0714786567787965e-57,1.8244788809198157e-54,6.417273213705764e-128,8.711208591697533e-60,1.425374125718606e-56,4.4876036459480864e-130,2.3563775708573695,1.836593739413916,1.2235541025943406,1.8055084709552087,0.5670511202689154,3,3,3,3,0,False,,
combined,C2_finbert_s2,20,-19.20014884774633,-15.797367125721072,9.685885168336695,1.4184590672892944e-79,6.647710323052497e-54,3.0036932686081514e-20,1.0429846083009517e-81,5.23441757720669e-56,3.7082632945779645e-22,4.277311019197927,1.9977859430838905,-0.011527401054811185,2.087856520409002,2.145837431035669,3,2,2,2,1,True,,
combined,C2_finbert_s3,5,-11.283913365015506,-10.341021876127822,-15.152432335575963,1.641419876107763e-27,4.3659932035832845e-23,1.3401018325726023e-49,1.7841520392475684e-29,5.018382992624465e-25,1.0895136850183758e-51,0.7961693823069448,1.4729660244822043,1.832250260264572,1.3671285556845738,0.5260865649001873,3,3,3,3,0,False,,
combined,C2_finbert_s3,10,-18.61331369034985,-9.289874597593627,-15.690527295959416,8.281605196475594e-75,1.2273913308321217e-18,3.53794821348837e-53,6.22677082441774e-77,1.636521774442829e-20,2.785785994872732e-55,0.7897252906615516,0.8317237546240405,1.54854664709779,1.0566652307944606,0.4264990779852038,3,3,3,3,0,False,,
combined,C2_finbert_s3,20,-6.56721252987629,-26.115907886608497,-19.349942211083135,3.070063306261713e-09,1.1598563419571794e-146,8.282508932957097e-81,5.2034971292571405e-11,8.16800240814915e-149,5.95863952011302e-83,0.7051749197578016,3.3314128334539337,0.20619547197893198,1.4142610750635558,1.6789426049900917,3,3,3,3,0,False,,
combined,C2_finbert_s4,5,-8.24657637905092,-12.10567641946464,-9.622399124153576,1.1996357185570244e-14,1.2426208479627418e-31,5.3592391512754235e-20,1.6896277726155272e-16,1.161327895292282e-33,6.8708194247120815e-22,1.2398680651865106,1.788640106116642,1.0948109578483844,1.374439709717179,0.3659670304555184,3,3,3,3,0,False,,
combined,C2_finbert_s4,10,-15.511471344465376,16.02711371155789,-13.312467815718307,5.366396053899369e-52,1.7612789570200646e-55,2.71520816696954e-38,4.5095765158818226e-54,1.3653325248217553e-57,2.491016666944532e-40,0.6970784477648538,-0.15246364468425666,1.9276998211420768,0.8241048747408913,1.045883261173244,3,2,2,2,1,True,,
combined,C2_finbert_s4,20,-14.123646664496313,-14.24127592320804,0.3043389971357215,4.096119515848747e-43,8.297907053479614e-44,1.0,3.6901977620258984e-45,6.973031137377827e-46,0.7608715784906429,1.2575692611695328,2.484942332030853,-0.0875775122947706,1.2183113603018716,1.286709164670744,3,2,2,2,1,True,,
combined,C3_roberta_s1,5,-16.08880631525131,-11.935232452896457,-8.853168992831428,6.146767775708021e-56,9.236773330568441e-31,6.244864767127026e-17,5.079973368353736e-58,9.055660128008275e-33,8.921235381610037e-19,0.9519798511766403,1.6401046797161565,0.9211256143495589,1.1710700484141185,0.40648875753583197,3,3,3,3,0,False,,
combined,C3_roberta_s1,10,-15.119731331245884,-11.215098111885085,-11.876228172235178,2.091605939936209e-49,3.649961850122879e-27,1.8142860860855442e-30,1.7876973845608626e-51,3.8829381384285944e-29,1.8326122081672162e-32,2.0958882238051157,1.414265863640819,0.3024350547155148,1.2708630473871498,0.9052855037011781,3,3,3,3,0,False,,
combined,C3_roberta_s1,20,-19.217690429640676,-26.897863283683446,-15.645226890810257,1.0230737539467474e-79,1.7498640314633515e-155,7.150427240634045e-53,7.467691634647791e-82,1.2236811408834626e-157,5.674942254471464e-55,1.6956038703774856,0.5422954984025221,3.0352719840132,1.7577237842644025,1.24764862931353,3,3,3,3,0,False,,
combined,C4_longformer,5,-17.22794292263441,-8.457900226637491,-7.831308076300558,4.053693309960057e-64,2.0111808445309207e-15,3.0825788275071594e-13,3.1918844960315406e-66,2.832649076804114e-17,4.971901334688967e-15,1.4571408192461852,1.2034926635912828,0.1504586263431199,0.937030703060196,0.6928968686753056,3,3,3,3,0,False,,
combined,C4_longformer,10,-13.018572523649029,-21.761899352035716,-14.552057609465642,1.2671499675183023e-36,4.086844523205333e-102,9.57525810642396e-46,1.1954244976587759e-38,2.8984712930534276e-104,7.9793817553533e-48,2.253157863583331,0.24692716882613788,1.80857317941245,1.4362194039406395,1.0536725775721631,3,3,3,3,0,False,,
combined,C4_longformer,20,-29.61910465952725,-19.131964061482176,-20.90483413781968,4.057761584533909e-188,5.220967099261752e-79,2.928423128970048e-94,2.817889989259659e-190,3.8109248899720816e-81,2.0768958361489702e-96,0.01652241943442393,2.1359135658281505,2.721937819871668,1.6247912683780807,1.4232893677828593,3,3,3,3,0,False,,
combined,C5_e5mistral,5,4.36966097799909,4.490611172171106,4.572386284959861,0.0005117553284489251,0.0002779104114126361,0.0001790604172511052,1.2481837279242074e-05,7.125907984939387e-06,4.839470736516357e-06,-0.00850469251204417,-0.014583407481991755,-0.01070522527059698,-0.011264441754877634,0.0030776998275797835,3,0,0,0,3,False,,
combined,C5_e5mistral,10,1.829690748666541,1.8532543271051618,2.120920130047431,0.9422732231181605,0.7024033722250259,0.4751036556171247,0.06730523022272575,0.0638548520204569,0.033935975401223194,-0.08575171696571561,-0.08196443954522384,-0.11276871678903658,-0.09349495776665868,0.016798637078777014,3,0,0,0,3,False,,
combined,C5_e5mistral,20,0.5940991913036683,1.1566202937474013,0.6184971399294533,1.0,1.0,1.0,0.5524498900644074,0.24743599410686573,0.5362519993995156,-0.06443020582487077,-0.12526588575116457,-0.06536221221572845,-0.0850194345972546,0.03485756419833715,3,0,0,0,3,False,,
combined,C5_gteqwen2,5,3.661816306059054,3.803357265630093,3.992860162123089,0.00827718352306553,0.004290145383322615,0.0020618278089934647,0.0002508237431231979,0.00014300484611075385,6.542207429972902e-05,-0.002739862153643383,-0.006040628862444582,-0.0005976918996992296,-0.003126060971929065,0.0027419432599050703,3,0,0,0,3,False,,
combined,C5_gteqwen2,10,5.2699248812989,4.975155096586389,5.10860128571468,6.3175316958111115e-06,2.6864603877454076e-05,1.370717253982652e-05,1.3733764556111112e-07,6.55234240913514e-07,3.2636125094825047e-07,-0.23052177792126305,-0.22143385127445356,-0.22464465635342049,-0.22553342851637903,0.004608691750669056,3,0,0,0,3,False,,
combined,C5_gteqwen2,20,9.432560902122969,9.33082403172219,9.275653509783385,3.2782544767602753e-19,8.583049790613302e-19,1.3842459736487963e-18,4.257473346441916e-21,1.1146817909887406e-20,1.870602667092968e-20,-0.7566604662736639,-0.7983383411464284,-0.7447228103499719,-0.7665738725900214,0.02814894321713237,3,0,0,0,3,False,,
combined,C5_qwen3,5,-2.0861346997549504,-1.7032091068361277,-1.5700449125528868,0.6655332484334808,0.8853834237696334,1.0,0.0369740693574156,0.08853834237696334,0.1164142334023376,0.010461962411935184,0.008342383954090518,0.0044136797994260455,0.007739342055150583,0.003068904574779559,3,1,0,3,0,False,,
combined,C5_qwen3,10,4.12729879460706,3.887022127988516,3.945529957570637,0.0013614213991288476,0.003152088748853661,0.002313872257211646,3.6795172949428314e-05,0.00010168028222108583,7.978869852453951e-05,-0.11362489480909416,-0.11501530841398196,-0.11596048696143473,-0.11486689672817028,0.0011748477334883912,3,0,0,0,3,False,,
combined,C5_qwen3,20,6.111833987491474,6.9547819352829245,6.43671734107739,5.3787590709057686e-08,2.122532647278032e-10,6.4364239615250165e-09,9.960664946121793e-10,3.59751296148819e-12,1.237773838754811e-10,-0.41393592304229954,-0.41578502004779744,-0.4337194600150376,-0.4211468010350448,0.010927424458870865,3,0,0,0,3,False,,
combined,D1_concat_mlp,5,-10.047748405976725,-10.799822810748603,-5.314755762574059,8.437750347993714e-22,3.4836177727099484e-25,4.729635659682068e-06,1.0165964274691222e-23,3.828151398582361e-27,1.0749171953822882e-07,0.6955963464243441,1.0027948354487068,0.4251057117757139,0.7078322978829216,0.2890388724438119,3,3,3,3,0,False,,
combined,D1_concat_mlp,10,-8.08402412085912,7.002293879874365,-16.981086274552236,4.4704957236101827e-14,1.5397644852857225e-10,2.815102142329439e-62,6.478979309579975e-16,2.5662741421428708e-12,2.132653138128363e-64,0.2513105873851601,-0.15721331688346973,0.14345159946517005,0.07918295665562014,0.21170920841134258,3,2,2,2,1,True,,
combined,D1_concat_mlp,20,10.725579212148752,9.310790513111106,-9.000425335003355,7.615628880857151e-25,1.0227158362576058e-18,1.7043080336653213e-17,8.556886382985563e-27,1.3456787319179023e-20,2.367094491201835e-19,-2.7284981719888433,-1.9705221509765216,0.8725997272502809,-1.2754735319050279,1.8984983426727033,3,1,1,1,2,True,,
combined,D2_gated_fusion,5,-5.656951601410244,-7.249931199947309,-8.038164023321174,7.767826234551383e-07,2.5992886488050437e-11,5.935034382161709e-14,1.5535652469102767e-08,4.261128932467285e-13,9.420689495494775e-16,0.21758416171246933,0.15957092878530083,0.3566108998909915,0.24458866346292055,0.10125769051990789,3,3,3,3,0,False,,
combined,D2_gated_fusion,10,9.96806053765516,14.210190264614491,-9.254536477691808,1.8611340645348184e-21,1.2760513950576717e-43,1.6626103981382578e-18,2.2696756884570958e-23,1.08139948733701e-45,2.277548490600353e-20,-1.2534583498210217,-0.6648993425075844,0.8819442831565194,-0.34547113639069554,1.102955976174545,3,1,1,1,2,True,,
combined,D2_gated_fusion,20,21.536376113168956,-11.971262831950881,-12.217520984977662,5.126298269753356e-100,6.069070487359949e-31,3.007561374746001e-32,3.661641621252397e-102,5.892301444038786e-33,2.977783539352476e-34,-0.6277516888657033,0.8427891453092693,2.4860975980749633,0.9003783515061764,1.5577232530035676,3,2,2,2,1,True,,
combined,D3_e5mistral,5,-10.277058792481155,-5.6129187842566575,-5.400275977027202,8.280860654176785e-23,8.823503766537019e-07,3.0818463625601472e-06,9.742189004913864e-25,2.0053417651220498e-08,6.699666005565537e-08,1.232937240056155,0.544881888473744,0.5731686850322397,0.7836626045207128,0.38934022309095373,3,3,3,3,0,False,,
combined,D3_e5mistral,10,-22.385838954635815,-14.365891515206606,-17.040480629677898,5.107396020476742e-108,1.4187489981634584e-44,1.0382783671137462e-62,3.596757760899114e-110,1.1725198331929408e-46,7.80660426401313e-65,1.9459216694158377,2.2532584880923094,2.0505635294214497,2.083247895643199,0.15625357875911736,3,3,3,3,0,False,,
combined,D3_e5mistral,20,-10.214366529411318,-12.114583090153543,-8.800959136654463,1.5634575383837108e-22,1.128129052951308e-31,9.811060563030655e-17,1.8612589742663223e-24,1.0445639379178778e-33,1.421892835221834e-18,1.9538702594207256,1.9275820913570263,1.9397322955957172,1.9403948821244896,0.013156603312307003,3,3,3,3,0,False,,
combined,D3_gteqwen2,5,-18.60470968082376,-18.70110945707077,-14.50673515696185,9.601816109554789e-75,1.660820119393532e-75,1.8300271919856804e-45,7.274103113299083e-77,1.22119126425995e-77,1.5378379764585549e-47,2.598384614094668,2.3908531432219715,1.8676034846205305,2.28561374731239,0.3765856644077602,3,3,3,3,0,False,,
combined,D3_gteqwen2,10,-15.54890441019225,-10.52208505125019,-18.317884761817606,3.0314333994310266e-52,6.6104414457607376e-24,1.9174983046054813e-72,2.5261944995258555e-54,7.511865279273566e-26,1.3996337989821032e-74,2.157569188585566,1.803407260154919,2.358696167153096,2.1065575386311934,0.2811371264740893,3,3,3,3,0,False,,
combined,D3_gteqwen2,20,-15.427700500819626,-10.93237637199574,-11.271437623083376,1.944421045109962e-51,8.38674049567535e-26,1.975802702563843e-27,1.6478144450084422e-53,9.018000532984247e-28,2.0581278151706696e-29,1.7146927731808026,1.5692598827821873,1.3296714164676735,1.5378746908102212,0.19441999379601502,3,3,3,3,0,False,,
combined,D3_qwen3,5,-11.619925688619528,-12.520462088805422,-9.9812605456737,3.565293035083967e-29,7.656550567303299e-34,1.669340763413753e-21,3.752940036930492e-31,6.960500515730272e-36,1.9873104326354201e-23,1.6755540802647844,1.7059491385064702,1.1947982979332035,1.5254338389014859,0.28674180128631493,3,3,3,3,0,False,,
combined,D3_qwen3,10,-19.019362387507897,-10.776233048315245,-13.360868465058108,4.29054007525001e-78,4.451110955224516e-25,1.4367668174027302e-38,3.178177833518526e-80,4.94567883913835e-27,1.3061516521843002e-40,2.0510536851524694,1.3954080030320561,1.9918532893614314,1.8127716591819858,0.36265753517827437,3,3,3,3,0,False,,
combined,D3_qwen3,20,-6.9402003354050645,-8.382768305106335,-4.39428417141106,2.5127551885904174e-10,3.762137416840669e-15,0.0003902098381250901,3.988500299349869e-12,5.3744820240580994e-17,1.1148852517859716e-05,1.259121854195451,1.3465662846254831,0.9206843211580595,1.1754574866596645,0.22493033698923173,3,3,3,3,0,False,,
event_driven,C1_bert_s1,5,-9.672320703953107,-6.900595054747018,-7.477384908114301,3.4128916985168426e-20,3.011632495781804e-10,4.69775029170663e-12,4.320116074071953e-22,5.301587005267348e-12,7.829583819511049e-14,1.244664635084717,1.0898769263953938,1.2496198334544937,1.1947204649782017,0.09083096489988685,3,3,3,3,0,False,,
event_driven,C1_bert_s1,10,-11.903628240782409,-14.475034432678504,-12.280584664500905,1.3462853094624733e-30,3.303047131395537e-45,1.4922259976879703e-32,1.387922999445849e-32,2.7074156814717514e-47,1.4487631045514275e-34,1.2546629846080926,1.6135223926144577,1.8894284520147862,1.5858712764124456,0.31828483756444076,3,3,3,3,0,False,,
event_driven,C1_bert_s1,20,-18.230377343994004,-16.787744347257508,0.2206422074920601,1.1815899557920373e-71,8.836349859428329e-61,1.0,9.019770654901048e-74,6.694204438960856e-63,0.8253728554133924,2.466204946033819,2.4996973478670372,-0.06221649076718922,1.6345619343778892,1.469548639301707,3,2,2,2,1,True,,
event_driven,C1_bert_s2,5,-12.473242454038456,-9.38123721951599,-8.364550351376973,1.3324096291828976e-33,5.502161155009665e-19,4.1870844275192e-15,1.3324096291828976e-35,7.054052762832903e-21,6.34406731442303e-17,1.668179158730454,1.3573119120552315,1.5235990867246358,1.5163633858367735,0.15555988489762507,3,3,3,3,0,False,,
event_driven,C1_bert_s2,10,-11.085255820600132,-13.063124115048032,-10.620415601221294,1.5686087905438322e-26,8.247290504762553e-37,2.506916149619973e-24,1.7237459236745408e-28,7.17155696066309e-39,2.724908858282579e-26,2.0429191093149695,1.3895499720550026,1.3656935397568077,1.5993875403755933,0.38429477204987844,3,3,3,3,0,False,,
event_driven,C1_bert_s2,20,-17.477209154280494,-21.405091248129114,-17.920913284308952,7.013843532817307e-66,1.376916104365742e-98,3.093746197977327e-69,5.479565260013521e-68,9.835115031183872e-101,2.2916638503535756e-71,1.7418029705303366,2.5621187664235685,2.6828561392988886,2.328925958750931,0.5120345991971821,3,3,3,3,0,False,,
event_driven,C2_finbert_s1,5,-14.362817547095286,-16.093396844425236,-10.820853693205791,1.531344340594281e-44,7.199695556607267e-56,2.9917010855878963e-25,1.3551719828267975e-46,5.538227351236359e-58,3.1491590374609436e-27,2.1354108463976527,2.0010650608522336,2.0550495683207997,2.0638418251902286,0.06760307211286666,3,3,3,3,0,False,2.1354108463976527,False
event_driven,C2_finbert_s1,10,-14.18950381576595,-11.837774328239053,-9.375522079640147,1.790816992498535e-43,3.0665393605650295e-30,5.58600478215066e-19,1.5989437433022633e-45,3.036177584717851e-32,7.44800637620088e-21,2.103684316886877,2.1028378696283174,1.9378505600245055,2.0481242488465665,0.095500753677963,3,3,3,3,0,False,2.103684316886877,True
event_driven,C2_finbert_s1,20,-2.0312774683880646,-2.0185539549395424,-9.685680311444184,0.6758004386890938,0.5660768510921488,3.038372454585952e-20,0.04223752741806836,0.04354437316093452,3.7979655682324397e-22,0.9196526269056869,0.5226893472087264,1.356059175363377,0.9328003831592634,0.4168404553789202,3,3,1,3,0,False,0.9196526269056868,False
event_driven,C2_finbert_s2,5,-7.245877099863527,-9.802185309194035,-9.389470637465912,2.8733001765873328e-11,9.920764205589088e-21,4.959509018920941e-19,4.420461810134358e-13,1.209849293364523e-22,6.52566976173808e-21,1.6940347868395955,1.6163697277243212,1.7389815441617607,1.6831286862418926,0.06202920002069591,3,3,3,3,0,False,,
event_driven,C2_finbert_s2,10,-14.376680664547852,-11.71232524042796,-10.452077215625412,1.269038414001771e-44,1.3330675546204776e-29,1.4563504087212203e-23,1.1131915912296238e-46,1.3330675546204776e-31,1.618167120801356e-25,1.9776691410921328,2.4816289583007896,2.3447264948158963,2.2680081980696065,0.2605919168584946,3,3,3,3,0,False,,
event_driven,C2_finbert_s2,20,-6.926725006216949,-12.047427807941192,8.785593286790457,2.735719418747079e-10,2.6298761308399933e-31,1.1249392554593315e-16,4.412450675398515e-12,2.4810152177735787e-33,1.654322434499017e-18,0.7524573506700624,3.2502763267691055,-0.48185174727347024,1.1736273100552326,1.9013766305707465,3,2,2,2,1,True,,
event_driven,C2_finbert_s3,5,-10.862822146616352,-8.81940893028214,-14.476376750977856,1.7951531149716503e-25,9.056337350887272e-17,3.1275888178090654e-45,1.9946145721907227e-27,1.2238293717415233e-18,2.650498998143276e-47,2.9965990259128255,2.050655149093146,2.3884524600777737,2.4785688783612483,0.47936748028661974,3,3,3,3,0,False,,
event_driven,C2_finbert_s3,10,-11.942146457435436,-9.830274942493585,-10.74722536564054,8.588040677204846e-31,7.703394923608684e-21,6.502445641225781e-25,8.763306813474332e-33,9.17070824239129e-23,6.991877033576109e-27,1.0672454940905998,1.212515684564936,1.5687155787876204,1.2828255858143853,0.25802262133733495,3,3,3,3,0,False,,
event_driven,C2_finbert_s3,20,6.343477157803367,-18.543141603875874,-14.258571787430743,1.2797300099387938e-08,4.115860907894158e-74,7.057668455400857e-44,2.2852321606049888e-10,3.048785857699376e-76,6.0321952610263735e-46,-3.4020089156119897,3.9177376873265795,2.5179253769154366,1.011218049543342,3.8855241358889083,3,2,2,2,1,True,,
event_driven,C2_finbert_s4,5,-4.270665304182809,-11.46907154531028,-11.387504967181053,0.0007499277908939877,2.156114527182881e-28,5.545618045578359e-28,1.956066325822651e-05,2.245952632482168e-30,5.7171320057508856e-30,0.8769418954622148,2.328072740524006,2.610051243777982,1.938355293254734,0.9299606281098325,3,3,3,3,0,False,,
event_driven,C2_finbert_s4,10,-11.71072501506519,-11.999265001690445,-15.864414787488734,1.3039961508127408e-29,4.596346124149945e-31,2.6971573541995455e-54,1.3583293237632717e-31,4.4195635809134085e-33,2.107154182968395e-56,0.9721560062805387,2.146044344675795,2.216199791585598,1.7781333808473105,0.6988777381759548,3,3,3,3,0,False,,
event_driven,C2_finbert_s4,20,-9.653336619505275,-2.9311803628854762,-18.925159999153777,4.0586003632856807e-20,0.07097699518442487,3.553573348544843e-77,5.203333799084206e-22,0.0033798569135440413,2.5750531511194512e-79,3.203575177013093,0.9585060848688217,4.642456547907059,2.934845936596325,1.8566190527464543,3,3,2,3,0,False,,
event_driven,C3_roberta_s1,5,-9.019105982195446,-12.27347950088263,-10.8085692568751,1.5213157689941097e-17,1.7214760778645717e-32,3.382478363052495e-25,2.0284210253254795e-19,1.5793358512519006e-34,3.598381237289888e-27,1.6153999263554963,1.3209257234839655,1.0059939756144671,1.3141065418179763,0.3047601993840235,3,3,3,3,0,False,,
event_driven,C3_roberta_s1,10,-12.076601856479247,-7.381817247654184,-6.884876634921966,1.7230196515571761e-31,9.983002406448285e-12,3.256317194963496e-10,1.740423890461794e-33,1.6101616784594007e-13,5.920576718115447e-12,1.7479504380932438,1.453653340449123,1.12292649111793,1.4415100898867657,0.3126888668849838,3,3,3,3,0,False,,
event_driven,C3_roberta_s1,20,-19.566029536186466,-3.032384588691676,-16.19783247428946,1.815528073906034e-82,0.055862667497398495,1.3623581660753876e-56,1.3156000535550971e-84,0.0024288116303216737,1.0479678200579905e-58,2.6346669512120453,0.8443192978569797,0.5814069443476422,1.3534643978055556,1.1173140621814603,3,3,2,3,0,False,,
event_driven,C4_longformer,5,-11.327876820620459,-9.822468598395023,-7.4289015899979285,1.0483659031432096e-27,8.219151481653887e-21,6.666581727080653e-12,1.1272751646701178e-29,9.902592146570948e-23,1.1299291062848565e-13,1.4632703224787218,1.9310100574715732,1.3864399929762765,1.5935734576421907,0.29474280154259036,3,3,3,3,0,False,,
event_driven,C4_longformer,10,-9.78642930679473,-8.302215304473961,-8.982726478614092,1.1309470773999927e-20,7.403501690192182e-15,2.0044774754255254e-17,1.413683846749991e-22,1.0729712594481422e-16,2.8232077118669373e-19,0.8869309660147274,1.6488077817387545,1.3598763163371577,1.2985383546968798,0.38462427086454637,3,3,3,3,0,False,,
event_driven,C4_longformer,20,22.313911462408175,-13.305863163027327,-20.91440446214312,4.572122628474696e-107,3.414990880077319e-38,3.782316960266664e-94,3.2426401620387913e-109,2.943957655239068e-40,2.701654971619046e-96,-2.001146107744288,1.0501807173197886,2.165938716352056,0.40499110864251886,2.1571627676562475,3,2,2,2,1,True,,
event_driven,C5_e5mistral,5,0.3772776927636656,0.004802554955745193,0.003961416290588588,1.0,1.0,1.0,0.7059704367229098,0.9961681684327268,0.9968392868413228,-0.036102723972033776,-0.0004560653498390108,-0.00037435689288076813,-0.012311048738251186,0.020604235654115455,3,0,0,0,3,False,,
event_driven,C5_e5mistral,10,5.774818399481301,5.8172156815061165,5.235966433876534,3.975357437045173e-07,2.7859853058220114e-07,7.114369071232115e-06,7.794818504010143e-09,6.0564897952652426e-09,1.6545044351702593e-07,-0.5586872539395565,-0.5529972634248286,-0.4509237733405632,-0.5208694302349827,0.0606414889890438,3,0,0,0,3,False,,
event_driven,C5_e5mistral,20,12.84689616852892,12.5988890870964,12.88106577308946,1.2288589344917076e-35,3.072895689944806e-34,8.224920067994788e-36,1.1815951293189497e-37,2.7683744954457713e-36,7.615666729624804e-38,-1.8843751220608214,-1.813104835549707,-1.969544560662925,-1.8890081727578176,0.07832270275881381,3,0,0,0,3,False,,
event_driven,C5_gteqwen2,5,0.5251094320161477,0.5663191845972776,0.4032250539184721,1.0,1.0,1.0,0.5995117562627507,0.5711818828524559,0.6867861037367258,-0.0332765458512547,-0.0342551306404252,-0.02538628013697099,-0.030972652209550297,0.0048626198440109925,3,0,0,0,3,False,,
event_driven,C5_gteqwen2,10,0.5283615636542548,0.7804671063844572,0.6650871174880272,1.0,1.0,1.0,0.5972530996682852,0.43512337118088007,0.5060009090945721,-0.020286123890636405,-0.029935132365188303,-0.024863548501039324,-0.025028268252288013,0.004826612744237117,3,0,0,0,3,False,,
event_driven,C5_gteqwen2,20,3.705922329546531,3.4276284197413927,3.5576423527766328,0.007176785742220555,0.016466473167586683,0.009747353077708153,0.0002110819335947222,0.0006098693765772845,0.0003748981952964674,-0.15231776354337892,-0.13491588178063615,-0.15146311849717048,-0.14623225460706185,0.009809578227362866,3,0,0,0,3,False,,
event_driven,C5_qwen3,5,2.4128044757781155,2.52288658272501,2.6945513561488377,0.3642608269592186,0.1863314827656192,0.13631867778517764,0.01583742725909646,0.0116457176728512,0.007053034626623715,-0.12488685671920591,-0.12889451466100293,-0.13232673637519204,-0.12870270258513364,0.0037236468989723056,3,0,0,0,3,False,,
event_driven,C5_qwen3,10,2.9888293599808198,3.122135242326526,2.955926589014194,0.07848978375918923,0.04313979755561551,0.06864489669757097,0.0028032065628281868,0.001797491564817313,0.003120222577162317,-0.12822828472558218,-0.13225937110321648,-0.12278470330382568,-0.1277574530442081,0.004754849559275493,3,0,0,0,3,False,,
event_driven,C5_qwen3,20,6.1256033156191965,6.010159913000017,6.146869868814097,5.043667217834574e-08,9.20878437670131e-08,4.011752063470263e-08,9.170304032426498e-10,1.8793437503472064e-09,8.023504126940526e-10,-0.42106186650755956,-0.4668538608442652,-0.4503786668740058,-0.44609813140861015,0.023194157114154918,3,0,0,0,3,False,,
event_driven,D1_concat_mlp,5,-6.366980832228506,-7.685382206936786,-8.12191364590266,1.1374890501826022e-08,1.0277049885556565e-12,3.070705626857143e-14,1.9611880175562108e-10,1.581084597777933e-14,4.797977541964286e-16,0.8489794861709102,0.5176028116114639,1.067929790129853,0.8115040293040757,0.2770708451314002,3,3,3,3,0,False,,
event_driven,D1_concat_mlp,10,-1.486930918489984,3.1948684220468477,-5.4147649897632535,1.0,0.03501705427293527,2.9109201742657296e-06,0.1370456684991216,0.0014006821709174107,6.193447179288787e-08,0.014361386346646009,-0.23464537422394532,0.4086004400297369,0.0627721507174792,0.3243439470206696,3,1,1,2,1,True,,
event_driven,D1_concat_mlp,20,4.420083766285855,-4.327853488579435,-12.559640499548207,0.00042605381925293244,0.0005139452797873372,4.80746885504466e-34,9.90822835471936e-06,1.5116037640804035e-05,4.5353479764572264e-36,-1.867826823810425,0.7833644138276779,0.9081783050606518,-0.058761368307365114,1.567939091158215,3,2,2,2,1,True,,
event_driven,D2_gated_fusion,5,-5.576791551123203,2.017509862159078,-10.093378034529755,1.212824939358372e-06,0.5660768510921488,5.711383960203329e-22,2.4751529374660653e-08,0.043652951452656776,6.564809149658998e-24,0.5087523314740983,-0.0007034184929951238,0.8731614810660343,0.46040346468237914,0.43893413556063365,3,2,2,2,1,True,0.5087523314740983,False
event_driven,D2_gated_fusion,10,-2.2154450565237545,-2.6877338645817814,-2.8682328105265724,0.5615086563862174,0.12957539420948344,0.0867545782448596,0.026738507446962732,0.007198633011637969,0.004131170392612362,0.2308031510747592,0.025093231320098483,0.14040904383161013,0.13210180874215594,0.10310625775136459,3,3,0,3,0,False,0.2308031510747592,False
event_driven,D2_gated_fusion,20,8.58150519531199,5.4879147983956775,10.560392512964166,7.230793366055129e-16,1.7659925674475654e-06,4.70143764826621e-24,9.905196391856342e-18,4.106959459180385e-08,5.1664149980947364e-26,-2.869476411334253,-0.5943042160128891,-2.3152454149429653,-1.9263420140967025,1.1863964434299357,3,0,0,0,3,False,-2.869476411334253,False
event_driven,D3_e5mistral,5,-10.454151575582008,-6.930306069158275,-6.812230928095271,1.3925788953483618e-23,2.494478644161316e-10,5.306407019877214e-10,1.5824760174413202e-25,4.3008252485539934e-12,9.826679666439285e-12,1.5547534560952367,0.5154386723565205,0.7569203139677375,0.9423708141398316,0.5439096624762457,3,3,3,3,0,False,,
event_driven,D3_e5mistral,10,-13.486036593447366,-13.668646929879323,-15.249881703205302,2.8734166994058136e-39,2.5973454992450475e-40,3.5169636155080816e-50,2.636162109546618e-41,2.2199534181581603e-42,2.8362609802484527e-52,0.43829188274929326,0.973707188203466,1.4115130564549854,0.9411707091359149,0.48742571750971053,3,3,3,3,0,False,,
event_driven,D3_e5mistral,20,-12.820317800519655,-19.623569844090525,14.070608465832626,1.7113743546677762e-35,5.964535611233639e-83,9.858351029040552e-43,1.6615284996774527e-37,4.3221272545171296e-85,8.572479155687437e-45,0.9454920233343379,0.136774802055083,-0.8304226871514159,0.08394804607933504,0.8891351215310953,3,2,2,2,1,True,,
event_driven,D3_gteqwen2,5,-18.09741571310296,-18.277658528758938,-17.166244148839887,1.2598602851115236e-70,5.059202736122878e-72,1.510401993448733e-63,9.691232962396335e-73,3.775524429942446e-74,1.1271656667527859e-65,2.775859961506701,2.521100381387704,2.5127201528449303,2.6032268319131115,0.14956338165662406,3,3,3,3,0,False,,
event_driven,D3_gteqwen2,10,-11.523258674015205,-11.710469132488287,-13.923901718415413,1.1316948858963566e-28,1.348788502369917e-29,7.476367529821518e-42,1.2039307296769752e-30,1.362412628656482e-31,6.616254451169485e-44,1.8401332937352712,2.1113285879560064,2.1352521800559785,2.0289046872490855,0.16391785693328814,3,3,3,3,0,False,,
event_driven,D3_gteqwen2,20,-6.844330114050466,-15.475077323749174,-12.746407514339325,4.717771166231501e-10,1.1511777824232296e-51,4.570815300894e-35,7.862951943719168e-12,9.136331606533568e-54,4.271790000835514e-37,0.8488473863712946,1.5159227654984537,1.1008036580951592,1.1551912699883025,0.33684699732221174,3,3,3,3,0,False,,
event_driven,D3_qwen3,5,-12.781730679679248,-12.023460564765541,-11.925312394978818,2.765267867337454e-35,3.4659845790860404e-31,1.0706344604436081e-30,2.7110469287622102e-37,3.3009376943676575e-33,1.0706344604436082e-32,2.2033282729806456,1.4456645849530214,1.7293394177470414,1.7927774252269029,0.38279479049964416,3,3,3,3,0,False,,
event_driven,D3_qwen3,10,-13.122329898383535,-13.039224184994898,-13.945065124512661,3.5376238384364364e-37,1.116473673241426e-36,5.620594903569901e-42,3.306190503211623e-39,9.793628712644088e-39,4.930346406640264e-44,1.1403381117352724,1.411529812924711,1.8237534144840617,1.4585404463813483,0.34412442335774507,3,3,3,3,0,False,,
event_driven,D3_qwen3,20,-13.4656241173802,-19.682069694196617,-13.541506849828775,3.760097213785072e-39,1.9311733917347536e-83,1.3897695942891455e-39,3.481571494245437e-41,1.3893333753487435e-85,1.2520446795397707e-41,1.0308572160471108,0.9999213502980778,0.6088297495665411,0.8798694386372432,0.23523635292205095,3,3,3,3,0,False,,
long_form,C1_bert_s1,5,-0.9605648147902127,-6.9082928078925425,-7.553977823022247,1.0,3.011632495781804e-10,2.861592330326795e-12,0.3368002400981529,5.2835657820733404e-12,4.6911349677488446e-14,0.11848154642710779,3.711453418585535,2.643732204464027,2.1578890564922233,1.8451001034777956,3,2,2,3,0,False,0.1184815464271077,False
long_form,C1_bert_s1,10,4.3669370330309745,-6.768976784652004,4.854000695964407,0.0005117553284489251,7.224311998856812e-10,4.932261969552596e-05,1.276015493211553e-05,1.3892907690109254e-11,1.233065492388149e-06,-1.2823173171873985,0.6726283539600246,-0.9683183280273038,-0.5260024304182259,1.049850303254138,3,1,1,1,2,True,-1.2823173171873985,False
long_form,C1_bert_s1,20,-15.113444567398918,-4.403597158447863,14.87534342098746,7.849040237317883e-49,0.00039912865008276583,2.6754498333875604e-47,6.766413997687831e-51,1.0787260813047725e-05,2.2111155647831078e-49,2.950124040620903,2.0884325094439378,-0.827102332830065,1.4038180724115918,1.979490455803772,3,2,2,2,1,True,2.950124040620903,True
long_form,C1_bert_s2,5,2.1695345022847228,-9.71871676864814,-7.2115747978957865,0.601433131844549,2.6672766728994222e-20,3.381906945676157e-11,0.030071656592227453,3.3340958411242777e-22,6.03911954585028e-13,-0.822604590838276,1.99596565767136,0.4273492262449451,0.5335700976926764,1.412284219480716,3,2,2,2,1,True,,
long_form,C1_bert_s2,10,5.477688210822162,9.444709711692083,10.170365733124697,2.0873465927251635e-06,3.6314222498444613e-19,3.327040703124936e-22,4.4411629632450284e-08,4.596737025119571e-21,3.780728071732882e-24,-1.1763037809162447,-2.350758826013625,-6.964843685632704,-3.497302097520858,3.0598561505735185,3,0,0,0,3,False,,
long_form,C1_bert_s2,20,-3.913480493241531,-8.573740176916592,-12.522708100674217,0.003210864783972419,8.588110152702248e-16,1.2818769691044702e-33,9.17389938277834e-05,1.1927930767642011e-17,1.220835208670924e-35,3.058296255501067,3.1829827367777113,5.637973979547882,3.9597509906088866,1.4547202411824027,3,3,3,3,0,False,,
long_form,C2_finbert_s1,5,-5.573568413126545,-6.233521837909247,-8.353151926409495,1.237145764477583e-06,2.396603390021132e-08,5.052379611044087e-15,2.577387009328298e-08,4.793206780042264e-10,7.772891709298595e-17,0.5621361399397723,0.8526239931907402,2.3667913989983282,1.2605171773762802,0.9690086626499735,3,3,3,3,0,False,0.5621361399397723,True
long_form,C2_finbert_s1,10,-12.769558213320115,15.54249377703673,-1.9268250099304638,5.656239900671224e-35,1.376903439755012e-51,0.7024825851635473,5.600237525417054e-37,1.1015227518040095e-53,0.05403712193565749,4.55810848141576,-1.0929584272924797,0.9442782109009942,1.4698094216747581,2.861953282602169,3,1,1,2,1,True,4.55810848141576,True
long_form,C2_finbert_s1,20,5.981780257472185,6.818264953620352,-7.4375045291076045,1.2207103648264486e-07,5.342172995440559e-10,6.666581727080653e-12,2.3032271034461296e-09,9.892912954519554e-12,1.1337704583283358e-13,-0.08374310429343669,-5.363148931455191,1.1650664338942343,-1.427275200618131,3.4652861114902267,3,1,1,1,2,True,-0.0837431042934366,False
long_form,C2_finbert_s2,5,-7.252073747189423,-10.756816816572638,5.7523928744035,2.873803984825718e-11,7.486451215634914e-25,4.379990206138794e-07,4.490318726290184e-13,8.411742938915634e-27,9.124979596122487e-09,1.733647133918385,0.9042809420396143,-0.8962071971078798,0.5805736262833733,1.344478809914825,3,2,2,2,1,True,1.733647133918385,True
long_form,C2_finbert_s2,10,-7.922258040836493,7.578679642945403,-10.112142369295139,1.7750261032265953e-13,2.4866258379220535e-12,5.8565166565465775e-22,2.649292691382978e-15,3.8853528717532085e-14,6.809903089007649e-24,0.24353230058839478,-3.878822071214778,1.903736206271822,-0.5771845214515204,2.9773607666214508,3,2,2,2,1,True,0.2435323005883947,True
long_form,C2_finbert_s2,20,7.931064408399995,-11.418488484848377,-2.705024312381171,1.680016778489811e-13,5.512201028484254e-28,0.13631867778517764,2.4706129095438396e-15,5.8023168720886886e-30,0.0068445828264632295,-5.189522358036292,3.6366097401946487,0.7909397610692048,-0.25399095225747964,4.504893128654185,3,2,1,2,1,True,-5.189522358036292,False
long_form,C2_finbert_s3,5,-9.846449686090367,-7.496483349150464,-6.348301375712331,7.75803139091267e-21,4.574858215710516e-12,1.1712035990692492e-08,9.577816531990951e-23,7.261679707477009e-14,2.296477645233822e-10,2.386963439261433,1.938439321244029,2.4778026224262617,2.267735127643908,0.2887728092877223,3,3,3,3,0,False,2.386963439261433,True
long_form,C2_finbert_s3,10,-9.37590809793571,-0.3484023908466904,-10.341803667015173,6.674404541292563e-19,1.0,5.838683986930266e-23,8.782111238542846e-21,0.7275472535204023,6.560319086438501e-25,3.0309953748126643,0.04641070493950471,4.992560088076367,2.689988722609512,2.4906450133873737,3,2,2,3,0,False,3.0309953748126643,True
long_form,C2_finbert_s3,20,2.0738371713997608,0.7093039044651652,11.755194601982579,0.6655332484334808,1.0,1.1928186584230601e-29,0.038126753630780566,0.4781568356341507,1.2171618963500613e-31,-0.7577394756180948,-0.39883612315424805,-11.100504484258225,-4.08569336101019,6.0776545003180065,3,0,0,0,3,False,-0.7577394756180948,False
long_form,C2_finbert_s4,5,5.94317202702821,-4.375466171590737,6.004340194559526,1.515012301355199e-07,0.0004417936749448795,9.826937030996583e-08,2.9134851949138444e-09,1.2272046526246653e-05,2.0054973532646086e-09,-1.0912473387564317,2.4319293577267977,-0.7405002466636317,0.20006059076891147,1.9407948179404424,3,1,1,1,2,True,-1.0912473387564317,False
long_form,C2_finbert_s4,10,-10.36303687519256,5.97939328905602,1.281012045872803,4.5328214443698513e-23,1.1216097988061592e-07,1.0,5.270722609732385e-25,2.336687080846165e-09,0.20022688632429178,2.280783498232488,-2.092269046004603,-0.5649452299404247,-0.12547692590417991,2.219402268935038,3,1,1,1,2,True,2.280783498232488,True
long_form,C2_finbert_s4,20,-16.88514863683028,-12.763991568324387,14.182807289596743,9.148891227495745e-61,6.809505734184867e-35,4.84286646730509e-43,7.261024783726781e-63,6.026111269190147e-37,4.1748848856078364e-45,3.453562065421156,5.728427558726104,-0.12852500536711692,3.017821539593381,2.9526895686638035,3,2,2,2,1,True,3.453562065421156,True
long_form,C3_roberta_s1,5,-10.471338179933618,-6.796486576415936,9.691069188893913,1.4903435557905043e-23,6.091865083696641e-10,3.443238300600509e-20,1.7130385698741428e-25,1.1494085063578569e-11,4.358529494431024e-22,0.6742480435965201,0.31115295140353977,-0.25910928415816536,0.2420972369472982,0.4704949458736388,3,2,2,2,1,True,0.6742480435965201,True
long_form,C3_roberta_s1,10,-6.365018045081567,-7.8320713572548035,-9.803504836070507,1.1748667472444756e-08,3.577614580095415e-13,1.1974311865513781e-20,2.0611697320078518e-10,5.42062815165972e-15,1.4602819348187538e-22,1.9773753930897622,1.4730719353937942,0.41934235218845317,1.2899298935573364,0.7949984243701776,3,3,3,3,0,False,1.9773753930897624,True
long_form,C3_roberta_s1,20,-6.887938969896681,4.413493314262971,-7.217613966572386,3.7178546555995545e-10,0.00039165417123712855,3.29562239635836e-11,6.094843697704187e-12,1.030668871676654e-05,5.781793677821684e-13,0.23680867828555943,-0.1377229198532723,0.2040610501028036,0.10104893617836357,0.20742975006612044,3,2,2,2,1,True,0.2368086782855594,True
long_form,C4_longformer,5,-8.729907631360366,-8.303023362965934,-9.911858475520866,2.2722028709741403e-16,8.041769694495704e-15,4.171859380135553e-21,3.0705444202353247e-18,1.1826131903670152e-16,5.026336602572956e-23,1.5263781171705129,0.9119920030332236,1.4468343631780387,1.2950681611272585,0.3341291806694954,3,3,3,3,0,False,1.5263781171705129,True
long_form,C4_longformer,10,16.83792072067941,16.63728529261447,-9.410295448427494,1.9442711770753488e-60,5.281831423474615e-59,4.895711106796393e-19,1.555416941660279e-62,4.031932384331767e-61,6.358066372462847e-21,-2.60763409942578,-5.379498269090973,0.25016269008883135,-2.578989892809308,2.814939785636246,3,1,1,1,2,True,-2.60763409942578,False
long_form,C4_longformer,20,8.42968481560756,2.2073820798592068,16.19679702107955,2.9380896289922697e-15,0.3824241773606651,5.864578359619301e-56,4.0806800402670414e-17,0.027316012668618935,4.546184774898683e-58,-9.341306531512824,-1.4344380827430552,-1.053750460320373,-3.9431650248587506,4.678801081565939,3,0,0,0,3,False,-9.341306531512824,False
long_form,C5_e5mistral,5,2.9852421238467364,2.997490606367365,3.1000461055569755,0.07848978375918923,0.06007176551516991,0.04465838429643228,0.0028421660853063095,0.002730534796144087,0.0019416688824535774,-1.0853456092339504,-1.1175404166479361,-1.1538780223720995,-1.1189213494179953,0.03428706963450003,3,0,0,0,3,False,,
long_form,C5_e5mistral,10,2.121152880996558,2.4352954398580415,2.203464146598245,0.6448575543681369,0.2235227755118728,0.441450987040729,0.03393987128253352,0.014901518367458186,0.027590686690045562,-1.7649114243353115,-2.053875977558328,-1.818737291805142,-1.879174897899594,0.15367061016233882,3,0,0,0,3,False,,
long_form,C5_e5mistral,20,2.7777380729941,2.870235456227667,3.1982098331927715,0.14265637411847115,0.08225107512641182,0.03470728853511431,0.005486783619941198,0.004112553756320591,0.0013882915414045723,-4.666439828855565,-4.766443375701612,-5.470203923172169,-4.967695709243116,0.4380480066671607,3,0,0,0,3,False,,
long_form,C5_gteqwen2,5,3.5233031391502094,3.463460594736755,3.58436758488664,0.01371513547421539,0.015010376664039357,0.00917785031588552,0.00042859798356923096,0.0005360848808585485,0.0003399203820698341,-1.406731846517515,-1.385114026209032,-1.4229243591555845,-1.404923410627377,0.018969927508001746,3,0,0,0,3,False,,
long_form,C5_gteqwen2,10,3.2819979971101696,3.222192585171473,3.173033788204028,0.03209120496775111,0.03320914382100075,0.03634337749377753,0.0010352001602500357,0.0012772747623461826,0.0015143073955740638,-3.006687756148978,-2.8873800169675645,-2.8931118032513448,-2.9290598587892958,0.06728878940703832,3,0,0,0,3,False,,
long_form,C5_gteqwen2,20,5.00697661447746,4.9954293020749345,4.9030624824188935,2.541955514036809e-05,2.5184784230561507e-05,3.945654046716692e-05,5.648790031192909e-07,5.99637719775274e-07,9.623546455406567e-07,-8.184953435769954,-8.136349583662223,-7.95842262323579,-8.093241880889323,0.11925920419663515,3,0,0,0,3,False,,
long_form,C5_qwen3,5,4.020571223142068,3.9000689486042623,3.9554933630194986,0.0021093781463203142,0.003102632036528298,0.002311212701398725,5.85938373977865e-05,9.695725114150931e-05,7.70404233799575e-05,-1.034689347575102,-0.9922454799839129,-1.0446130694293916,-1.0238492989961354,0.027815842535834117,3,0,0,0,3,False,,
long_form,C5_qwen3,10,4.410135289649693,4.214424550185535,4.442603051449643,0.0004396090712896461,0.0008355333267135858,0.00032429873760711183,1.0466882649753479e-05,2.531919171859351e-05,9.008298266864218e-06,-3.134612360440389,-2.997061941659228,-3.160037122185353,-3.097237141428323,0.08768071403695721,3,0,0,0,3,False,,
long_form,C5_qwen3,20,4.823954162639518,4.893878552497229,4.349034408864158,6.308480899847648e-05,4.0330032142396534e-05,0.00047074614842863773,1.4337456590562837e-06,1.0082508035599134e-06,1.3845474953783463e-05,-6.64669881319766,-6.626381624371975,-5.8643207422388475,-6.379133726602828,0.44595684061661756,3,0,0,0,3,False,,
long_form,D1_concat_mlp,5,0.6262564929258835,6.749304640109002,1.6976818052743905,1.0,8.108106380227567e-10,1.0,0.5311646982544392,1.5898247804367777e-11,0.0896069709557983,-0.013414154060060515,-2.604453568239274,-0.11581472654196219,-0.9112274829470989,1.4672703913207523,3,0,0,0,3,False,-0.0134141540600605,False
long_form,D1_concat_mlp,10,-1.6762038953812783,5.874505103847997,1.0745885024406203,1.0,2.073770488590341e-07,1.0,0.09373767061101757,4.412277635298598e-09,0.28259168844109384,0.18316186871919476,-0.3590789962919636,-0.15793711960438472,-0.11128474905905118,0.274114249319762,3,0,0,1,2,True,0.1831618687191947,False
long_form,D1_concat_mlp,20,0.3288481357849879,-9.944012134108254,4.834662590950776,1.0,3.113163345670593e-21,5.299712894164248e-05,0.742279193146135,3.662545112553639e-23,1.358900742093397e-06,-0.08056613179016414,0.042059438983725765,-0.8297846948220075,-0.2894304625428153,0.47196004058440366,3,1,1,1,2,True,-0.0805661317901641,False
long_form,D2_gated_fusion,5,1.1186792068835545,-5.743181076419236,3.9980949764091087,1.0,4.3351119633589575e-07,0.0020618278089934647,0.2633108190208949,9.633582140797684e-09,6.443211903104577e-05,-0.11710510188521596,0.8982550200894414,-0.29486574210735933,0.16209472536562203,0.6436992278610733,3,1,1,1,2,True,-0.1171051018852159,False
long_form,D2_gated_fusion,10,-0.5614295431314699,-1.4696113429630862,5.392943914494726,1.0,1.0,3.2089192021293736e-06,0.5745206099090301,0.14170670676846825,7.130931560287497e-08,0.13488153824169688,0.11412010220368368,-0.7554349827226094,-0.16881111409240965,0.5081372174340181,3,0,0,2,1,True,0.1348815382416968,False
long_form,D2_gated_fusion,20,4.276267572750569,-9.767317657468046,2.706418645393579,0.0007499277908939877,1.6862421732373578e-20,0.13631867778517764,1.9228917715230455e-05,2.0817804607868616e-22,0.006815933889258882,-6.000683385285942,1.7017507970845185,-1.4698534581483287,-1.9229286821165843,3.871153697848697,3,1,1,1,2,True,-6.000683385285942,False
long_form,D3_e5mistral,5,-2.3868552012507194,-3.792437958753069,-1.3710230310011728,0.37436128291561,0.004358139298299299,1.0,0.017016421950709546,0.00015028066545859652,0.17040647740363138,0.6021004456324089,1.3367481382106774,0.3797149514638379,0.7728545117689748,0.5008451292169375,3,2,1,3,0,False,,
long_form,D3_e5mistral,10,-1.9858544038769546,-2.5690913935285375,-3.814518404812416,0.7062579291371072,0.17364940981632082,0.0038495626834753054,0.04708386194247381,0.01021467116566593,0.00013748438155268948,0.623058984873839,0.4753944127977987,0.8416558627680855,0.6467030868132411,0.18427193248287935,3,3,1,3,0,False,,
long_form,D3_e5mistral,20,-2.4354813487762645,-7.983270000951031,-4.624048309597293,0.35745491902763316,1.0893339146706498e-13,0.00014527519930540074,0.014893954959484715,1.6258715144338056e-15,3.82303156066844e-06,1.3777491570480793,4.047452738010456,3.2073157279417144,2.877505874333417,1.3650678397807485,3,3,2,3,0,False,,
long_form,D3_gteqwen2,5,-7.277735748321617,-6.872586834219798,-2.1567568077876866,2.4542455705438854e-11,3.7295456388387533e-10,0.46581754718304375,3.718553894763463e-13,6.780992070615915e-12,0.03105450314553625,1.3344988168855385,1.753611103340442,0.6518771259024494,1.2466623487094768,0.5560943023593823,3,3,2,3,0,False,,
long_form,D3_gteqwen2,10,-3.153913305383605,-1.379914212682898,-8.626565103538105,0.0485094775791908,1.0,5.061648193553249e-16,0.0016169825859730267,0.16765195316999343,7.554698796348132e-18,1.021464576954547,0.4011464718914486,2.3956359949931967,1.272749014613064,1.020712993890877,3,2,2,3,0,False,,
long_form,D3_gteqwen2,20,0.47075034924569087,-2.8502362941892234,-2.521467981103498,1.0,0.08321973427211729,0.1990043252812075,0.6378320200489696,0.004379986014321963,0.011706136781247501,-0.37529952586438653,2.0031426229087845,1.4922297230300028,1.0400242733581335,1.2520439650027821,3,2,0,2,1,True,,
long_form,D3_qwen3,5,-0.5039485675609341,-4.359262248413821,0.08668779378199443,1.0,0.0004625055398530786,1.0,0.6143114845512329,1.3214443995802246e-05,0.9309218621918992,0.1309596666182746,1.1233177408639898,-0.02422888065206628,0.41001617561006604,0.6225915302557874,3,1,1,2,1,True,,
long_form,D3_qwen3,10,-3.1049599442599387,-0.08705062442719277,-4.0249790403938475,0.05538287367993512,1.0,0.0018978459844491687,0.001909754264825349,0.930633469655605,5.751048437724754e-05,1.213410219402102,0.05215865955815553,0.8816532834641636,0.7157407208081404,0.5981400589705694,3,2,1,3,0,False,,
long_form,D3_qwen3,20,-2.580341568737444,-8.752015352782541,-6.526127668894627,0.24720357809476992,1.8486526437906626e-16,3.79769574086171e-09,0.009888143123790797,2.5324008819050172e-18,7.165463662003226e-11,1.8112026389071159,4.6411164515696886,4.365169659214798,3.605829583230534,1.5603047971538913,3,3,2,3,0,False,,
