disc,model,h,basis,ref,seeds,valbest_member,n_test,n_days,qlike_R,qlike_U,rel_impr_pct,g_text,dm_q_clustered,p_q_clustered,p_holm,adds_raw,adds_holm,hurts_holm
long_form,B1_bow_ridge,5,s26,fitted_pool,2026,,7550,792,0.11744442357261445,0.11642237498554733,0.8702402004086593,0.08971840266364949,-2.4894682164675017,0.012997859276287192,0.5589079488803492,True,False,False
long_form,B1_bow_ridge,5,s26,eqw_pool,2026,,7550,792,0.1159154891353265,0.11484448783177892,0.92395012222847,0.06589512807829703,-3.288602676340279,0.0010513587638921848,0.04100299179179521,True,True,False
long_form,B1_bow_ridge,5,s26,valbest_single,2026,A2_har_rv,7550,792,0.12089601073739074,0.11877568725262456,1.7538407362108308,0.11115662435254205,-3.738451854983354,0.0001984982647793378,0.008336927120732187,True,True,False
long_form,B1_bow_ridge,5,ens,fitted_pool,2026,,7550,792,0.11744442357261445,0.11642237498554733,0.8702402004086593,0.08971840266364949,-2.4894682164675017,0.012997859276287192,0.5199143710514876,True,False,False
long_form,B1_bow_ridge,5,ens,eqw_pool,2026,,7550,792,0.1159154891353265,0.11484448783177892,0.92395012222847,0.06589512807829703,-3.288602676340279,0.0010513587638921848,0.044157068083471765,True,True,False
long_form,B1_bow_ridge,5,ens,valbest_single,2026,A2_har_rv,7550,792,0.12089601073739074,0.11877568725262456,1.7538407362108308,0.11115662435254205,-3.738451854983354,0.0001984982647793378,0.006947439267276823,True,True,False
long_form,B1_bow_ridge,10,s26,fitted_pool,2026,,7167,766,0.0856353741087057,0.08520246627667212,0.5055245411598753,0.036611761712636526,-1.1633676149969525,0.24504311954776964,1.0,False,False,False
long_form,B1_bow_ridge,10,s26,eqw_pool,2026,,7167,766,0.08194852119490363,0.08222114007794981,-0.33267090006150624,-0.0150292663528576,2.247835395748811,0.02487076985577875,0.6715107861060263,False,False,False
long_form,B1_bow_ridge,10,s26,valbest_single,2026,A6_shar,7167,766,0.08650428417809598,0.08536319363975345,1.3191144799178325,0.053264224612946234,-2.7480511092050657,0.0061362540623787955,0.17181511374660627,True,False,False
long_form,B1_bow_ridge,10,ens,fitted_pool,2026,,7167,766,0.0856353741087057,0.08520246627667212,0.5055245411598753,0.036611761712636526,-1.1633676149969525,0.24504311954776964,1.0,False,False,False
long_form,B1_bow_ridge,10,ens,eqw_pool,2026,,7167,766,0.08194852119490363,0.08222114007794981,-0.33267090006150624,-0.0150292663528576,2.247835395748811,0.02487076985577875,0.6715107861060263,False,False,False
long_form,B1_bow_ridge,10,ens,valbest_single,2026,A6_shar,7167,766,0.08650428417809598,0.08536319363975345,1.3191144799178325,0.053264224612946234,-2.7480511092050657,0.0061362540623787955,0.1349975893723335,True,False,False
long_form,B1_bow_ridge,20,s26,fitted_pool,2026,,7097,765,0.07305092570285074,0.07187662551733723,1.6075089729734726,0.10425029928935667,-2.53254152467433,0.011523027449721997,0.5070132077877679,True,False,False
long_form,B1_bow_ridge,20,s26,eqw_pool,2026,,7097,765,0.06799267441187908,0.0677658383464476,0.33361838961851903,0.01225506457848474,-4.650487137578834,3.901459246406245e-06,0.00021067879930593722,True,True,False
long_form,B1_bow_ridge,20,s26,valbest_single,2026,A6_shar,7097,765,0.07135164980134474,0.06964556686428755,2.3910910845190285,0.07472135362250715,-5.678340799357424,1.932601297322074e-08,1.1402347654200236e-06,True,True,False
long_form,B1_bow_ridge,20,ens,fitted_pool,2026,,7097,765,0.07305092570285074,0.07187662551733723,1.6075089729734726,0.10425029928935667,-2.53254152467433,0.011523027449721997,0.48396715288832387,True,False,False
long_form,B1_bow_ridge,20,ens,eqw_pool,2026,,7097,765,0.06799267441187908,0.0677658383464476,0.33361838961851903,0.01225506457848474,-4.650487137578834,3.901459246406245e-06,0.000206777340059531,True,True,False
long_form,B1_bow_ridge,20,ens,valbest_single,2026,A6_shar,7097,765,0.07135164980134474,0.06964556686428755,2.3910910845190285,0.07472135362250715,-5.678340799357424,1.932601297322074e-08,1.0629307135271407e-06,True,True,False
long_form,B2_tfidf_ridge,5,s26,fitted_pool,2026,,7550,792,0.11744442357261445,0.115480606820063,1.6721243059592703,0.20990969852939378,-3.578977270382337,0.0003659580392444593,0.02085960823693418,True,True,False
long_form,B2_tfidf_ridge,5,s26,eqw_pool,2026,,7550,792,0.1159154891353265,0.11395105907315439,1.694708858001465,0.1390369437907412,-4.737047020305175,2.5702710364560783e-06,0.00014136490700508432,True,True,False
long_form,B2_tfidf_ridge,5,s26,valbest_single,2026,A2_har_rv,7550,792,0.12089601073739074,0.11679889573535077,3.388957978886247,0.23927717302579768,-5.365269430450384,1.0623635120704915e-07,5.736762965180654e-06,True,True,False
long_form,B2_tfidf_ridge,5,ens,fitted_pool,2026,,7550,792,0.11744442357261445,0.115480606820063,1.6721243059592703,0.20990969852939378,-3.578977270382337,0.0003659580392444593,0.02122556627617864,True,True,False
long_form,B2_tfidf_ridge,5,ens,eqw_pool,2026,,7550,792,0.1159154891353265,0.11395105907315439,1.694708858001465,0.1390369437907412,-4.737047020305175,2.5702710364560783e-06,0.00014136490700508432,True,True,False
long_form,B2_tfidf_ridge,5,ens,valbest_single,2026,A2_har_rv,7550,792,0.12089601073739074,0.11679889573535077,3.388957978886247,0.23927717302579768,-5.365269430450384,1.0623635120704915e-07,5.389472145760386e-06,True,True,False
long_form,B2_tfidf_ridge,10,s26,fitted_pool,2026,,7167,766,0.0856353741087057,0.08396399109561017,1.9517436929438372,0.17176317215692477,-5.758058001261585,1.2320027560880085e-08,8.377618741398458e-07,True,True,False
long_form,B2_tfidf_ridge,10,s26,eqw_pool,2026,,7167,766,0.08194852119490363,0.0814105551574045,0.6564682677063192,0.035174559186868896,-7.367707672542788,4.5050593262742873e-13,2.9733391553410296e-11,True,True,False
long_form,B2_tfidf_ridge,10,s26,valbest_single,2026,A6_shar,7167,766,0.08650428417809598,0.08323369976437248,3.780835186139442,0.17430146055346438,-8.982407342513397,2.034379078287083e-18,1.342690191669475e-16,True,True,False
long_form,B2_tfidf_ridge,10,ens,fitted_pool,2026,,7167,766,0.0856353741087057,0.08396399109561017,1.9517436929438372,0.17176317215692477,-5.758058001261585,1.2320027560880085e-08,8.377618741398458e-07,True,True,False
long_form,B2_tfidf_ridge,10,ens,eqw_pool,2026,,7167,766,0.08194852119490363,0.0814105551574045,0.6564682677063192,0.035174559186868896,-7.367707672542788,4.5050593262742873e-13,3.0183897486037725e-11,True,True,False
long_form,B2_tfidf_ridge,10,ens,valbest_single,2026,A6_shar,7167,766,0.08650428417809598,0.08323369976437248,3.780835186139442,0.17430146055346438,-8.982407342513397,2.034379078287083e-18,1.3630339824523458e-16,True,True,False
long_form,B2_tfidf_ridge,20,s26,fitted_pool,2026,,7097,765,0.07305092570285074,0.07011949584836873,4.012857915594649,0.302251006751192,-5.24198341869174,2.0576649916327974e-07,1.3580588944776462e-05,True,True,False
long_form,B2_tfidf_ridge,20,s26,eqw_pool,2026,,7097,765,0.06799267441187908,0.06718639666735501,1.1858303140715933,0.04753243958085443,-7.58367417920231,9.762778221044077e-14,6.541061408099532e-12,True,True,False
long_form,B2_tfidf_ridge,20,s26,valbest_single,2026,A6_shar,7097,765,0.07135164980134474,0.06757841330483748,5.288226000397474,0.17759220122400834,-9.597350832650042,1.1358362919906413e-20,7.72368678553636e-19,True,True,False
long_form,B2_tfidf_ridge,20,ens,fitted_pool,2026,,7097,765,0.07305092570285074,0.07011949584836873,4.012857915594649,0.302251006751192,-5.24198341869174,2.0576649916327974e-07,1.3786355443939742e-05,True,True,False
long_form,B2_tfidf_ridge,20,ens,eqw_pool,2026,,7097,765,0.06799267441187908,0.06718639666735501,1.1858303140715933,0.04753243958085443,-7.58367417920231,9.762778221044077e-14,6.638689190309972e-12,True,True,False
long_form,B2_tfidf_ridge,20,ens,valbest_single,2026,A6_shar,7097,765,0.07135164980134474,0.06757841330483748,5.288226000397474,0.17759220122400834,-9.597350832650042,1.1358362919906413e-20,7.72368678553636e-19,True,True,False
long_form,B3_lm_linear,5,s26,fitted_pool,2026,,7550,792,0.11744442357261445,0.11770386001001883,-0.22090145237417086,0.576651667307435,-1.4896574156683038,0.13671294168504622,1.0,False,False,False
long_form,B3_lm_linear,5,s26,eqw_pool,2026,,7550,792,0.1159154891353265,0.11586831367815796,0.04069814786655499,0.5484765378096325,-2.0886830540854544,0.037055425955435185,0.9634410748413148,True,False,False
long_form,B3_lm_linear,5,s26,valbest_single,2026,A2_har_rv,7550,792,0.12089601073739074,0.1204087819180376,0.4030148028717848,0.6299267327833555,-2.3446814696051423,0.019289752453984826,0.4629540588956358,True,False,False
long_form,B3_lm_linear,5,ens,fitted_pool,2026,,7550,792,0.11744442357261445,0.11770386001001883,-0.22090145237417086,0.576651667307435,-1.4896574156683038,0.13671294168504622,1.0,False,False,False
long_form,B3_lm_linear,5,ens,eqw_pool,2026,,7550,792,0.1159154891353265,0.11586831367815796,0.04069814786655499,0.5484765378096325,-2.0886830540854544,0.037055425955435185,0.9634410748413148,True,False,False
long_form,B3_lm_linear,5,ens,valbest_single,2026,A2_har_rv,7550,792,0.12089601073739074,0.1204087819180376,0.4030148028717848,0.6299267327833555,-2.3446814696051423,0.019289752453984826,0.3665052966257117,True,False,False
long_form,B3_lm_linear,10,s26,fitted_pool,2026,,7167,766,0.0856353741087057,0.085086750439718,0.640650752913478,0.5399508571090039,-3.034437804838625,0.0024914458016846116,0.13453807329096903,True,False,False
long_form,B3_lm_linear,10,s26,eqw_pool,2026,,7167,766,0.08194852119490363,0.08111182859174995,1.0209978056391256,0.4756844721126299,-4.004500216505156,6.820845738730976e-05,0.0034104228693654878,True,True,False
long_form,B3_lm_linear,10,s26,valbest_single,2026,A6_shar,7167,766,0.08650428417809598,0.0850502770232503,1.680849877738031,0.5566777179869142,-4.752904137396074,2.3954917613119117e-06,0.00011258811278165985,True,True,False
long_form,B3_lm_linear,10,ens,fitted_pool,2026,,7167,766,0.0856353741087057,0.085086750439718,0.640650752913478,0.5399508571090039,-3.034437804838625,0.0024914458016846116,0.12208084428254597,True,False,False
long_form,B3_lm_linear,10,ens,eqw_pool,2026,,7167,766,0.08194852119490363,0.08111182859174995,1.0209978056391256,0.4756844721126299,-4.004500216505156,6.820845738730976e-05,0.0032057974972035585,True,True,False
long_form,B3_lm_linear,10,ens,valbest_single,2026,A6_shar,7167,766,0.08650428417809598,0.0850502770232503,1.680849877738031,0.5566777179869142,-4.752904137396074,2.3954917613119117e-06,9.821516221378838e-05,True,True,False
long_form,B3_lm_linear,20,s26,fitted_pool,2026,,7097,765,0.07305092570285074,0.07164331401112867,1.9268909711669004,0.6092706897648019,-2.6424425427130447,0.008399541776809221,0.3863789217332242,True,False,False
long_form,B3_lm_linear,20,s26,eqw_pool,2026,,7097,765,0.06799267441187908,0.06639591945402085,2.348422049389571,0.5061710604146196,-3.5537968872206767,0.0004030419929194375,0.017330805695535814,True,True,False
long_form,B3_lm_linear,20,s26,valbest_single,2026,A6_shar,7097,765,0.07135164980134474,0.06899059539822683,3.309039678397762,0.5521293035418058,-4.9699316923300705,8.271854402804198e-07,4.135927201402099e-05,True,True,False
long_form,B3_lm_linear,20,ens,fitted_pool,2026,,7097,765,0.07305092570285074,0.07164331401112867,1.9268909711669004,0.6092706897648019,-2.6424425427130447,0.008399541776809221,0.3695798381796057,True,False,False
long_form,B3_lm_linear,20,ens,eqw_pool,2026,,7097,765,0.06799267441187908,0.06639591945402085,2.348422049389571,0.5061710604146196,-3.5537968872206767,0.0004030419929194375,0.01773384768845525,True,True,False
long_form,B3_lm_linear,20,ens,valbest_single,2026,A6_shar,7097,765,0.07135164980134474,0.06899059539822683,3.309039678397762,0.5521293035418058,-4.9699316923300705,8.271854402804198e-07,3.722334481261889e-05,True,True,False
long_form,B4_lm_features,5,s26,fitted_pool,2026,,7550,792,0.11744442357261445,0.11741716408255119,0.02321054438689578,0.07650947498236418,1.628283402949714,0.10386300392083363,1.0,False,False,False
long_form,B4_lm_features,5,s26,eqw_pool,2026,,7550,792,0.1159154891353265,0.11590177996798474,0.011826864074866926,0.018164664125454342,1.0896524223321944,0.2761981271287268,1.0,False,False,False
long_form,B4_lm_features,5,s26,valbest_single,2026,A2_har_rv,7550,792,0.12089601073739074,0.12074118291715967,0.12806693892273205,0.18019858611503273,1.038013729925289,0.2995808615869774,1.0,False,False,False
long_form,B4_lm_features,5,ens,fitted_pool,2026,,7550,792,0.11744442357261445,0.11741716408255119,0.02321054438689578,0.07650947498236418,1.628283402949714,0.10386300392083363,1.0,False,False,False
long_form,B4_lm_features,5,ens,eqw_pool,2026,,7550,792,0.1159154891353265,0.11590177996798474,0.011826864074866926,0.018164664125454342,1.0896524223321944,0.2761981271287268,1.0,False,False,False
long_form,B4_lm_features,5,ens,valbest_single,2026,A2_har_rv,7550,792,0.12089601073739074,0.12074118291715967,0.12806693892273205,0.18019858611503273,1.038013729925289,0.2995808615869774,1.0,False,False,False
long_form,B4_lm_features,10,s26,fitted_pool,2026,,7167,766,0.0856353741087057,0.08625950261671181,-0.7288209043307747,-0.2612073080704082,2.348403214369492,0.01910777371630454,0.7452031749358771,False,False,False
long_form,B4_lm_features,10,s26,eqw_pool,2026,,7167,766,0.08194852119490363,0.08301848131629269,-1.3056490901700384,-0.33912226756276276,3.18322576925379,0.0015153684165342446,0.057507141822213635,False,False,False
long_form,B4_lm_features,10,s26,valbest_single,2026,A6_shar,7167,766,0.08650428417809598,0.08724887753888462,-0.8607589414365417,-0.19680977862980012,3.6795402043005434,0.00025003994910119317,0.01025163791314892,False,False,True
long_form,B4_lm_features,10,ens,fitted_pool,2026,,7167,766,0.0856353741087057,0.08625950261671181,-0.7288209043307747,-0.2612073080704082,2.348403214369492,0.01910777371630454,0.6878798537869635,False,False,False
long_form,B4_lm_features,10,ens,eqw_pool,2026,,7167,766,0.08194852119490363,0.08301848131629269,-1.3056490901700384,-0.33912226756276276,3.18322576925379,0.0015153684165342446,0.06213010507790403,False,False,False
long_form,B4_lm_features,10,ens,valbest_single,2026,A6_shar,7167,766,0.08650428417809598,0.08724887753888462,-0.8607589414365417,-0.19680977862980012,3.6795402043005434,0.00025003994910119317,0.008501358269440568,False,False,True
long_form,B4_lm_features,20,s26,fitted_pool,2026,,7097,765,0.07305092570285074,0.07418624981160805,-1.5541543078803324,-0.22462259103222285,1.7807779573084412,0.07534599598549277,1.0,False,False,False
long_form,B4_lm_features,20,s26,eqw_pool,2026,,7097,765,0.06799267441187908,0.07021081096151918,-3.2623169610939344,-0.3517622959724547,3.319870834649517,0.0009433142664957562,0.03773257065983025,False,False,True
long_form,B4_lm_features,20,s26,valbest_single,2026,A6_shar,7097,765,0.07135164980134474,0.07308422022143596,-2.428213538040099,-0.23982482298866153,4.082215792185737,4.930684372182046e-05,0.0021695011237601,False,False,True
long_form,B4_lm_features,20,ens,fitted_pool,2026,,7097,765,0.07305092570285074,0.07418624981160805,-1.5541543078803324,-0.22462259103222285,1.7807779573084412,0.07534599598549277,1.0,False,False,False
long_form,B4_lm_features,20,ens,eqw_pool,2026,,7097,765,0.06799267441187908,0.07021081096151918,-3.2623169610939344,-0.3517622959724547,3.319870834649517,0.0009433142664957562,0.040562513459317516,False,False,True
long_form,B4_lm_features,20,ens,valbest_single,2026,A6_shar,7097,765,0.07135164980134474,0.07308422022143596,-2.428213538040099,-0.23982482298866153,4.082215792185737,4.930684372182046e-05,0.0017750463739855367,False,False,True
long_form,C1_bert_s1,5,s26,fitted_pool,2026,,7550,792,0.11744442357261445,0.11744757572724042,-0.0026839542739312203,0.20642399468619685,-1.5202115391073254,0.12885742478767537,1.0,False,False,False
long_form,C1_bert_s1,5,s26,eqw_pool,2026,,7550,792,0.1159154891353265,0.11593556945087669,-0.017323237558654413,0.2087948766648391,-1.7019383406525237,0.08915986671161871,1.0,False,False,False
long_form,C1_bert_s1,5,s26,valbest_single,2026,A2_har_rv,7550,792,0.12089601073739074,0.12078408528108378,0.09257994174025044,0.22749904281550537,-1.9056674588603477,0.05705564185316607,1.0,False,False,False
long_form,C1_bert_s1,5,ens,fitted_pool,2026+2027+2028,,7550,792,0.11744442357261445,0.11616716662083093,1.0875415902516692,0.5592099902086031,-1.7136604465240008,0.08698290039688379,1.0,False,False,False
long_form,C1_bert_s1,5,ens,eqw_pool,2026+2027+2028,,7550,792,0.1159154891353265,0.11360807470573214,1.9906006063611945,0.4397699926205525,-2.719786901401709,0.006675694868096576,0.21362223577909042,True,False,False
long_form,C1_bert_s1,5,ens,valbest_single,2026+2027+2028,A2_har_rv,7550,792,0.12089601073739074,0.11680826064247608,3.38121172897428,0.5542262104185328,-3.3287061626695795,0.0009128652809609312,0.025560227866906073,True,True,False
long_form,C1_bert_s1,10,s26,fitted_pool,2026,,7167,766,0.0856353741087057,0.08558057798414048,0.06398772135409463,-0.24045836432528203,0.9468971494719269,0.34399018742062937,1.0,False,False,False
long_form,C1_bert_s1,10,s26,eqw_pool,2026,,7167,766,0.08194852119490363,0.0835395065364411,-1.941444846519587,-0.28785697439891117,2.3885545989736197,0.017156309693755614,0.48037667142515716,False,False,False
long_form,C1_bert_s1,10,s26,valbest_single,2026,A6_shar,7167,766,0.08650428417809598,0.0877527403680721,-1.4432304733090187,-0.15480978846775878,3.024696732445802,0.0025721047210683474,0.07716314163205042,False,False,False
long_form,C1_bert_s1,10,ens,fitted_pool,2026+2027+2028,,7167,766,0.0856353741087057,0.08573148259931533,-0.11222989519218249,-0.2528274504404943,1.188121384556586,0.23515431812104554,1.0,False,False,False
long_form,C1_bert_s1,10,ens,eqw_pool,2026+2027+2028,,7167,766,0.08194852119490363,0.08328066271196671,-1.6255833511562225,-0.3479581567042038,2.619905799793944,0.008969775215041473,0.27806303166628565,False,False,False
long_form,C1_bert_s1,10,ens,valbest_single,2026+2027+2028,A6_shar,7167,766,0.08650428417809598,0.08736025965114627,-0.9895180119495545,-0.14471986642099144,3.5483150347092094,0.0004113530615435154,0.013163297969392493,False,False,True
long_form,C1_bert_s1,20,s26,fitted_pool,2026,,7097,765,0.07305092570285074,0.07208810886055904,1.318007722733248,0.1986535573198867,-2.4168350911485046,0.01588940516223771,0.6514656116517462,True,False,False
long_form,C1_bert_s1,20,s26,eqw_pool,2026,,7097,765,0.06799267441187908,0.06858142074024096,-0.8658967064531586,-0.04611217580966143,6.0641071007877985,2.085205981234859e-09,1.3553838878026582e-07,False,False,True
long_form,C1_bert_s1,20,s26,valbest_single,2026,A6_shar,7097,765,0.07135164980134474,0.06960128343945038,2.4531547157881923,0.10048055171076156,-7.735162521643468,3.265033107214645e-14,2.122271519689519e-12,True,True,False
long_form,C1_bert_s1,20,ens,fitted_pool,2026+2027+2028,,7097,765,0.07305092570285074,0.07239610022762599,0.8963958620981477,0.24091291507622536,-2.545497144777098,0.011107638123025088,0.47762843929007875,True,False,False
long_form,C1_bert_s1,20,ens,eqw_pool,2026+2027+2028,,7097,765,0.06799267441187908,0.06865517389790764,-0.9743689180621722,-0.07117122848570798,5.917423728248615,4.9350593746403935e-09,3.109087406023448e-07,False,False,True
long_form,C1_bert_s1,20,ens,valbest_single,2026+2027+2028,A6_shar,7097,765,0.07135164980134474,0.06978680590867443,2.1931432518058145,0.12198282931621472,-7.328551936146219,5.929377396847697e-13,3.794801533982526e-11,True,True,False
long_form,C2_finbert_s1,5,s26,fitted_pool,2026,,7550,792,0.11744442357261445,0.11733917700002895,0.08961393771107704,0.0327418151408671,0.030206057271505597,0.9759103372386323,1.0,False,False,False
long_form,C2_finbert_s1,5,s26,eqw_pool,2026,,7550,792,0.1159154891353265,0.11599371817398915,-0.06748799426738077,-0.017832921443253387,0.5583710575778957,0.576749045920826,1.0,False,False,False
long_form,C2_finbert_s1,5,s26,valbest_single,2026,A2_har_rv,7550,792,0.12089601073739074,0.12030861143180703,0.4858715370349623,0.09383594000425503,-1.1611357393736839,0.24593698256269972,1.0,False,False,False
long_form,C2_finbert_s1,5,ens,fitted_pool,2026+2027+2028,,7550,792,0.11744442357261445,0.11670953318025666,0.6257345985468722,0.257427324783059,-2.30378669693651,0.02149302776358383,0.7307629439618502,True,False,False
long_form,C2_finbert_s1,5,ens,eqw_pool,2026+2027+2028,,7550,792,0.1159154891353265,0.11522896260117464,0.5922647087744791,0.14100176845235748,-3.7491116974939995,0.000190390500841885,0.008567572537884824,True,True,False
long_form,C2_finbert_s1,5,ens,valbest_single,2026+2027+2028,A2_har_rv,7550,792,0.12089601073739074,0.11868585127193783,1.8281492101950365,0.326068858264734,-4.766352241648167,2.232412859807333e-06,9.3761340111908e-05,True,True,False
long_form,C2_finbert_s1,10,s26,fitted_pool,2026,,7167,766,0.0856353741087057,0.08396793072809931,1.9471432196813068,0.25978603209820467,-2.98360441990732,0.002939374754818977,0.14990811249576783,True,False,False
long_form,C2_finbert_s1,10,s26,eqw_pool,2026,,7167,766,0.08194852119490363,0.0804748157630968,1.7983307206994257,0.1087020571061279,-5.118241485591123,3.9043000339466663e-07,2.3035370200285332e-05,True,True,False
long_form,C2_finbert_s1,10,s26,valbest_single,2026,A6_shar,7167,766,0.08650428417809598,0.08261807431373133,4.492505661758531,0.23212532842608902,-6.081142786017499,1.883363338482488e-09,1.1488516364743176e-07,True,True,False
long_form,C2_finbert_s1,10,ens,fitted_pool,2026+2027+2028,,7167,766,0.0856353741087057,0.08483822347089012,0.9308660657027903,0.13456980086639544,-3.286434440299808,0.001060915513906375,0.05728943775094426,True,False,False
long_form,C2_finbert_s1,10,ens,eqw_pool,2026+2027+2028,,7167,766,0.08194852119490363,0.08212298758263822,-0.2128975424945711,-0.014185984829404134,5.538274165837949,4.2019168813076006e-08,2.6051884664107122e-06,False,False,True
long_form,C2_finbert_s1,10,ens,valbest_single,2026+2027+2028,A6_shar,7167,766,0.08650428417809598,0.08433189189434087,2.5113117857637737,0.1416308767796619,-6.524275251932064,1.242375466689452e-10,7.578490346805657e-09,True,True,False
long_form,C2_finbert_s1,20,s26,fitted_pool,2026,,7097,765,0.07305092570285074,0.07306108237530416,-0.013903550647308499,-0.30780422295879667,-1.831840789035464,0.06736431295854611,1.0,False,False,False
long_form,C2_finbert_s1,20,s26,eqw_pool,2026,,7097,765,0.06799267441187908,0.06826205897946648,-0.3961964578059613,-0.89238710013767,0.31591394757195096,0.7521541072655463,1.0,False,False,False
long_form,C2_finbert_s1,20,s26,valbest_single,2026,A6_shar,7097,765,0.07135164980134474,0.07156261970259667,-0.2956762763570318,-0.3840678980728753,1.4199309807961156,0.15603568921770145,1.0,False,False,False
long_form,C2_finbert_s1,20,ens,fitted_pool,2026+2027+2028,,7097,765,0.07305092570285074,0.07707818396397097,-5.512946239041388,0.3539670855078182,2.5122551801811888,0.012201236459036863,0.5002506948205114,False,False,False
long_form,C2_finbert_s1,20,ens,eqw_pool,2026+2027+2028,,7097,765,0.06799267441187908,0.06831390508827148,-0.4724489500831924,0.05695279926262976,0.4900016827899375,0.6242733830475226,1.0,False,False,False
long_form,C2_finbert_s1,20,ens,valbest_single,2026+2027+2028,A6_shar,7097,765,0.07135164980134474,0.07172879928262935,-0.5285785014567311,0.21416376066493345,-0.577172668380329,0.5639928508522112,1.0,False,False,False
long_form,C2_finbert_s2,5,s26,fitted_pool,2026,,7550,792,0.11744442357261445,0.11678856896306483,0.5584382719917814,0.2511852677666521,-2.2153578423257017,0.0270196102254486,1.0,True,False,False
long_form,C2_finbert_s2,5,s26,eqw_pool,2026,,7550,792,0.1159154891353265,0.1149738618151321,0.812339513225095,0.17889473171670872,-3.8085946234235672,0.00015058110360309453,0.006926730765742349,True,True,False
long_form,C2_finbert_s2,5,s26,valbest_single,2026,A2_har_rv,7550,792,0.12089601073739074,0.1188707307727604,1.675224808723949,0.29926086735814666,-4.271065829617427,2.1819940622346366e-05,0.0010037172686279327,True,True,False
long_form,C2_finbert_s2,5,ens,fitted_pool,2026+2027+2028,,7550,792,0.11744442357261445,0.11718091088718616,0.22437224128003347,0.061951868143284,-3.3824729986152815,0.0007536674034233599,0.04220537459170815,True,True,False
long_form,C2_finbert_s2,5,ens,eqw_pool,2026+2027+2028,,7550,792,0.1159154891353265,0.1160530339997002,-0.11865960744307696,-0.019356671945649186,5.095593076170988,4.351264498348545e-07,2.4367081190751854e-05,False,False,True
long_form,C2_finbert_s2,5,ens,valbest_single,2026+2027+2028,A2_har_rv,7550,792,0.12089601073739074,0.11959500350353787,1.0761374390416496,0.15631577597191146,-5.498298084609332,5.1774061228541646e-08,2.6922511838841657e-06,True,True,False
long_form,C2_finbert_s2,10,s26,fitted_pool,2026,,7167,766,0.0856353741087057,0.08574081667050865,-0.12312967964511916,-0.04092321769032742,3.906552937799945,0.00010190553805127936,0.006114332283076762,False,False,True
long_form,C2_finbert_s2,10,s26,eqw_pool,2026,,7167,766,0.08194852119490363,0.08292041226545513,-1.1859775580818406,-0.13896405962579753,5.731458753648141,1.4323572047005571e-08,8.880614669143454e-07,False,False,True
long_form,C2_finbert_s2,10,s26,valbest_single,2026,A6_shar,7167,766,0.08650428417809598,0.08641287668071881,0.10566817383168924,0.009734859033127305,-6.7831866335406,2.353620305581804e-11,1.4827807925165365e-09,True,True,False
long_form,C2_finbert_s2,10,ens,fitted_pool,2026+2027+2028,,7167,766,0.0856353741087057,0.0857553494589722,-0.1401002232023973,-0.035015649022473096,4.970914452716033,8.229114743999641e-07,5.26663343615977e-05,False,False,True
long_form,C2_finbert_s2,10,ens,eqw_pool,2026+2027+2028,,7167,766,0.08194852119490363,0.08312159583161416,-1.4314774929501486,-0.17461045097504022,6.588811237043178,8.248919613106109e-11,5.361797748518971e-09,False,False,True
long_form,C2_finbert_s2,10,ens,valbest_single,2026+2027+2028,A6_shar,7167,766,0.08650428417809598,0.08619942169546906,0.35242472153087034,0.03630347071799846,-7.586065779715855,9.583982534061047e-14,6.2295886471396805e-12,True,True,False
long_form,C2_finbert_s2,20,s26,fitted_pool,2026,,7097,765,0.07305092570285074,0.0745658659182294,-2.073813850820985,-1.9098633627114705,-1.768641720734384,0.07735265859578928,1.0,False,False,False
long_form,C2_finbert_s2,20,s26,eqw_pool,2026,,7097,765,0.06799267441187908,0.07111476372939987,-4.591802491262694,-2.1218475100804146,0.05193602079990697,0.9585932484331348,1.0,False,False,False
long_form,C2_finbert_s2,20,s26,valbest_single,2026,A6_shar,7097,765,0.07135164980134474,0.07464102766135773,-4.61009362666621,-1.8261714704133456,0.2188338076031614,0.8268379549170131,1.0,False,False,False
long_form,C2_finbert_s2,20,ens,fitted_pool,2026+2027+2028,,7097,765,0.07305092570285074,0.07347153812816956,-0.5757797334831154,0.3166537542853216,0.9415246564195779,0.34673366310497067,1.0,False,False,False
long_form,C2_finbert_s2,20,ens,eqw_pool,2026+2027+2028,,7097,765,0.06799267441187908,0.06810732578629838,-0.16862312802227047,-0.04067475745053658,2.817611813430137,0.004963171388635878,0.17371099860225575,False,False,False
long_form,C2_finbert_s2,20,ens,valbest_single,2026+2027+2028,A6_shar,7097,765,0.07135164980134474,0.07033753669932179,1.4212889328367624,0.18237647715155456,-4.941571898707826,9.527464434648144e-07,4.1920843512451834e-05,True,True,False
long_form,C2_finbert_s3,5,s26,fitted_pool,2026,,7550,792,0.11744442357261445,0.11635648224863555,0.9263456628115114,0.14276005371487507,-3.010979820459896,0.0026869049387602223,0.14010518633659746,True,False,False
long_form,C2_finbert_s3,5,s26,eqw_pool,2026,,7550,792,0.1159154891353265,0.11478611047268727,0.9743121226195398,0.0852200648058007,-4.505814724816866,7.609520541121426e-06,0.00039569506813831416,True,True,False
long_form,C2_finbert_s3,5,s26,valbest_single,2026,A2_har_rv,7550,792,0.12089601073739074,0.11805666848064617,2.3485822562931156,0.1731308297094128,-5.209770799690572,2.4138688269906813e-07,1.279350478305061e-05,True,True,False
long_form,C2_finbert_s3,5,ens,fitted_pool,2026+2027+2028,,7550,792,0.11744442357261445,0.11597264830432681,1.2531674331711935,0.2458934761410422,-2.864467021936873,0.0042877467795245225,0.20152409863765255,True,False,False
long_form,C2_finbert_s3,5,ens,eqw_pool,2026+2027+2028,,7550,792,0.1159154891353265,0.11431154251563179,1.3837207017451882,0.16311762479879605,-4.362710028100315,1.4547231976224713e-05,0.0007128143668350109,True,True,False
long_form,C2_finbert_s3,5,ens,valbest_single,2026+2027+2028,A2_har_rv,7550,792,0.12089601073739074,0.11747014667784061,2.8337279606287105,0.27966352072549383,-5.139258941511517,3.4780222066415285e-07,1.6346704371215186e-05,True,True,False
long_form,C2_finbert_s3,10,s26,fitted_pool,2026,,7167,766,0.0856353741087057,0.08448643943916265,1.3416589598646356,0.293672241086399,-2.6085554633489743,0.009270002785052212,0.4171501253273495,True,False,False
long_form,C2_finbert_s3,10,s26,eqw_pool,2026,,7167,766,0.08194852119490363,0.08095678678258643,1.2101919569219488,0.13058311037079806,-4.56618719447498,5.786420413255334e-06,0.0003066802819025327,True,True,False
long_form,C2_finbert_s3,10,s26,valbest_single,2026,A6_shar,7167,766,0.08650428417809598,0.08381855395403427,3.1047366608251443,0.3003272271464783,-4.933269260909068,9.92598101070762e-07,4.863730695246734e-05,True,True,False
long_form,C2_finbert_s3,10,ens,fitted_pool,2026+2027+2028,,7167,766,0.0856353741087057,0.08573705616737162,-0.11873838320230805,0.28077928196590113,-2.4863671243851564,0.013117779032045028,0.5199143710514876,True,False,False
long_form,C2_finbert_s3,10,ens,eqw_pool,2026+2027+2028,,7167,766,0.08194852119490363,0.08137328980212204,0.7019423711301431,0.10980548882297148,-4.230714385311947,2.611923048817029e-05,0.001253723063432174,True,True,False
long_form,C2_finbert_s3,10,ens,valbest_single,2026+2027+2028,A6_shar,7167,766,0.08650428417809598,0.08440505155794284,2.4267383287412914,0.2546856952936578,-5.245941494491447,2.0148078824311069e-07,9.872558623912424e-06,True,True,False
long_form,C2_finbert_s3,20,s26,fitted_pool,2026,,7097,765,0.07305092570285074,0.07651915209262246,-4.74768301209409,0.23450657403716618,1.208396883184235,0.22726851997662162,1.0,False,False,False
long_form,C2_finbert_s3,20,s26,eqw_pool,2026,,7097,765,0.06799267441187908,0.06799391953061534,-0.0018312542447223145,0.00017069549372802093,-0.7201353577366241,0.47166191218929227,1.0,False,False,False
long_form,C2_finbert_s3,20,s26,valbest_single,2026,A6_shar,7097,765,0.07135164980134474,0.07183886322676442,-0.6828341415736817,0.1394497321829743,-1.8165424170969122,0.06967895001132386,1.0,False,False,False
long_form,C2_finbert_s3,20,ens,fitted_pool,2026+2027+2028,,7097,765,0.07305092570285074,0.08232212631177489,-12.691421114410813,0.4609105833969095,5.0579864743246,5.310023263691902e-07,3.451515121399736e-05,False,False,True
long_form,C2_finbert_s3,20,ens,eqw_pool,2026+2027+2028,,7097,765,0.06799267441187908,0.06980973827582071,-2.672440641082024,0.13611376336570633,3.007911275817686,0.0027168407882841037,0.10323994995479593,False,False,False
long_form,C2_finbert_s3,20,ens,valbest_single,2026+2027+2028,A6_shar,7097,765,0.07135164980134474,0.07392955275396855,-3.6129549348909675,0.2803597811551704,1.618610657445709,0.1059437796979763,1.0,False,False,False
long_form,C2_finbert_s4,5,s26,fitted_pool,2026,,7550,792,0.11744442357261445,0.11869554428099287,-1.0652874528392293,-0.563961393827038,2.6914942864899474,0.007263525232257217,0.3413856859160892,False,False,False
long_form,C2_finbert_s4,5,s26,eqw_pool,2026,,7550,792,0.1159154891353265,0.11784101139796332,-1.6611431975142348,-0.6049089294141933,3.9430028145110114,8.760094374592288e-05,0.004292446243550221,False,False,True
long_form,C2_finbert_s4,5,s26,valbest_single,2026,A2_har_rv,7550,792,0.12089601073739074,0.12246868461144621,-1.3008484436030003,-0.45805280039831414,3.7631457853191144,0.00018019116239131495,0.007748219982826543,False,False,True
long_form,C2_finbert_s4,5,ens,fitted_pool,2026+2027+2028,,7550,792,0.11744442357261445,0.11685166505394025,0.5047140601849898,0.20423364735373056,-3.166038938110394,0.0016045374293933786,0.08491814399862824,True,False,False
long_form,C2_finbert_s4,5,ens,eqw_pool,2026+2027+2028,,7550,792,0.1159154891353265,0.11529910720418853,0.5317511367427102,0.11995010104684713,-4.403243801667268,1.2130254234178745e-05,0.0006307732201772947,True,True,False
long_form,C2_finbert_s4,5,ens,valbest_single,2026+2027+2028,A2_har_rv,7550,792,0.12089601073739074,0.11923568030682694,1.3733541912895402,0.28105290222653617,-4.596239946269982,5.005713071445471e-06,0.00019522280978637334,True,True,False
long_form,C2_finbert_s4,10,s26,fitted_pool,2026,,7167,766,0.0856353741087057,0.08479598769243714,0.9801865467453207,0.08904733739295428,-3.6823722953939066,0.0002473258625331176,0.01434490002692082,True,True,False
long_form,C2_finbert_s4,10,s26,eqw_pool,2026,,7167,766,0.08194852119490363,0.08177245569503747,0.21484890428640813,0.009884539755024334,-5.461614018514783,6.383655896119663e-08,3.894030096632995e-06,True,True,False
long_form,C2_finbert_s4,10,s26,valbest_single,2026,A6_shar,7167,766,0.08650428417809598,0.08457866688556624,2.2260369076810793,0.0968087651985658,-5.674946063559629,1.968857162092216e-08,1.1419371540134853e-06,True,True,False
long_form,C2_finbert_s4,10,ens,fitted_pool,2026+2027+2028,,7167,766,0.0856353741087057,0.08569020574955619,-0.06402919520254047,-0.03226934055382335,3.3036969366014377,0.000998570660773505,0.054921386342542775,False,False,False
long_form,C2_finbert_s4,10,ens,eqw_pool,2026+2027+2028,,7167,766,0.08194852119490363,0.08290803682339518,-1.17087607500502,-0.20382007585901354,5.498583933298643,5.221014212234909e-08,3.1848186694632947e-06,False,False,True
long_form,C2_finbert_s4,10,ens,valbest_single,2026+2027+2028,A6_shar,7167,766,0.08650428417809598,0.08627384132118082,0.26639473305243805,0.037856625519947694,-6.368302396773799,3.2955408109340346e-10,1.9773244865604207e-08,True,True,False
long_form,C2_finbert_s4,20,s26,fitted_pool,2026,,7097,765,0.07305092570285074,0.07135926674610482,2.3157255578486144,0.2034269864853335,-5.489789806369781,5.479510552214952e-08,3.6712720699840178e-06,True,True,False
long_form,C2_finbert_s4,20,s26,eqw_pool,2026,,7097,765,0.06799267441187908,0.06819681403544826,-0.30023767315368743,-0.01367966256521959,8.027407231033271,3.753277714026534e-15,2.5522288455380434e-13,False,False,True
long_form,C2_finbert_s4,20,s26,valbest_single,2026,A6_shar,7097,765,0.07135164980134474,0.06912557651280239,3.119862392446597,0.12114532878235756,-9.239168499846002,2.4120574827480535e-19,1.6160785134411958e-17,True,True,False
long_form,C2_finbert_s4,20,ens,fitted_pool,2026+2027+2028,,7097,765,0.07305092570285074,0.07183607195462129,1.6630230712901755,0.19001955037306922,-4.44651916864016,1.0021671872575661e-05,0.0006013003123545396,True,True,False
long_form,C2_finbert_s4,20,ens,eqw_pool,2026+2027+2028,,7097,765,0.06799267441187908,0.06836015859276053,-0.5404761381429738,-0.026677716925766377,7.029659761218674,4.595090547909314e-12,3.032759761620147e-10,False,False,True
long_form,C2_finbert_s4,20,ens,valbest_single,2026+2027+2028,A6_shar,7097,765,0.07135164980134474,0.0693999929160727,2.735265254140296,0.10625855913931433,-8.475152507857143,1.2030590132378186e-16,7.940189487369603e-15,True,True,False
long_form,C3_roberta_s1,5,s26,fitted_pool,2026,,7550,792,0.11744442357261445,0.11746915716822838,-0.02105982971480949,-0.0029695967895700358,3.6958361094443455,0.0002342722002212192,0.013822059813051934,False,False,True
long_form,C3_roberta_s1,5,s26,eqw_pool,2026,,7550,792,0.1159154891353265,0.11654748122516977,-0.5452179812703419,-0.047036339030532885,4.970111797513171,8.206248511689731e-07,4.759624136780044e-05,False,False,True
long_form,C3_roberta_s1,5,s26,valbest_single,2026,A2_har_rv,7550,792,0.12089601073739074,0.12004460941994852,0.7042426894396321,0.0524916247788026,-5.459052928153561,6.410544393007842e-08,3.65401030401447e-06,True,True,False
long_form,C3_roberta_s1,5,ens,fitted_pool,2026+2027+2028,,7550,792,0.11744442357261445,0.1178516799516579,-0.34676519042358483,-0.06659068516756321,3.1281555368362817,0.0018235429093728744,0.09117714546864372,False,False,False
long_form,C3_roberta_s1,5,ens,eqw_pool,2026+2027+2028,,7550,792,0.1159154891353265,0.11713994556153996,-1.0563354693555789,-0.1245503070177301,4.6760941967294,3.4373684012988205e-06,0.0001856178936701363,False,False,True
long_form,C3_roberta_s1,5,ens,valbest_single,2026+2027+2028,A2_har_rv,7550,792,0.12089601073739074,0.12055652466286719,0.28080833474396655,0.028112056201913392,-5.366258810393968,1.0567592442667423e-07,5.389472145760386e-06,True,True,False
long_form,C3_roberta_s1,10,s26,fitted_pool,2026,,7167,766,0.0856353741087057,0.08580668293320559,-0.20004446326401773,0.31525122279670864,-2.1991922819486067,0.028162796946638022,1.0,True,False,False
long_form,C3_roberta_s1,10,s26,eqw_pool,2026,,7167,766,0.08194852119490363,0.08151669186294569,0.5269519518612098,0.14211745432280726,-4.298961189848894,1.937813214270829e-05,0.000988284739278123,True,True,False
long_form,C3_roberta_s1,10,s26,valbest_single,2026,A6_shar,7167,766,0.08650428417809598,0.08490771244608092,1.8456562552763571,0.3073551488890245,-5.425581907368332,7.756708549257275e-08,4.343756787584074e-06,True,True,False
long_form,C3_roberta_s1,10,ens,fitted_pool,2026+2027+2028,,7167,766,0.0856353741087057,0.08527260039740116,0.42362600161474656,0.2151651274085076,-2.2862847578748227,0.022510108237303303,0.742833571831009,True,False,False
long_form,C3_roberta_s1,10,ens,eqw_pool,2026+2027+2028,,7167,766,0.08194852119490363,0.08171774447415277,0.28161181847564043,0.055067172464113336,-4.3870498470989965,1.3101365622648828e-05,0.00065691384462425,True,True,False
long_form,C3_roberta_s1,10,ens,valbest_single,2026+2027+2028,A6_shar,7167,766,0.08650428417809598,0.08511288958119125,1.6084690025757793,0.24116501100587667,-5.167891542176505,3.023900964515655e-07,1.4514724629675146e-05,True,True,False
long_form,C3_roberta_s1,20,s26,fitted_pool,2026,,7097,765,0.07305092570285074,0.07304272329368475,0.011228343908134054,0.10470447447241112,2.109454915964907,0.03523005463321675,1.0,False,False,False
long_form,C3_roberta_s1,20,s26,eqw_pool,2026,,7097,765,0.06799267441187908,0.06818328806159382,-0.2803443920444526,-0.3117674450616361,0.11095169660530606,0.9116837906583182,1.0,False,False,False
long_form,C3_roberta_s1,20,s26,valbest_single,2026,A6_shar,7097,765,0.07135164980134474,0.07132281917776623,0.040406386760201266,0.02786360773017685,-1.4341533825182442,0.1519376548499248,1.0,False,False,False
long_form,C3_roberta_s1,20,ens,fitted_pool,2026+2027+2028,,7097,765,0.07305092570285074,0.07307165872418964,-0.02838159973938398,0.01334042661654031,-0.4058774102065691,0.6849463233277991,1.0,False,False,False
long_form,C3_roberta_s1,20,ens,eqw_pool,2026+2027+2028,,7097,765,0.06799267441187908,0.06866822928630617,-0.9935700871755504,-0.35994668017717907,2.999157040322241,0.0027951874966001353,0.103421937374205,False,False,False
long_form,C3_roberta_s1,20,ens,valbest_single,2026+2027+2028,A6_shar,7097,765,0.07135164980134474,0.0715353542055358,-0.25746342895017427,-0.04748634940837629,4.3522526403677615,1.5307251577592855e-05,0.0005816755599485285,False,False,True
long_form,C4_longformer,5,s26,fitted_pool,2026,,7550,792,0.11744442357261445,0.11681748206336504,0.5338197337754246,0.14363416753451339,-3.9159507625233902,9.781906421477375e-05,0.005966962917101199,True,True,False
long_form,C4_longformer,5,s26,eqw_pool,2026,,7550,792,0.1159154891353265,0.11539430098839917,0.44962769929638813,0.06984227696882553,-4.88196389242841,1.2709073712399586e-06,7.117081278943768e-05,True,True,False
long_form,C4_longformer,5,s26,valbest_single,2026,A2_har_rv,7550,792,0.12089601073739074,0.11899136840525043,1.5754385281393286,0.19651307919308153,-5.790430769435219,1.0124222040826584e-08,6.07453322449595e-07,True,True,False
long_form,C4_longformer,5,ens,fitted_pool,2026+2027+2028,,7550,792,0.11744442357261445,0.11689545850342048,0.46742540215589723,0.10049038587413277,-3.9081703141032698,0.00010096053587054613,0.005956671616362222,True,True,False
long_form,C4_longformer,5,ens,eqw_pool,2026+2027+2028,,7550,792,0.1159154891353265,0.11571865901365315,0.1698048493273889,0.022496189548786686,-5.127351608847482,3.697706095474998e-07,2.1076924744207488e-05,True,True,False
long_form,C4_longformer,5,ens,valbest_single,2026+2027+2028,A2_har_rv,7550,792,0.12089601073739074,0.11909176818790497,1.4923921297990004,0.16699050291286016,-5.912824309128929,5.00017184744892e-09,2.800096234571395e-07,True,True,False
long_form,C4_longformer,10,s26,fitted_pool,2026,,7167,766,0.0856353741087057,0.08808461454390336,-2.860080265532081,-0.18567162999386685,7.480541050960045,2.0342809239153061e-13,1.4036538375015612e-11,False,False,True
long_form,C4_longformer,10,s26,eqw_pool,2026,,7167,766,0.08194852119490363,0.08710454844314446,-6.291788031144455,-0.2570499971940851,9.448007589333022,4.093107872082849e-20,2.824244431737166e-18,False,False,True
long_form,C4_longformer,10,s26,valbest_single,2026,A6_shar,7167,766,0.08650428417809598,0.08906977083705342,-2.9657336435217285,-0.11362429894295213,10.658607503992581,7.937402620486436e-25,5.476807808135641e-23,False,False,True
long_form,C4_longformer,10,ens,fitted_pool,2026+2027+2028,,7167,766,0.0856353741087057,0.08866631470264355,-3.539355815845881,-0.23093055678292118,7.744920427178749,3.036381437360335e-14,2.095103191778631e-12,False,False,True
long_form,C4_longformer,10,ens,eqw_pool,2026+2027+2028,,7167,766,0.08194852119490363,0.08769708046535483,-7.01484198449295,-0.30379057994094316,9.277844765383016,1.7367964584651989e-19,1.1983895563409872e-17,False,False,True
long_form,C4_longformer,10,ens,valbest_single,2026+2027+2028,A6_shar,7167,766,0.08650428417809598,0.08936559835392113,-3.3077138352295297,-0.13378991687160122,10.320766707738612,1.807863880402539e-23,1.247426077477752e-21,False,False,True
long_form,C4_longformer,20,s26,fitted_pool,2026,,7097,765,0.07305092570285074,0.07734477962650897,-5.8778911866556545,-3.168041645381213,2.444593633761133,0.014726516189650301,0.6185136799653126,False,False,False
long_form,C4_longformer,20,s26,eqw_pool,2026,,7097,765,0.06799267441187908,0.0744812147752042,-9.542999182558264,-3.3628200639942682,3.7891407242880484,0.00016306079830120612,0.007337735923554275,False,False,True
long_form,C4_longformer,20,s26,valbest_single,2026,A6_shar,7097,765,0.07135164980134474,0.07770523045754486,-8.904602309672699,-3.0622489643005264,3.666891920350469,0.0002625291436000605,0.010338814053884714,False,False,True
long_form,C4_longformer,20,ens,fitted_pool,2026+2027+2028,,7097,765,0.07305092570285074,0.07326219358479996,-0.2892063035704674,0.16216015444755733,0.40218399700472157,0.687661110216325,1.0,False,False,False
long_form,C4_longformer,20,ens,eqw_pool,2026+2027+2028,,7097,765,0.06799267441187908,0.06852825770828586,-0.7877073538281175,-0.18117226156838045,2.7851491690140255,0.005482772962071769,0.18641428071044014,False,False,False
long_form,C4_longformer,20,ens,valbest_single,2026+2027+2028,A6_shar,7097,765,0.07135164980134474,0.07098723117462202,0.5107360905281444,0.06236544049290108,-4.687778595428667,3.270364179461627e-06,0.00013081456717846507,True,True,False
long_form,C6_llmtext,5,s26,fitted_pool,2026,,7550,792,0.11744442357261445,0.11621649548837569,1.0455397088134586,0.2344619985056484,-4.857206963265619,1.435274350516821e-06,9.329283278359336e-05,True,True,False
long_form,C6_llmtext,5,s26,eqw_pool,2026,,7550,792,0.1159154891353265,0.11460217752658229,1.1329906111261532,0.20358321895594786,-5.409397255733525,8.384193513305348e-08,5.030516107983208e-06,True,True,False
long_form,C6_llmtext,5,s26,valbest_single,2026,A2_har_rv,7550,792,0.12089601073739074,0.11854562356237458,1.9441395631503955,0.27274392869363,-6.210773873274931,8.512667786340153e-10,5.2778540275308946e-08,True,True,False
long_form,C6_llmtext,5,ens,fitted_pool,2026,,7550,792,0.11744442357261445,0.11621649548837569,1.0455397088134586,0.2344619985056484,-4.857206963265619,1.435274350516821e-06,9.042228408255972e-05,True,True,False
long_form,C6_llmtext,5,ens,eqw_pool,2026,,7550,792,0.1159154891353265,0.11460217752658229,1.1329906111261532,0.20358321895594786,-5.409397255733525,8.384193513305348e-08,5.030516107983208e-06,True,True,False
long_form,C6_llmtext,5,ens,valbest_single,2026,A2_har_rv,7550,792,0.12089601073739074,0.11854562356237458,1.9441395631503955,0.27274392869363,-6.210773873274931,8.512667786340153e-10,5.02247399394069e-08,True,True,False
long_form,C6_llmtext,10,s26,fitted_pool,2026,,7167,766,0.0856353741087057,0.08472262602496089,1.0658540273160524,0.2885376298783506,-4.664202346568008,3.6560559864250062e-06,0.00023033152714477538,True,True,False
long_form,C6_llmtext,10,s26,eqw_pool,2026,,7167,766,0.08194852119490363,0.08094059071361298,1.2299556680143404,0.22541830598047394,-6.035929360521095,2.462571662099318e-09,1.5760458637435634e-07,True,True,False
long_form,C6_llmtext,10,s26,valbest_single,2026,A6_shar,7167,766,0.08650428417809598,0.08490863625022423,1.8445883265002454,0.29416800860830233,-6.805024883904143,2.040349477915152e-11,1.3058236658656973e-09,True,True,False
long_form,C6_llmtext,10,ens,fitted_pool,2026,,7167,766,0.0856353741087057,0.08472262602496089,1.0658540273160524,0.2885376298783506,-4.664202346568008,3.6560559864250062e-06,0.0002266754711583504,True,True,False
long_form,C6_llmtext,10,ens,eqw_pool,2026,,7167,766,0.08194852119490363,0.08094059071361298,1.2299556680143404,0.22541830598047394,-6.035929360521095,2.462571662099318e-09,1.5760458637435634e-07,True,True,False
long_form,C6_llmtext,10,ens,valbest_single,2026,A6_shar,7167,766,0.08650428417809598,0.08490863625022423,1.8445883265002454,0.29416800860830233,-6.805024883904143,2.040349477915152e-11,1.2854201710865458e-09,True,True,False
long_form,C6_llmtext,20,s26,fitted_pool,2026,,7097,765,0.07305092570285074,0.0728805044885077,0.23329097161103168,0.07956777001103706,-2.7856516494104975,0.005474368834084218,0.2682440728701267,True,False,False
long_form,C6_llmtext,20,s26,eqw_pool,2026,,7097,765,0.06799267441187908,0.0677096434889289,0.4162667896186321,0.09304562968855787,-3.881169496476575,0.00011293373953459556,0.005420819497660587,True,True,False
long_form,C6_llmtext,20,s26,valbest_single,2026,A6_shar,7097,765,0.07135164980134474,0.07116853059961245,0.25664326226811623,0.07433706197190323,-3.2192940202719567,0.0013393719760930072,0.045538647187162246,True,True,False
long_form,C6_llmtext,20,ens,fitted_pool,2026,,7097,765,0.07305092570285074,0.0728805044885077,0.23329097161103168,0.07956777001103706,-2.7856516494104975,0.005474368834084218,0.2463465975337898,True,False,False
long_form,C6_llmtext,20,ens,eqw_pool,2026,,7097,765,0.06799267441187908,0.0677096434889289,0.4162667896186321,0.09304562968855787,-3.881169496476575,0.00011293373953459556,0.005194952018591396,True,True,False
long_form,C6_llmtext,20,ens,valbest_single,2026,A6_shar,7097,765,0.07135164980134474,0.07116853059961245,0.25664326226811623,0.07433706197190323,-3.2192940202719567,0.0013393719760930072,0.0361630433545112,True,True,False
long_form,D1_concat_mlp,5,s26,fitted_pool,2026,,7550,792,0.11744442357261445,0.1174715965414508,-0.023136874454962632,-0.15068059633323783,0.46355730900843023,0.6430924723714485,1.0,False,False,False
long_form,D1_concat_mlp,5,s26,eqw_pool,2026,,7550,792,0.1159154891353265,0.1169070135873425,-0.8553856429475427,0.29650302849688126,3.4067184731733144,0.000690687085464723,0.028318170504053643,False,False,True
long_form,D1_concat_mlp,5,s26,valbest_single,2026,A2_har_rv,7550,792,0.12089601073739074,0.1209075538922638,-0.009548003116608627,-0.08272603837175944,0.07097797726916633,0.9434332238714652,1.0,False,False,False
long_form,D1_concat_mlp,5,ens,fitted_pool,2026+2027+2028,,7550,792,0.11744442357261445,0.11848773682967488,-0.8883463559386153,-0.8446589778652984,2.316992119930182,0.020758697133598344,0.726554399675942,False,False,False
long_form,D1_concat_mlp,5,ens,eqw_pool,2026+2027+2028,,7550,792,0.1159154891353265,0.11557782384902292,0.29130299049971553,-0.1909363137782256,-0.7073599742436549,0.47955114864374143,1.0,False,False,False
long_form,D1_concat_mlp,5,ens,valbest_single,2026+2027+2028,A2_har_rv,7550,792,0.12089601073739074,0.1221469022342928,-1.0346838487658843,-0.7377340608255056,2.6543749283168188,0.008105192981645052,0.16210385963290105,False,False,False
long_form,D1_concat_mlp,10,s26,fitted_pool,2026,,7167,766,0.0856353741087057,0.08615562486646837,-0.6075185204449095,-0.8435905702121161,3.0163058734536445,0.0026434940818225935,0.14010518633659746,False,False,False
long_form,D1_concat_mlp,10,s26,eqw_pool,2026,,7167,766,0.08194852119490363,0.08334852814126432,-1.7083980600833095,0.43720016840822223,3.1836176233231455,0.0015133458374266746,0.057507141822213635,False,False,False
long_form,D1_concat_mlp,10,s26,valbest_single,2026,A6_shar,7167,766,0.08650428417809598,0.086523671519771,-0.02241200173982418,-0.16450897867127176,1.6903209359694973,0.09137395284798952,1.0,False,False,False
long_form,D1_concat_mlp,10,ens,fitted_pool,2026+2027+2028,,7167,766,0.0856353741087057,0.08596414501198844,-0.38391950371513983,-0.5666280707640685,3.5728771794609986,0.00037519353653766283,0.02138603158264678,False,False,True
long_form,D1_concat_mlp,10,ens,eqw_pool,2026+2027+2028,,7167,766,0.08194852119490363,0.08250914921281426,-0.6841221900481229,0.2581394004686428,0.8958371673325027,0.37062153030505696,1.0,False,False,False
long_form,D1_concat_mlp,10,ens,valbest_single,2026+2027+2028,A6_shar,7167,766,0.08650428417809598,0.08688125278589993,-0.4357802753767018,-0.23325959405512373,5.566539877177731,3.5968929164178527e-08,1.9063532457014619e-06,False,False,True
long_form,D1_concat_mlp,20,s26,fitted_pool,2026,,7097,765,0.07305092570285074,0.07346353490907817,-0.5648240624708888,0.816030488738716,0.727609360268013,0.467075663610481,1.0,False,False,False
long_form,D1_concat_mlp,20,s26,eqw_pool,2026,,7097,765,0.06799267441187908,0.0720293081948528,-5.936865725447153,1.122834026971483,5.740399685943974,1.3623423640218765e-08,8.582756893337822e-07,False,False,True
long_form,D1_concat_mlp,20,s26,valbest_single,2026,A6_shar,7097,765,0.07135164980134474,0.0711438659978249,0.29121093078904675,0.31281998908270625,-2.4169802907534614,0.0158831176206088,0.39707794051522,True,False,False
long_form,D1_concat_mlp,20,ens,fitted_pool,2026+2027+2028,,7097,765,0.07305092570285074,0.0730504704789084,0.0006231597176263605,0.0003034887790560419,-5.09716855706631,4.350027877898191e-07,2.871018399412806e-05,True,True,False
long_form,D1_concat_mlp,20,ens,eqw_pool,2026+2027+2028,,7097,765,0.06799267441187908,0.06940892237404629,-2.082941985173306,0.9812828246346026,1.324463164139002,0.18574532344195907,1.0,False,False,False
long_form,D1_concat_mlp,20,ens,valbest_single,2026+2027+2028,A6_shar,7097,765,0.07135164980134474,0.07200991840498223,-0.9225695628205145,-0.2529274577380634,6.771098117784598,2.5490508749851352e-11,1.5804115424907839e-09,False,False,True
long_form,D2_gated_fusion,5,s26,fitted_pool,2026,,7550,792,0.11744442357261445,0.11749928500798028,-0.04671267796032039,0.3946724451251984,-0.7214508287179666,0.47084537221186323,1.0,False,False,False
long_form,D2_gated_fusion,5,s26,eqw_pool,2026,,7550,792,0.1159154891353265,0.11788543752581211,-1.6994695059137288,0.4684380028927154,2.965594893429022,0.003111853107950071,0.10580300567030242,False,False,False
long_form,D2_gated_fusion,5,s26,valbest_single,2026,A2_har_rv,7550,792,0.12089601073739074,0.12108515982719725,-0.1564560225377304,0.3777123704798383,-0.0766876802853812,0.9388913977044285,1.0,False,False,False
long_form,D2_gated_fusion,5,ens,fitted_pool,2026+2027+2028,,7550,792,0.11744442357261445,0.11740263058036772,0.03558533557865177,0.040638007308619876,-1.6751156765719413,0.09430678160053242,1.0,False,False,False
long_form,D2_gated_fusion,5,ens,eqw_pool,2026+2027+2028,,7550,792,0.1159154891353265,0.11665618413487745,-0.6389957071968402,0.34230646726591996,1.164443059492675,0.24459558157084182,1.0,False,False,False
long_form,D2_gated_fusion,5,ens,valbest_single,2026+2027+2028,A2_har_rv,7550,792,0.12089601073739074,0.12069042825450621,0.1700490211634015,0.1339870514007199,-2.1179317041204957,0.03449219078701263,0.5173828618051894,True,False,False
long_form,D2_gated_fusion,10,s26,fitted_pool,2026,,7167,766,0.0856353741087057,0.08604824426607727,-0.4821257122640367,-1.6100432073590083,2.029234108600072,0.042780211515894506,1.0,False,False,False
long_form,D2_gated_fusion,10,s26,eqw_pool,2026,,7167,766,0.08194852119490363,0.08391047413028482,-2.3941285416425617,0.5660776603179137,3.8686740082106663,0.0001187491845138019,0.005581211672148689,False,False,True
long_form,D2_gated_fusion,10,s26,valbest_single,2026,A6_shar,7167,766,0.08650428417809598,0.08658794062193191,-0.09670786207963403,-0.2690056695453788,2.564504326521112,0.010522083837739034,0.2735741797812149,False,False,False
long_form,D2_gated_fusion,10,ens,fitted_pool,2026+2027+2028,,7167,766,0.0856353741087057,0.08551503536589306,0.14052457184327136,-0.15195210217500457,-0.8361669720594083,0.4033220731639476,1.0,False,False,False
long_form,D2_gated_fusion,10,ens,eqw_pool,2026+2027+2028,,7167,766,0.08194852119490363,0.08448624500724866,-3.09672923359946,0.5667702848053686,5.287611057461103,1.6186483237032127e-07,9.550025109848955e-06,False,False,True
long_form,D2_gated_fusion,10,ens,valbest_single,2026+2027+2028,A6_shar,7167,766,0.08650428417809598,0.08656757623371368,-0.07316638270468902,0.1094216631883976,-0.14460133587640667,0.8850637284677426,1.0,False,False,False
long_form,D2_gated_fusion,20,s26,fitted_pool,2026,,7097,765,0.07305092570285074,0.07405476799016905,-1.3741677845420361,-1.6555668487294606,2.747035706846918,0.006155280834468349,0.2954534800544808,False,False,False
long_form,D2_gated_fusion,20,s26,eqw_pool,2026,,7097,765,0.06799267441187908,0.06541222290566404,3.7951904797617524,-0.7172840406730336,0.9288761531431989,0.3532466466368102,1.0,False,False,False
long_form,D2_gated_fusion,20,s26,valbest_single,2026,A6_shar,7097,765,0.07135164980134474,0.07558977016787956,-5.939765062664241,-1.4885880774690552,4.263655371379479,2.2629376284976397e-05,0.0010183219328239379,False,False,True
long_form,D2_gated_fusion,20,ens,fitted_pool,2026+2027+2028,,7097,765,0.07305092570285074,0.0724800396806971,0.7814904693690342,-0.7532385781979796,2.8042415522021864,0.00517151953463378,0.2378898985931539,False,False,False
long_form,D2_gated_fusion,20,ens,eqw_pool,2026+2027+2028,,7097,765,0.06799267441187908,0.06768711630965683,0.4493985636912344,-0.16912278595875183,1.9110448178771355,0.05637278026027762,1.0,False,False,False
long_form,D2_gated_fusion,20,ens,valbest_single,2026+2027+2028,A6_shar,7097,765,0.07135164980134474,0.07341488760779989,-2.8916469516816456,-0.6879259108880483,5.943811923712404,4.232204385540188e-09,2.4123564997579074e-07,False,False,True
long_form,D4_llmfused,5,s26,fitted_pool,2026,,7550,792,0.11744442357261445,0.11756828533030651,-0.10546414544363833,-0.06778211946188462,1.49702597830708,0.1347854018055635,1.0,False,False,False
long_form,D4_llmfused,5,s26,eqw_pool,2026,,7550,792,0.1159154891353265,0.11649569769672365,-0.5005444619396641,0.052616493978222614,1.2972185823553415,0.19493421048612095,1.0,False,False,False
long_form,D4_llmfused,5,s26,valbest_single,2026,A2_har_rv,7550,792,0.12089601073739074,0.12074955433441457,0.12114246126309393,-0.020240170896937422,-0.8065454689261469,0.420170827128215,1.0,False,False,False
long_form,D4_llmfused,5,ens,fitted_pool,2026,,7550,792,0.11744442357261445,0.11756828533030651,-0.10546414544363833,-0.06778211946188462,1.49702597830708,0.1347854018055635,1.0,False,False,False
long_form,D4_llmfused,5,ens,eqw_pool,2026,,7550,792,0.1159154891353265,0.11649569769672365,-0.5005444619396641,0.052616493978222614,1.2972185823553415,0.19493421048612095,1.0,False,False,False
long_form,D4_llmfused,5,ens,valbest_single,2026,A2_har_rv,7550,792,0.12089601073739074,0.12074955433441457,0.12114246126309393,-0.020240170896937422,-0.8065454689261469,0.420170827128215,1.0,False,False,False
long_form,D4_llmfused,10,s26,fitted_pool,2026,,7167,766,0.0856353741087057,0.08538837443832203,0.28843182266024925,0.05644633685837915,-3.137335290451552,0.0017702529376381847,0.09736391157010016,True,False,False
long_form,D4_llmfused,10,s26,eqw_pool,2026,,7167,766,0.08194852119490363,0.08324490921876784,-1.581954140186283,0.19784618642324767,1.0985915555731542,0.2722918937902458,1.0,False,False,False
long_form,D4_llmfused,10,s26,valbest_single,2026,A6_shar,7167,766,0.08650428417809598,0.08652265239673884,-0.02123388317397303,0.09167525503113896,-1.3694920221769784,0.1712474006518483,1.0,False,False,False
long_form,D4_llmfused,10,ens,fitted_pool,2026,,7167,766,0.0856353741087057,0.08538837443832203,0.28843182266024925,0.05644633685837915,-3.137335290451552,0.0017702529376381847,0.09028289981954742,True,False,False
long_form,D4_llmfused,10,ens,eqw_pool,2026,,7167,766,0.08194852119490363,0.08324490921876784,-1.581954140186283,0.19784618642324767,1.0985915555731542,0.2722918937902458,1.0,False,False,False
long_form,D4_llmfused,10,ens,valbest_single,2026,A6_shar,7167,766,0.08650428417809598,0.08652265239673884,-0.02123388317397303,0.09167525503113896,-1.3694920221769784,0.1712474006518483,1.0,False,False,False
long_form,D4_llmfused,20,s26,fitted_pool,2026,,7097,765,0.07305092570285074,0.07278418527581283,0.3651431169030308,0.04914231349723423,-3.166851732140909,0.0016022291320495893,0.089724831394777,True,False,False
long_form,D4_llmfused,20,s26,eqw_pool,2026,,7097,765,0.06799267441187908,0.06809366745570723,-0.14853518368224736,0.25270871761181585,-0.47915662200579395,0.6319643254970756,1.0,False,False,False
long_form,D4_llmfused,20,s26,valbest_single,2026,A6_shar,7097,765,0.07135164980134474,0.07126443415012676,0.12223354535011773,0.012114415947184006,-3.670946521709173,0.00025847035134711786,0.010338814053884714,True,True,False
long_form,D4_llmfused,20,ens,fitted_pool,2026,,7097,765,0.07305092570285074,0.07278418527581283,0.3651431169030308,0.04914231349723423,-3.166851732140909,0.0016022291320495893,0.08491814399862824,True,False,False
long_form,D4_llmfused,20,ens,eqw_pool,2026,,7097,765,0.06799267441187908,0.06809366745570723,-0.14853518368224736,0.25270871761181585,-0.47915662200579395,0.6319643254970756,1.0,False,False,False
long_form,D4_llmfused,20,ens,valbest_single,2026,A6_shar,7097,765,0.07135164980134474,0.07126443415012676,0.12223354535011773,0.012114415947184006,-3.670946521709173,0.00025847035134711786,0.00852952159445489,True,True,False
event_driven,B1_bow_ridge,5,s26,fitted_pool,2026,,23855,996,0.12326885849386289,0.12288394413102655,0.3122559643525115,0.17354342371659318,-0.8080254589143752,0.4192690613158662,1.0,False,False,False
event_driven,B1_bow_ridge,5,s26,eqw_pool,2026,,23855,996,0.12150720752701606,0.12074289304085806,0.6290281059977995,0.14168477714454236,-2.55287180616515,0.01083218647627777,0.3249655942883331,True,False,False
event_driven,B1_bow_ridge,5,s26,valbest_single,2026,A6_shar,23855,996,0.12676643921838593,0.1251105208801202,1.3062750271095067,0.21816542457962862,-3.4780847242630384,0.0005268660834504398,0.019494670802121503,True,True,False
event_driven,B1_bow_ridge,5,ens,fitted_pool,2026,,23855,996,0.12326885849386289,0.12288394413102655,0.3122559643525115,0.17354342371659318,-0.8080254589143752,0.4192690613158662,1.0,False,False,False
event_driven,B1_bow_ridge,5,ens,eqw_pool,2026,,23855,996,0.12150720752701606,0.12074289304085806,0.6290281059977995,0.14168477714454236,-2.55287180616515,0.01083218647627777,0.3249655942883331,True,False,False
event_driven,B1_bow_ridge,5,ens,valbest_single,2026,A6_shar,23855,996,0.12676643921838593,0.1251105208801202,1.3062750271095067,0.21816542457962862,-3.4780847242630384,0.0005268660834504398,0.015903547233309646,True,True,False
event_driven,B1_bow_ridge,10,s26,fitted_pool,2026,,22785,991,0.08687148408001943,0.08700757030339659,-0.15665235240116915,0.1758416883682032,0.8062095219370352,0.4203156633675133,1.0,False,False,False
event_driven,B1_bow_ridge,10,s26,eqw_pool,2026,,22785,991,0.08409860791184474,0.08380424875783374,0.3500166784206041,0.11845096728645518,-1.9017512667970113,0.05749374442863038,1.0,False,False,False
event_driven,B1_bow_ridge,10,s26,valbest_single,2026,A6_shar,22785,991,0.08912618017344862,0.08808280877522294,1.1706676940436234,0.2168061157570707,-3.485363478178781,0.000513017652687408,0.019494670802121503,True,True,False
event_driven,B1_bow_ridge,10,ens,fitted_pool,2026,,22785,991,0.08687148408001943,0.08700757030339659,-0.15665235240116915,0.1758416883682032,0.8062095219370352,0.4203156633675133,1.0,False,False,False
event_driven,B1_bow_ridge,10,ens,eqw_pool,2026,,22785,991,0.08409860791184474,0.08380424875783374,0.3500166784206041,0.11845096728645518,-1.9017512667970113,0.05749374442863038,1.0,False,False,False
event_driven,B1_bow_ridge,10,ens,valbest_single,2026,A6_shar,22785,991,0.08912618017344862,0.08808280877522294,1.1706676940436234,0.2168061157570707,-3.485363478178781,0.000513017652687408,0.015903547233309646,True,True,False
event_driven,B1_bow_ridge,20,s26,fitted_pool,2026,,22318,981,0.0633555671133328,0.06352448284669673,-0.2666154547425453,0.17671134875651015,0.9165284608971035,0.3596152681902264,1.0,False,False,False
event_driven,B1_bow_ridge,20,s26,eqw_pool,2026,,22318,981,0.06097688481576244,0.060831991491298976,0.23762008325162656,0.0931028129665688,-1.3055208457549135,0.1920219528993407,1.0,False,False,False
event_driven,B1_bow_ridge,20,s26,valbest_single,2026,A6_shar,22318,981,0.06502063230734743,0.0641091459094452,1.4018417932229623,0.20894179707859076,-3.3707016764257656,0.0007790396270906682,0.027266386948173387,True,True,False
event_driven,B1_bow_ridge,20,ens,fitted_pool,2026,,22318,981,0.0633555671133328,0.06352448284669673,-0.2666154547425453,0.17671134875651015,0.9165284608971035,0.3596152681902264,1.0,False,False,False
event_driven,B1_bow_ridge,20,ens,eqw_pool,2026,,22318,981,0.06097688481576244,0.060831991491298976,0.23762008325162656,0.0931028129665688,-1.3055208457549135,0.1920219528993407,1.0,False,False,False
event_driven,B1_bow_ridge,20,ens,valbest_single,2026,A6_shar,22318,981,0.06502063230734743,0.0641091459094452,1.4018417932229623,0.20894179707859076,-3.3707016764257656,0.0007790396270906682,0.022592149185629375,True,True,False
event_driven,B2_tfidf_ridge,5,s26,fitted_pool,2026,,23855,996,0.12326885849386289,0.12308707994888524,0.14746509961938511,0.19288011353840595,0.49152812096597076,0.6231613747640609,1.0,False,False,False
event_driven,B2_tfidf_ridge,5,s26,eqw_pool,2026,,23855,996,0.12150720752701606,0.12095744440854081,0.45245309283650287,0.15464213024785775,-1.0997091439380826,0.27172486659620826,1.0,False,False,False
event_driven,B2_tfidf_ridge,5,s26,valbest_single,2026,A6_shar,23855,996,0.12676643921838593,0.1252664821605761,1.1832446087925501,0.24800008953845643,-2.686179036215599,0.0073478239194734105,0.19839124582578208,True,False,False
event_driven,B2_tfidf_ridge,5,ens,fitted_pool,2026,,23855,996,0.12326885849386289,0.12308707994888524,0.14746509961938511,0.19288011353840595,0.49152812096597076,0.6231613747640609,1.0,False,False,False
event_driven,B2_tfidf_ridge,5,ens,eqw_pool,2026,,23855,996,0.12150720752701606,0.12095744440854081,0.45245309283650287,0.15464213024785775,-1.0997091439380826,0.27172486659620826,1.0,False,False,False
event_driven,B2_tfidf_ridge,5,ens,valbest_single,2026,A6_shar,23855,996,0.12676643921838593,0.1252664821605761,1.1832446087925501,0.24800008953845643,-2.686179036215599,0.0073478239194734105,0.15430430230894163,True,False,False
event_driven,B2_tfidf_ridge,10,s26,fitted_pool,2026,,22785,991,0.08687148408001943,0.08692152530203051,-0.05760373791356284,0.1824341288579218,1.2196747326063002,0.22287868827731777,1.0,False,False,False
event_driven,B2_tfidf_ridge,10,s26,eqw_pool,2026,,22785,991,0.08409860791184474,0.08381952061599175,0.3318572123637787,0.12096216408882217,-0.725029030530967,0.4686055485458817,1.0,False,False,False
event_driven,B2_tfidf_ridge,10,s26,valbest_single,2026,A6_shar,22785,991,0.08912618017344862,0.08798030482476701,1.2856776162196248,0.23010940413236156,-2.8905868406078885,0.003929235543336905,0.11394783075677023,True,False,False
event_driven,B2_tfidf_ridge,10,ens,fitted_pool,2026,,22785,991,0.08687148408001943,0.08692152530203051,-0.05760373791356284,0.1824341288579218,1.2196747326063002,0.22287868827731777,1.0,False,False,False
event_driven,B2_tfidf_ridge,10,ens,eqw_pool,2026,,22785,991,0.08409860791184474,0.08381952061599175,0.3318572123637787,0.12096216408882217,-0.725029030530967,0.4686055485458817,1.0,False,False,False
event_driven,B2_tfidf_ridge,10,ens,valbest_single,2026,A6_shar,22785,991,0.08912618017344862,0.08798030482476701,1.2856776162196248,0.23010940413236156,-2.8905868406078885,0.003929235543336905,0.0903724174967488,True,False,False
event_driven,B2_tfidf_ridge,20,s26,fitted_pool,2026,,22318,981,0.0633555671133328,0.06343627881951679,-0.12739481289718926,0.20222390227552178,0.928855906268381,0.3531924890860878,1.0,False,False,False
event_driven,B2_tfidf_ridge,20,s26,eqw_pool,2026,,22318,981,0.06097688481576244,0.060790349706197296,0.30591118278466756,0.11040822046222562,-0.5789511498551146,0.5627551742505144,1.0,False,False,False
event_driven,B2_tfidf_ridge,20,s26,valbest_single,2026,A6_shar,22318,981,0.06502063230734743,0.06392405103937562,1.6865127714974486,0.23602266881483844,-3.082903665827892,0.002107255863476214,0.06743218763123884,True,False,False
event_driven,B2_tfidf_ridge,20,ens,fitted_pool,2026,,22318,981,0.0633555671133328,0.06343627881951679,-0.12739481289718926,0.20222390227552178,0.928855906268381,0.3531924890860878,1.0,False,False,False
event_driven,B2_tfidf_ridge,20,ens,eqw_pool,2026,,22318,981,0.06097688481576244,0.060790349706197296,0.30591118278466756,0.11040822046222562,-0.5789511498551146,0.5627551742505144,1.0,False,False,False
event_driven,B2_tfidf_ridge,20,ens,valbest_single,2026,A6_shar,22318,981,0.06502063230734743,0.06392405103937562,1.6865127714974486,0.23602266881483844,-3.082903665827892,0.002107255863476214,0.05268139658690535,True,False,False
event_driven,B3_lm_linear,5,s26,fitted_pool,2026,,23855,996,0.12326885849386289,0.1230706850625318,0.1607652035984077,0.5617244643548291,-1.7723605939574307,0.07664066693215732,1.0,False,False,False
event_driven,B3_lm_linear,5,s26,eqw_pool,2026,,23855,996,0.12150720752701606,0.12131151732588936,0.16105234011174768,0.5497138519578353,-1.7547916712660454,0.07960271405504288,1.0,False,False,False
event_driven,B3_lm_linear,5,s26,valbest_single,2026,A6_shar,23855,996,0.12676643921838593,0.1264911663872622,0.2171496121694278,0.616488009203322,-2.2405806345228876,0.025273257357693653,0.581284919226954,True,False,False
event_driven,B3_lm_linear,5,ens,fitted_pool,2026,,23855,996,0.12326885849386289,0.1230706850625318,0.1607652035984077,0.5617244643548291,-1.7723605939574307,0.07664066693215732,1.0,False,False,False
event_driven,B3_lm_linear,5,ens,eqw_pool,2026,,23855,996,0.12150720752701606,0.12131151732588936,0.16105234011174768,0.5497138519578353,-1.7547916712660454,0.07960271405504288,1.0,False,False,False
event_driven,B3_lm_linear,5,ens,valbest_single,2026,A6_shar,23855,996,0.12676643921838593,0.1264911663872622,0.2171496121694278,0.616488009203322,-2.2405806345228876,0.025273257357693653,0.45491863243848574,True,False,False
event_driven,B3_lm_linear,10,s26,fitted_pool,2026,,22785,991,0.08687148408001943,0.08679561043948099,0.08734009939159869,0.5847406491562795,-0.5133153866976421,0.607845251791822,1.0,False,False,False
event_driven,B3_lm_linear,10,s26,eqw_pool,2026,,22785,991,0.08409860791184474,0.08402006443675651,0.09339450085852213,0.5315141887578516,-0.5485220121137441,0.5834571905053263,1.0,False,False,False
event_driven,B3_lm_linear,10,s26,valbest_single,2026,A6_shar,22785,991,0.08912618017344862,0.08896226149014759,0.1839175458681427,0.6583437107524315,-1.1336164617178253,0.2572299024868085,1.0,False,False,False
event_driven,B3_lm_linear,10,ens,fitted_pool,2026,,22785,991,0.08687148408001943,0.08679561043948099,0.08734009939159869,0.5847406491562795,-0.5133153866976421,0.607845251791822,1.0,False,False,False
event_driven,B3_lm_linear,10,ens,eqw_pool,2026,,22785,991,0.08409860791184474,0.08402006443675651,0.09339450085852213,0.5315141887578516,-0.5485220121137441,0.5834571905053263,1.0,False,False,False
event_driven,B3_lm_linear,10,ens,valbest_single,2026,A6_shar,22785,991,0.08912618017344862,0.08896226149014759,0.1839175458681427,0.6583437107524315,-1.1336164617178253,0.2572299024868085,1.0,False,False,False
event_driven,B3_lm_linear,20,s26,fitted_pool,2026,,22318,981,0.0633555671133328,0.0632959558620093,0.09408999720082992,0.6040413880312265,-0.3424254993731628,0.7321041273939771,1.0,False,False,False
event_driven,B3_lm_linear,20,s26,eqw_pool,2026,,22318,981,0.06097688481576244,0.06090636390218477,0.11565187987340379,0.5036154602696497,-0.4319027583258827,0.6659070959243554,1.0,False,False,False
event_driven,B3_lm_linear,20,s26,valbest_single,2026,A6_shar,22318,981,0.06502063230734743,0.0648488922311358,0.26413166116231523,0.6788469502274237,-1.1606381458608284,0.2460717332751499,1.0,False,False,False
event_driven,B3_lm_linear,20,ens,fitted_pool,2026,,22318,981,0.0633555671133328,0.0632959558620093,0.09408999720082992,0.6040413880312265,-0.3424254993731628,0.7321041273939771,1.0,False,False,False
event_driven,B3_lm_linear,20,ens,eqw_pool,2026,,22318,981,0.06097688481576244,0.06090636390218477,0.11565187987340379,0.5036154602696497,-0.4319027583258827,0.6659070959243554,1.0,False,False,False
event_driven,B3_lm_linear,20,ens,valbest_single,2026,A6_shar,22318,981,0.06502063230734743,0.0648488922311358,0.26413166116231523,0.6788469502274237,-1.1606381458608284,0.2460717332751499,1.0,False,False,False
event_driven,B4_lm_features,5,s26,fitted_pool,2026,,23855,996,0.12326885849386289,0.12302861554389487,0.19489346531101637,1.169768199759185,-1.298001897052862,0.19458748407970078,1.0,False,False,False
event_driven,B4_lm_features,5,s26,eqw_pool,2026,,23855,996,0.12150720752701606,0.12127975136808596,0.18719561049868846,1.171124532071658,-1.2735594492503137,0.20311701952434008,1.0,False,False,False
event_driven,B4_lm_features,5,s26,valbest_single,2026,A6_shar,23855,996,0.12676643921838593,0.1265414312943914,0.1774980234373298,1.1133981682272607,-0.9317482565687397,0.35169266138300986,1.0,False,False,False
event_driven,B4_lm_features,5,ens,fitted_pool,2026,,23855,996,0.12326885849386289,0.12302861554389487,0.19489346531101637,1.169768199759185,-1.298001897052862,0.19458748407970078,1.0,False,False,False
event_driven,B4_lm_features,5,ens,eqw_pool,2026,,23855,996,0.12150720752701606,0.12127975136808596,0.18719561049868846,1.171124532071658,-1.2735594492503137,0.20311701952434008,1.0,False,False,False
event_driven,B4_lm_features,5,ens,valbest_single,2026,A6_shar,23855,996,0.12676643921838593,0.1265414312943914,0.1774980234373298,1.1133981682272607,-0.9317482565687397,0.35169266138300986,1.0,False,False,False
event_driven,B4_lm_features,10,s26,fitted_pool,2026,,22785,991,0.08687148408001943,0.08679821115544592,0.08434634834374503,0.44894049337534353,-2.389161741934022,0.017073247733987985,0.6829299093595194,True,False,False
event_driven,B4_lm_features,10,s26,eqw_pool,2026,,22785,991,0.08409860791184474,0.0840326404897016,0.07844056373952049,0.4378560234947255,-2.418000021735029,0.015785738163305835,0.45778640673586923,True,False,False
event_driven,B4_lm_features,10,s26,valbest_single,2026,A6_shar,22785,991,0.08912618017344862,0.08905751174597289,0.07704630372590138,0.4069128367109016,-2.190791649423822,0.02869940329291324,0.6313868724440913,True,False,False
event_driven,B4_lm_features,10,ens,fitted_pool,2026,,22785,991,0.08687148408001943,0.08679821115544592,0.08434634834374503,0.44894049337534353,-2.389161741934022,0.017073247733987985,0.6317101661575555,True,False,False
event_driven,B4_lm_features,10,ens,eqw_pool,2026,,22785,991,0.08409860791184474,0.0840326404897016,0.07844056373952049,0.4378560234947255,-2.418000021735029,0.015785738163305835,0.44200066857256337,True,False,False
event_driven,B4_lm_features,10,ens,valbest_single,2026,A6_shar,22785,991,0.08912618017344862,0.08905751174597289,0.07704630372590138,0.4069128367109016,-2.190791649423822,0.02869940329291324,0.4878898559795251,True,False,False
event_driven,B4_lm_features,20,s26,fitted_pool,2026,,22318,981,0.0633555671133328,0.06330134313060308,0.08558676877238772,0.5415566360732561,-1.129261302492761,0.2590639597202725,1.0,False,False,False
event_driven,B4_lm_features,20,s26,eqw_pool,2026,,22318,981,0.06097688481576244,0.06091420656834814,0.10279017631628609,0.38667598567913414,-1.517654712372764,0.12942397248417054,1.0,False,False,False
event_driven,B4_lm_features,20,s26,valbest_single,2026,A6_shar,22318,981,0.06502063230734743,0.06485793812091574,0.25021932371043665,0.6201426051593831,-1.9560929424422444,0.050737967494033594,1.0,False,False,False
event_driven,B4_lm_features,20,ens,fitted_pool,2026,,22318,981,0.0633555671133328,0.06330134313060308,0.08558676877238772,0.5415566360732561,-1.129261302492761,0.2590639597202725,1.0,False,False,False
event_driven,B4_lm_features,20,ens,eqw_pool,2026,,22318,981,0.06097688481576244,0.06091420656834814,0.10279017631628609,0.38667598567913414,-1.517654712372764,0.12942397248417054,1.0,False,False,False
event_driven,B4_lm_features,20,ens,valbest_single,2026,A6_shar,22318,981,0.06502063230734743,0.06485793812091574,0.25021932371043665,0.6201426051593831,-1.9560929424422444,0.050737967494033594,0.6724889850066719,False,False,False
event_driven,C2_finbert_s1,5,s26,fitted_pool,2026,,23855,996,0.12326885849386289,0.12256812870236027,0.5684564618058107,0.10271805709245131,-1.887484574102989,0.05938601469429543,1.0,False,False,False
event_driven,C2_finbert_s1,5,s26,eqw_pool,2026,,23855,996,0.12150720752701606,0.1209938390454663,0.42250043598081666,0.04480196423362777,-3.6385537713515976,0.00028826132946204336,0.012683498496329907,True,True,False
event_driven,C2_finbert_s1,5,s26,valbest_single,2026,A6_shar,23855,996,0.12676643921838593,0.12420965914632115,2.0169218981217147,0.1776790798301268,-5.011662764500015,6.384365832448619e-07,3.319870232873282e-05,True,True,False
event_driven,C2_finbert_s1,5,ens,fitted_pool,2026+2027+2028,,23855,996,0.12326885849386289,0.12232207853671069,0.7680609431451304,0.14431703181724462,-2.4133212539252327,0.01598771915634442,0.6075333279410879,True,False,False
event_driven,C2_finbert_s1,5,ens,eqw_pool,2026+2027+2028,,23855,996,0.12150720752701606,0.1206526887632398,0.7032659059227151,0.0769627558439966,-4.384171175995818,1.2880663620083333e-05,0.00065691384462425,True,True,False
event_driven,C2_finbert_s1,5,ens,valbest_single,2026+2027+2028,A6_shar,23855,996,0.12676643921838593,0.123663873425828,2.4474662313524496,0.2202081771569795,-5.96153966452511,3.466415767724174e-09,2.010521145280021e-07,True,True,False
event_driven,C2_finbert_s1,10,s26,fitted_pool,2026,,22785,991,0.08687148408001943,0.08668817955635223,0.21100655250502665,0.09901810877102792,-0.15353561286054523,0.878007197700566,1.0,False,False,False
event_driven,C2_finbert_s1,10,s26,eqw_pool,2026,,22785,991,0.08409860791184474,0.08400780020419843,0.10797765849049824,0.012641184639811377,-3.462991240182256,0.0005570637739848682,0.023396678507364464,True,True,False
event_driven,C2_finbert_s1,10,s26,valbest_single,2026,A6_shar,22785,991,0.08912618017344862,0.08741908054466535,1.9153739400264609,0.16321258861623175,-5.3661809535923695,1.0016695698392946e-07,5.509182634116121e-06,True,True,False
event_driven,C2_finbert_s1,10,ens,fitted_pool,2026+2027+2028,,22785,991,0.08687148408001943,0.08679826094308585,0.08428903651069103,0.14986666753873312,0.46448700365871026,0.6424009972269308,1.0,False,False,False
event_driven,C2_finbert_s1,10,ens,eqw_pool,2026+2027+2028,,22785,991,0.08409860791184474,0.08383988315041303,0.30764452332304476,0.04482662497842073,-3.1379026487159467,0.0017519206015672037,0.07007682406268814,True,False,False
event_driven,C2_finbert_s1,10,ens,valbest_single,2026+2027+2028,A6_shar,22785,991,0.08912618017344862,0.08716850607970078,2.196519686962913,0.20767365019785758,-5.566531962504008,3.3457721476369835e-08,1.8067169597239711e-06,True,True,False
event_driven,C2_finbert_s1,20,s26,fitted_pool,2026,,22318,981,0.0633555671133328,0.06623163667060332,-4.539568799259102,0.4345079216857595,4.824470114397073,1.6270245358588522e-06,0.00010412957029496654,False,False,True
event_driven,C2_finbert_s1,20,s26,eqw_pool,2026,,22318,981,0.06097688481576244,0.06211822008676928,-1.8717507043124786,0.27890129781380546,2.7826573528258836,0.005495164871242335,0.18134044075099703,False,False,False
event_driven,C2_finbert_s1,20,s26,valbest_single,2026,A6_shar,22318,981,0.06502063230734743,0.06451241125174706,0.7816304418542926,0.40456648339713014,-0.3679934132015948,0.7129576118351812,1.0,False,False,False
event_driven,C2_finbert_s1,20,ens,fitted_pool,2026+2027+2028,,22318,981,0.0633555671133328,0.06436540502794484,-1.5939213562805028,0.22833236186307224,1.9705202357448446,0.049059919570382256,1.0,False,False,False
event_driven,C2_finbert_s1,20,ens,eqw_pool,2026+2027+2028,,22318,981,0.06097688481576244,0.06106903310666043,-0.15112003700486387,0.06991790798686634,0.4136513491477513,0.6792199651865859,1.0,False,False,False
event_driven,C2_finbert_s1,20,ens,valbest_single,2026+2027+2028,A6_shar,22318,981,0.06502063230734743,0.06408287643843198,1.4422435396856084,0.2466968463824811,-1.979538091265882,0.04803492750047656,0.6724889850066719,True,False,False
event_driven,C6_llmtext,5,s26,fitted_pool,2026,,23855,996,0.12326885849386289,0.12277824826082526,0.3980001429655966,0.1875184809512337,-1.9409022854154738,0.052552260104083065,1.0,False,False,False
event_driven,C6_llmtext,5,s26,eqw_pool,2026,,23855,996,0.12150720752701606,0.1208734480592512,0.5215817898077818,0.1643840462805551,-3.06117179122879,0.002263891308397515,0.08150008710231055,True,False,False
event_driven,C6_llmtext,5,s26,valbest_single,2026,A6_shar,23855,996,0.12676643921838593,0.12523942502288474,1.2045886947021833,0.26194124483699055,-4.886187554150828,1.1976024320479667e-06,5.7484916738302404e-05,True,True,False
event_driven,C6_llmtext,5,ens,fitted_pool,2026,,23855,996,0.12326885849386289,0.12277824826082526,0.3980001429655966,0.1875184809512337,-1.9409022854154738,0.052552260104083065,1.0,False,False,False
event_driven,C6_llmtext,5,ens,eqw_pool,2026,,23855,996,0.12150720752701606,0.1208734480592512,0.5215817898077818,0.1643840462805551,-3.06117179122879,0.002263891308397515,0.0882917610275031,True,False,False
event_driven,C6_llmtext,5,ens,valbest_single,2026,A6_shar,23855,996,0.12676643921838593,0.12523942502288474,1.2045886947021833,0.26194124483699055,-4.886187554150828,1.1976024320479667e-06,5.149690457806257e-05,True,True,False
event_driven,C6_llmtext,10,s26,fitted_pool,2026,,22785,991,0.08687148408001943,0.08676674129283249,0.1205721167264328,0.19146142812080533,0.04770771482603288,0.9619588077024414,1.0,False,False,False
event_driven,C6_llmtext,10,s26,eqw_pool,2026,,22785,991,0.08409860791184474,0.08388886607256532,0.24939989434698165,0.15030179624853407,-1.0593123508884459,0.28971593240759713,1.0,False,False,False
event_driven,C6_llmtext,10,s26,valbest_single,2026,A6_shar,22785,991,0.08912618017344862,0.08830715058198838,0.9189551149463894,0.2697441655963331,-3.1556373486711298,0.001649827079819059,0.054444293634028945,True,False,False
event_driven,C6_llmtext,10,ens,fitted_pool,2026,,22785,991,0.08687148408001943,0.08676674129283249,0.1205721167264328,0.19146142812080533,0.04770771482603288,0.9619588077024414,1.0,False,False,False
event_driven,C6_llmtext,10,ens,eqw_pool,2026,,22785,991,0.08409860791184474,0.08388886607256532,0.24939989434698165,0.15030179624853407,-1.0593123508884459,0.28971593240759713,1.0,False,False,False
event_driven,C6_llmtext,10,ens,valbest_single,2026,A6_shar,22785,991,0.08912618017344862,0.08830715058198838,0.9189551149463894,0.2697441655963331,-3.1556373486711298,0.001649827079819059,0.042895504075295535,True,True,False
event_driven,C6_llmtext,20,s26,fitted_pool,2026,,22318,981,0.0633555671133328,0.06330099955104163,0.08612907243583634,0.20407248441313786,-0.022395075416339696,0.9821373675146678,1.0,False,False,False
event_driven,C6_llmtext,20,s26,eqw_pool,2026,,22318,981,0.06097688481576244,0.06088101975649204,0.15721540967540643,0.1731832649443384,-0.4227211288080922,0.6725914726626854,1.0,False,False,False
event_driven,C6_llmtext,20,s26,valbest_single,2026,A6_shar,22318,981,0.06502063230734743,0.06462551243911069,0.6076838292944385,0.24751690621653713,-1.7812730569137802,0.0751774962969796,1.0,False,False,False
event_driven,C6_llmtext,20,ens,fitted_pool,2026,,22318,981,0.0633555671133328,0.06330099955104163,0.08612907243583634,0.20407248441313786,-0.022395075416339696,0.9821373675146678,1.0,False,False,False
event_driven,C6_llmtext,20,ens,eqw_pool,2026,,22318,981,0.06097688481576244,0.06088101975649204,0.15721540967540643,0.1731832649443384,-0.4227211288080922,0.6725914726626854,1.0,False,False,False
event_driven,C6_llmtext,20,ens,valbest_single,2026,A6_shar,22318,981,0.06502063230734743,0.06462551243911069,0.6076838292944385,0.24751690621653713,-1.7812730569137802,0.0751774962969796,0.9021299555637552,False,False,False
event_driven,D2_gated_fusion,5,s26,fitted_pool,2026,,23855,996,0.12326885849386289,0.12295316017662056,0.2561054925790931,0.27975395330825753,-0.2646134149468027,0.7913620870572043,1.0,False,False,False
event_driven,D2_gated_fusion,5,s26,eqw_pool,2026,,23855,996,0.12150720752701606,0.12199107151278224,-0.3982183407997383,0.33352354295356224,2.7688630052619487,0.005729773858103926,0.18134044075099703,False,False,False
event_driven,D2_gated_fusion,5,s26,valbest_single,2026,A6_shar,23855,996,0.12676643921838593,0.1261361921119951,0.4971718936627127,0.3006152692900882,-1.2308230008275391,0.21867994078569145,1.0,False,False,False
event_driven,D2_gated_fusion,5,ens,fitted_pool,2026+2027+2028,,23855,996,0.12326885849386289,0.12290235608769351,0.2973195425409309,0.2921006561307295,-0.9262484386567713,0.3545414868070562,1.0,False,False,False
event_driven,D2_gated_fusion,5,ens,eqw_pool,2026+2027+2028,,23855,996,0.12150720752701606,0.12188202425862982,-0.30847283814864934,0.33311945722315284,2.4632747105253805,0.013935796152965769,0.4041380884360073,False,False,False
event_driven,D2_gated_fusion,5,ens,valbest_single,2026+2027+2028,A6_shar,23855,996,0.12676643921838593,0.1261444557373608,0.4906531136002106,0.27335327689533095,-2.1631656238106873,0.030765992688854937,0.492255883021679,True,False,False
event_driven,D2_gated_fusion,10,s26,fitted_pool,2026,,22785,991,0.08687148408001943,0.08686415018264182,0.008442237927994284,0.21590608146382564,-0.21711493737749352,0.8281635081158245,1.0,False,False,False
event_driven,D2_gated_fusion,10,s26,eqw_pool,2026,,22785,991,0.08409860791184474,0.08563763991822278,-1.8300326778194744,0.5002908810889819,4.910463088792994,1.0623590912302324e-06,6.055446820012325e-05,False,False,True
event_driven,D2_gated_fusion,10,s26,valbest_single,2026,A6_shar,22785,991,0.08912618017344862,0.08899173616431225,0.15084682062523935,0.27152556469742706,-1.25679034551315,0.20912600569757508,1.0,False,False,False
event_driven,D2_gated_fusion,10,ens,fitted_pool,2026+2027+2028,,22785,991,0.08687148408001943,0.0868860606660318,-0.016779483125831073,-0.08040060968763518,0.7163913986315201,0.4739186584109083,1.0,False,False,False
event_driven,D2_gated_fusion,10,ens,eqw_pool,2026+2027+2028,,22785,991,0.08409860791184474,0.08544856212672522,-1.6052039961179223,0.46210436949487776,5.201973188932987,2.396165468294629e-07,1.3897759716108847e-05,False,False,True
event_driven,D2_gated_fusion,10,ens,valbest_single,2026+2027+2028,A6_shar,22785,991,0.08912618017344862,0.08912034412490184,0.006548074354151993,0.010375529666353184,-1.7379454762522681,0.08253136091092976,0.9078449700202273,False,False,False
event_driven,D2_gated_fusion,20,s26,fitted_pool,2026,,22318,981,0.0633555671133328,0.0648901433642751,-2.422164808653963,-1.2900187792294022,2.1454072822875165,0.03216547207336169,1.0,False,False,False
event_driven,D2_gated_fusion,20,s26,eqw_pool,2026,,22318,981,0.06097688481576244,0.06101133453532382,-0.05649635868652377,0.022389262798235113,1.8148455933336496,0.06985324754313318,1.0,False,False,False
event_driven,D2_gated_fusion,20,s26,valbest_single,2026,A6_shar,22318,981,0.06502063230734743,0.06728187974046186,-3.4777383007069016,-1.0940104546990799,3.4348463365604123,0.0006177418680809778,0.022238707250915198,False,False,True
event_driven,D2_gated_fusion,20,ens,fitted_pool,2026+2027+2028,,22318,981,0.0633555671133328,0.06493032939770363,-2.485594172890651,-1.1332152708231176,2.2333831387485406,0.025748745662971168,0.8239598612150774,False,False,False
event_driven,D2_gated_fusion,20,ens,eqw_pool,2026+2027+2028,,22318,981,0.06097688481576244,0.06089233100689925,0.13866534690753637,-0.097917768280201,-0.7373888462117959,0.4610624249573803,1.0,False,False,False
event_driven,D2_gated_fusion,20,ens,valbest_single,2026+2027+2028,A6_shar,22318,981,0.06502063230734743,0.06747484751726716,-3.774517599765636,-0.8340876180352162,4.18229984712603,3.144298845484878e-05,0.001163390572829405,False,False,True
event_driven,D4_llmfused,5,s26,fitted_pool,2026,,23855,996,0.12326885849386289,0.12312834601275462,0.11398862845417623,-0.05966232425178437,-2.939099420533256,0.0033677168289478173,0.16838584144739085,True,False,False
event_driven,D4_llmfused,5,s26,eqw_pool,2026,,23855,996,0.12150720752701606,0.12184073141869095,-0.2744889776194822,0.04289465797592509,2.9815720929375504,0.002937558090259861,0.10281453315909514,False,False,False
event_driven,D4_llmfused,5,s26,valbest_single,2026,A6_shar,23855,996,0.12676643921838593,0.12679611157864484,-0.023407110306061813,0.0046298904410701025,3.058595987535703,0.002283259608486806,0.07078104786309097,False,False,False
event_driven,D4_llmfused,5,ens,fitted_pool,2026,,23855,996,0.12326885849386289,0.12312834601275462,0.11398862845417623,-0.05966232425178437,-2.939099420533256,0.0033677168289478173,0.16165040778949524,True,False,False
event_driven,D4_llmfused,5,ens,eqw_pool,2026,,23855,996,0.12150720752701606,0.12184073141869095,-0.2744889776194822,0.04289465797592509,2.9815720929375504,0.002937558090259861,0.105752091249355,False,False,False
event_driven,D4_llmfused,5,ens,valbest_single,2026,A6_shar,23855,996,0.12676643921838593,0.12679611157864484,-0.023407110306061813,0.0046298904410701025,3.058595987535703,0.002283259608486806,0.05479823060368334,False,False,False
event_driven,D4_llmfused,10,s26,fitted_pool,2026,,22785,991,0.08687148408001943,0.0868971767728139,-0.02957551959259984,-0.017262197758067963,2.1080141951127715,0.03528060693353169,1.0,False,False,False
event_driven,D4_llmfused,10,s26,eqw_pool,2026,,22785,991,0.08409860791184474,0.08440959998737409,-0.3697945581398161,0.07812342985889786,2.774283353275253,0.005636422958724928,0.18134044075099703,False,False,False
event_driven,D4_llmfused,10,s26,valbest_single,2026,A6_shar,22785,991,0.08912618017344862,0.08912562342647745,0.000624672761786459,0.0076393189924196655,-0.0062275866822872955,0.9950323914901543,1.0,False,False,False
event_driven,D4_llmfused,10,ens,fitted_pool,2026,,22785,991,0.08687148408001943,0.0868971767728139,-0.02957551959259984,-0.017262197758067963,2.1080141951127715,0.03528060693353169,1.0,False,False,False
event_driven,D4_llmfused,10,ens,eqw_pool,2026,,22785,991,0.08409860791184474,0.08440959998737409,-0.3697945581398161,0.07812342985889786,2.774283353275253,0.005636422958724928,0.18641428071044014,False,False,False
event_driven,D4_llmfused,10,ens,valbest_single,2026,A6_shar,22785,991,0.08912618017344862,0.08912562342647745,0.000624672761786459,0.0076393189924196655,-0.0062275866822872955,0.9950323914901543,1.0,False,False,False
event_driven,D4_llmfused,20,s26,fitted_pool,2026,,22318,981,0.0633555671133328,0.06350939334148167,-0.2427982814417879,-0.04655818247239464,4.498032630024709,7.679363875252433e-06,0.00047612056026565084,False,False,True
event_driven,D4_llmfused,20,s26,eqw_pool,2026,,22318,981,0.06097688481576244,0.06100288646719128,-0.04264181666118463,0.06680525466681406,0.27611713221185885,0.7825163184187321,1.0,False,False,False
event_driven,D4_llmfused,20,s26,valbest_single,2026,A6_shar,22318,981,0.06502063230734743,0.06533097226085535,-0.47729457942052234,-0.07795530726743703,4.970161434651985,7.89260450474809e-07,4.025228297421526e-05,False,False,True
event_driven,D4_llmfused,20,ens,fitted_pool,2026,,22318,981,0.0633555671133328,0.06350939334148167,-0.2427982814417879,-0.04655818247239464,4.498032630024709,7.679363875252433e-06,0.0004684411963903984,False,False,True
event_driven,D4_llmfused,20,ens,eqw_pool,2026,,22318,981,0.06097688481576244,0.06100288646719128,-0.04264181666118463,0.06680525466681406,0.27611713221185885,0.7825163184187321,1.0,False,False,False
event_driven,D4_llmfused,20,ens,valbest_single,2026,A6_shar,22318,981,0.06502063230734743,0.06533097226085535,-0.47729457942052234,-0.07795530726743703,4.970161434651985,7.89260450474809e-07,3.630598072184121e-05,False,False,True
