disc,model,h,n_seeds,pk_n_test,pk_n_test2,pk_n_days,pk_qlike_R,pk_mde,pk_placebo_dm,pk_genuine,pk_conj,pk_primary_rel,pk_primary_dm,pk_primary_p,pk_primary_holm,pk_primary_detect,pk_firm_rel,pk_firm_dm,pk_firm_p,pk_firm_holm,pk_firm_detect,pk_pool_rel,pk_pool_dm,pk_pool_p,pk_pool_holm,pk_pool_detect,gk_n_test,gk_n_test2,gk_n_days,gk_qlike_R,gk_mde,gk_placebo_dm,gk_genuine,gk_conj,gk_primary_rel,gk_primary_dm,gk_primary_p,gk_primary_holm,gk_primary_detect,gk_firm_rel,gk_firm_dm,gk_firm_p,gk_firm_holm,gk_firm_detect,gk_pool_rel,gk_pool_dm,gk_pool_p,gk_pool_holm,gk_pool_detect,old_n_test,old_qlike_R,old_rel,old_dm,old_holm,old_placebo_dm,old_genuine,old_primary_detect,old_firm_detect,old_pool_detect,old_conj,old_firm_rel,old_firm_dm,old_pool_rel,old_pool_dm,old_mde,pk_i03_har_detect,pk_i03_firm_detect,pk_i03_pool_detect,pk_i03_all3_detect,pk_i05_har_detect,pk_i05_firm_detect,pk_i05_pool_detect,pk_i05_all3_detect,pk_i10_har_detect,pk_i10_firm_detect,pk_i10_pool_detect,pk_i10_all3_detect,gk_i03_har_detect,gk_i03_firm_detect,gk_i03_pool_detect,gk_i03_all3_detect,gk_i05_har_detect,gk_i05_firm_detect,gk_i05_pool_detect,gk_i05_all3_detect,gk_i10_har_detect,gk_i10_firm_detect,gk_i10_pool_detect,gk_i10_all3_detect
event_driven,B1_bow_ridge,5,1,25109,23855,996,0.046004469074416375,0.8328851379939969,1.1258121313367337,True,False,1.4368888034661538,-3.323968616476735,0.0009198330375964177,0.03709288133921272,True,0.5436577961385969,-4.713382423572454,2.783095479583102e-06,0.0001502871558974875,True,0.7036928126202656,-2.5373098420729043,0.011322529732690963,0.38496601091149274,False,25109,23855,996,0.04114205305506818,0.7686159410341369,1.114196792783807,True,False,1.4927688561304662,-3.6516383229315292,0.0002741468597872597,0.012884902410001205,True,0.5240190598506348,-5.042643848436272,5.454084312530275e-07,3.054287215016954e-05,True,0.7017652616315653,-2.7868788000611224,0.005423098590328382,0.21692394361313527,False,25109,0.1265103053816432,1.331417884609428,-3.349359895275928,0.0252116271482366,0.5857072992244443,True,True,True,False,False,0.4614762928848334,-3.5003178750106065,0.3122559643525115,-0.8080254589143752,0.7951823375351177,False,False,False,False,False,False,False,False,False,False,False,False,False,False,False,False,False,False,False,False,False,True,False,False
event_driven,B1_bow_ridge,10,1,25001,22785,991,0.037347469612037575,1.0014582867219117,0.02085882624330231,False,False,0.8288257383834114,-1.3913052259172969,0.16444545321025744,1.0,False,0.19495072503194147,-4.579596508511354,5.251819523982011e-06,0.0002730946152470646,True,0.04586402299673437,-0.2690727735956283,0.787929746580305,1.0,False,25001,22785,991,0.03369407706737839,1.0068468789168972,0.12944833290279073,False,False,0.8541455993285323,-1.2314138210604286,0.2184605654924765,1.0,False,0.1996699959017921,-4.702189852635963,2.9385389802070033e-06,0.00014986548799055717,True,0.031547885424283335,-0.06771330657171885,0.9460275292321162,1.0,False,25001,0.0882766693476687,1.228718774588584,-3.251877154995203,0.0331847847052435,0.0521468826955017,True,True,True,False,False,0.2503934385545798,-4.714815232314584,-0.1566523524011691,0.8062095219370352,0.8231055781428351,False,False,False,False,False,True,False,False,False,True,False,False,False,False,False,False,False,True,False,False,False,True,False,False
event_driven,B1_bow_ridge,20,1,24732,22318,981,0.03186751692045328,1.3274957113261483,0.8698938408612429,False,False,0.9486917203243572,-1.1876018859085775,0.23527805445012506,1.0,False,-0.4257295300920528,5.704413666067095,1.5453183003229205e-08,9.426441631969815e-07,False,-0.08656020910783582,0.3399640786913477,0.7339564293051819,1.0,False,24732,22318,981,0.02941934110839066,1.370351475961159,0.9799818627524933,False,False,0.9681598176205516,-1.0863811401023944,0.2775775419567698,1.0,False,-0.46647313746982083,6.012501190235049,2.5750808382622604e-09,1.5965501197226015e-07,False,-0.14330434757577662,0.5455115778928967,0.585525857077555,1.0,False,24732,0.0645388688828226,1.5311119888873268,-3.1035425378339445,0.0489014595477918,0.4536490840793202,True,True,False,False,False,-0.1929512232630929,5.504606871801213,-0.2666154547425453,0.9165284608971036,1.2221088864566452,False,False,False,False,False,False,False,False,False,False,False,False,False,False,False,False,False,False,False,False,False,False,False,False
event_driven,B2_tfidf_ridge,5,1,25109,23855,996,0.046004469074416375,0.9510945650666757,0.9788151033008938,False,False,1.3516373853393826,-2.03534344251317,0.042080912649281405,1.0,False,0.5520649732088739,-3.8449240837236456,0.00012825006647497385,0.005258252725473928,True,0.6020831450647987,-1.1367738822822524,0.25590651995449876,1.0,False,25109,23855,996,0.04114205305506818,0.9701812706532756,0.8951957884149755,False,False,1.4392142050811356,-2.0035593093203543,0.04538805309290007,1.0,False,0.6115642079811546,-3.9103709295614113,9.840399768784934e-05,0.004034563905201823,True,0.6040844778501842,-1.0249810678910785,0.3056212404822852,1.0,False,25109,0.1265103053816432,1.2074814852932854,-2.7596725469958416,0.1237357240635149,0.3855199658783398,False,False,False,False,False,0.4435060552205759,-3.0628687169012365,0.1474650996193851,0.4915281209659707,0.7628337486013693,False,False,False,False,False,False,False,False,False,False,False,False,False,False,False,False,False,False,False,False,False,False,False,False
event_driven,B2_tfidf_ridge,10,1,25001,22785,991,0.037347469612037575,1.1378436242809449,0.3989490916886916,False,False,1.113026891973264,-1.464183897792659,0.1434611601308414,1.0,False,0.14318008707840282,-4.152325040665896,3.574793812572092e-05,0.0015729092775317204,True,0.18956185090043037,-0.03444998396787901,0.9725252700871713,1.0,False,25001,22785,991,0.03369407706737839,1.1807361944613008,0.534424732309758,False,False,1.1161198861501465,-1.1982948803373579,0.23108901832679563,1.0,False,0.1872239159282804,-4.219720704169206,2.6706786676356962e-05,0.0012552189737887773,True,0.12994285010487747,0.2951640361142487,0.7679304621752733,1.0,False,25001,0.0882766693476687,1.3547084106734637,-2.9654021943241298,0.0680986959160178,0.3789265044485438,False,False,True,False,False,0.2812042843458857,-4.279509994508872,-0.0576037379135628,1.2196747326063002,0.868594127630703,False,False,False,False,False,False,False,False,False,True,False,False,False,False,False,False,False,False,False,False,False,True,False,False
event_driven,B2_tfidf_ridge,20,1,24732,22318,981,0.03186751692045328,1.5962508340719206,0.35609677163218956,False,False,1.2327876058400524,-1.0730189198952655,0.28352677338735355,1.0,False,-0.3273306368317491,4.838673598509781,1.5174981782601844e-06,8.346239980431014e-05,False,0.03212289932125265,0.7093879574095312,0.4782524931574801,1.0,False,24732,22318,981,0.02941934110839066,1.6642573727206873,0.4294080331932114,False,False,1.2494710010859151,-0.8333792875355696,0.4048339168117641,1.0,False,-0.33049440959457677,5.202379296431447,2.3957502220052115e-07,1.3655776265429705e-05,False,-0.03871410207644678,1.0196204133383522,0.3081601594059937,1.0,False,24732,0.0645388688828226,1.839723831694415,-3.10521136044431,0.0489014595477918,0.4224457335219306,True,True,False,False,False,-0.0451100564968601,5.0766716391830045,-0.1273948128971892,0.928855906268381,1.364808600406916,False,False,False,False,False,False,False,False,False,False,False,False,False,False,False,False,False,False,False,False,False,False,False,False
event_driven,B3_lm_linear,5,1,25109,23855,996,0.046004469074416375,0.3409544952497348,-0.2218037289179021,False,False,0.42574111646139473,-1.8336456911766117,0.06700517179635812,1.0,False,0.2552711652233,-2.7445130442862293,0.006169157035002514,0.14189061180505783,False,0.3226337537030837,-1.4812911605949122,0.13884559652532621,1.0,False,25109,23855,996,0.04114205305506818,0.37234343269162695,0.035271785751369564,False,False,0.45221139579637326,-1.4760993959464441,0.14023359732743385,1.0,False,0.29509289496367896,-2.3735961772881464,0.017804869820712776,0.4629266153385322,False,0.346479015574876,-1.0593221686691954,0.28971016685315715,1.0,False,25109,0.1265103053816432,0.2476552098957819,-2.432552157084304,0.2730281789163482,0.0124067894178778,False,False,False,False,False,0.1104712123827451,-3.000336737869756,0.1607652035984077,-1.7723605939574307,0.2048918902429132,False,False,False,False,False,False,False,False,True,True,True,True,False,False,False,False,False,False,False,False,True,True,True,True
event_driven,B3_lm_linear,10,1,25001,22785,991,0.037347469612037575,0.6005271648904594,0.4342529652339901,False,False,0.23438735168841598,-0.5961293721027277,0.5512250738924722,1.0,False,0.1748935755294805,-1.3900386310411776,0.16482960080241793,1.0,False,0.11623161855924163,-0.09568452268293104,0.9237904978810769,1.0,False,25001,22785,991,0.03369407706737839,0.6681763985558036,0.3800611154400261,False,False,0.23090498316477376,-0.33211749647613875,0.7398708407406609,1.0,False,0.19618023497801754,-1.158102365499871,0.24710156729470076,1.0,False,0.09008983500275965,0.23983244645597107,0.810509799373229,1.0,False,25001,0.0882766693476687,0.2001155233282068,-1.2292901838320454,1.0,0.1629130330811448,False,False,False,False,False,0.1079528026898246,-1.9136186233308208,0.0873400993915986,-0.5133153866976421,0.3579025884326672,False,False,False,False,False,False,False,False,False,True,False,False,False,False,False,False,False,False,False,False,False,True,False,False
event_driven,B3_lm_linear,20,1,24732,22318,981,0.03186751692045328,0.9125279216289522,0.7863303316912631,False,False,0.19610421703754446,-0.24186316027892407,0.8089367968682525,1.0,False,0.1789576376411095,-1.1665155602464268,0.24368984791320983,1.0,False,-0.011359028294115892,0.4262890331030246,0.66999086386601,1.0,False,24732,22318,981,0.02941934110839066,1.0079660620731572,0.6544840300805539,False,False,0.11785756760958406,0.20875817374129263,0.834680405712229,1.0,False,0.1781719326853891,-0.7993707852848003,0.4242691457282322,1.0,False,-0.14305531823149242,1.0012484803670738,0.3169538474675509,1.0,False,24732,0.0645388688828226,0.2595112607503413,-1.1243340904426666,1.0,0.8379368210527648,False,False,False,False,False,0.1696191259451645,-2.1174258238559203,0.0940899972008299,-0.3424254993731628,0.5461921715486904,False,False,False,False,False,False,False,False,False,False,False,False,False,False,False,False,False,False,False,False,False,False,False,False
event_driven,B4_lm_features,5,1,25109,23855,996,0.046004469074416375,0.18997174128888847,-0.02607964723910472,False,False,0.3247873222313677,-2.85583359235774,0.0043816676606358,0.1489767004616172,False,0.37745478361494855,-3.463479338572064,0.0005559500574387092,0.017234451780599985,True,0.31991108195871687,-3.1503507546651637,0.0016794238232434341,0.07221522439946766,False,25109,23855,996,0.04114205305506818,0.18282055732097027,0.17132090557786808,True,True,0.3604694534746038,-3.6106244663920632,0.0003207009696282153,0.014752244602897903,True,0.4120715071795292,-4.018292176324178,6.30412910525797e-05,0.002710775515260927,True,0.36509501518398474,-3.9247461412001416,9.279354535267006e-05,0.004918057903691513,True,25109,0.1265103053816432,0.1842237215472996,-0.9938862558503346,1.0,0.4641330209604565,False,False,False,False,False,0.218061153708448,-1.55807790218455,0.1948934653110163,-1.298001897052862,0.1752810228925779,False,False,False,False,True,True,True,True,True,True,True,True,False,False,False,False,True,True,True,True,True,True,True,True
event_driven,B4_lm_features,10,1,25001,22785,991,0.037347469612037575,0.08311263235967925,0.031437236751438266,False,False,0.0988868907435332,-2.994372427891034,0.00281847873381937,0.1042837131513167,False,0.14923403078137176,-3.1028037799735815,0.001971323516679437,0.05322573495034481,False,0.09307052696827775,-3.134731527991237,0.001770777655566133,0.07437266153377758,False,25001,22785,991,0.03369407706737839,0.0850022092886662,0.058816308827931,True,True,0.11078144216977666,-3.4446046543427977,0.0005958778000521908,0.023835112002087634,True,0.1542829434154033,-3.1830869261517076,0.0015025708541654018,0.04657969647912746,True,0.10487813626710109,-3.389093600404284,0.0007288974438216642,0.03425817985961822,True,25001,0.0882766693476687,0.0820115707812811,-2.1037986518046754,0.6041020667328117,-0.0500919307573637,False,False,False,False,False,0.1304350276414691,-2.603464665906097,0.084346348343745,-2.389161741934022,0.0788592152486415,True,True,True,True,True,True,True,True,True,True,True,True,True,True,True,True,True,True,True,True,True,True,True,True
event_driven,B4_lm_features,20,1,24732,22318,981,0.03186751692045328,0.5567433857144162,-0.5535720449278516,False,False,0.26523880178019626,-1.3596398715850666,0.17425665039186455,1.0,False,0.11086494920951803,-1.7085487766647414,0.08785121170932232,1.0,False,0.0994408741989394,-0.8511391723049712,0.39489996663931715,1.0,False,24732,22318,981,0.02941934110839066,0.6002159702996628,-0.5693619436399526,False,False,0.24764279282871363,-1.1125507553063503,0.2661742510569946,1.0,False,0.10463277869092172,-1.449299097465967,0.14757398435394095,1.0,False,0.04180075671713198,-0.4722712469449413,0.6368383354317565,1.0,False,24732,0.0645388688828226,0.2470349948307292,-2.010255968836495,0.6568554837965714,0.4693091454855822,False,False,False,False,False,0.1101905017582833,-2.382057639690876,0.0855867687723877,-1.129261302492761,0.3722963405380629,False,False,False,False,False,False,False,False,True,True,True,True,False,False,False,False,False,False,False,False,True,True,False,False
event_driven,C2_finbert_s1,5,3,25109,23855,996,0.046004469074416375,1.0350427884236162,0.2861517652713572,True,True,2.5108657904703207,-4.726556907530534,2.61227031714777e-06,0.0001488994080774229,True,0.016136720466400512,-5.904111154397536,4.860095711102644e-09,3.0618602979946655e-07,True,1.1298452592089319,-3.4623062587613225,0.0005583498575369717,0.0256840934467007,True,25109,23855,996,0.04114205305506818,1.074604519254993,0.3842081162018195,True,False,2.59089868937452,-4.446633074207077,9.703948129951168e-06,0.0005531250434072165,True,0.08734844940060349,-5.661624478005014,1.9610969924980125e-08,1.1570472255738273e-06,True,1.0271929785294676,-3.07071606103304,0.0021934316937507214,0.0921241311375303,False,25109,0.1265103053816432,2.572478825713876,-5.916488835944067,2.621478756891743e-07,-1.7185280711027644,True,True,False,False,False,-0.0614445868760064,5.704469221239293,0.7680609431451304,-2.4133212539252327,0.8613560248868002,False,False,False,False,False,False,False,False,False,False,False,False,False,False,False,False,False,False,False,False,False,False,False,False
event_driven,C2_finbert_s1,10,3,25001,22785,991,0.037347469612037575,1.3830757486405791,0.5406853478711613,True,False,2.2936670979929907,-3.6014285857709103,0.00033219041813942375,0.015280759234413492,True,-0.791412505559332,5.771717350392318,1.0491344848416718e-08,6.504633806018365e-07,False,0.6098590588458338,-2.0874768281681746,0.037100270313144584,1.0,False,25001,22785,991,0.03369407706737839,1.413177502090367,0.5333933221077343,True,False,2.3732137911153774,-3.5139827503611514,0.0004614066652795654,0.019840486607021313,True,-0.801349095004236,5.864842254713624,6.12263055272038e-09,3.734804637159432e-07,False,0.556559770115856,-1.8843867522926043,0.059805461907954195,1.0,False,25001,0.0882766693476687,2.416447747621683,-5.683191175711201,9.90794458739215e-07,0.956671989777124,True,True,False,False,False,-0.665345769020464,6.27934614810235,0.084289036510691,0.4644870036587102,0.9257119926244975,False,False,False,False,False,False,False,False,False,False,False,False,False,False,False,False,False,False,False,False,False,False,False,False
event_driven,C2_finbert_s1,20,3,24732,22318,981,0.03186751692045328,3.2560801940823065,-0.12252899341405943,False,False,-1.4473764243925178,0.8037801323262797,0.4217188844322288,1.0,False,-0.18232683583599804,0.8525495307135483,0.394117463889962,1.0,False,-2.3060969742863966,2.290746861128692,0.022189639827343306,0.6878788346476424,False,24732,22318,981,0.02941934110839066,3.5147380829924337,0.47770505864644497,False,False,-1.900452946018785,1.1084422044388027,0.26794283946006914,1.0,False,-0.16667601714528765,0.8052589566770734,0.4208655879519104,1.0,False,-2.5473455370126765,2.5918702357756205,0.009687593292706026,0.3584409518301229,False,24732,0.0645388688828226,1.5777271546898122,-1.944580950733626,0.6568554837965714,0.3252843538123294,False,False,False,False,False,-0.6133885371116714,2.7252104191223587,-1.5939213562805028,1.9705202357448448,2.632704361067808,False,False,False,False,False,False,False,False,False,False,False,False,False,False,False,False,False,False,False,False,False,False,False,False
event_driven,C6_llmtext,5,1,25109,23855,996,0.046004469074416375,0.6939040954078771,-0.4720582890306062,True,False,1.412773366987411,-3.6679208016963396,0.0002574881757136094,0.01287440878568047,True,0.5315086408157453,-4.301010234510138,1.8677204608883416e-05,0.0008778286166175206,True,0.7364391724847459,-2.5024433048258854,0.012493428201047223,0.41228313063455835,False,25109,23855,996,0.04114205305506818,0.6971068197056283,-0.4550608896775187,True,False,1.3963558033793888,-3.45293298167715,0.0005778749803432827,0.023692874194074592,True,0.5056434205273678,-4.13258889693947,3.888841831900681e-05,0.0017499788243553066,True,0.683452097574879,-2.2121475178551764,0.0271829912121196,0.9242217012120664,False,25109,0.1265103053816432,1.214090285102993,-5.0439839407429865,2.5459673161733564e-05,0.0978046252160152,True,True,True,False,False,0.5184357464578844,-4.979985795000874,0.3980001429655966,-1.9409022854154736,0.4988189620395194,False,False,False,False,False,False,False,False,False,False,False,False,False,False,False,False,False,False,False,False,False,False,False,False
event_driven,C6_llmtext,10,1,25001,22785,991,0.037347469612037575,0.8104329499171758,2.0155353636783966,False,False,0.8430762529631038,-1.5353094228650157,0.1250273490383862,1.0,False,0.11883542807948279,-3.0007554873442444,0.002760595631932879,0.06901489079832197,False,0.24425482214789712,-0.16017463786035205,0.8727761823113173,1.0,False,25001,22785,991,0.03369407706737839,0.8211459448544125,1.9872774719024242,False,False,0.809260339272728,-1.295353198176777,0.19550038149829788,1.0,False,0.10237820526858081,-3.06100971374929,0.0022654066546386317,0.06733608345280073,False,0.20158035727311252,0.11949543405844451,0.904907100837714,1.0,False,25001,0.0882766693476687,0.9983330757402844,-3.7577488053090367,0.0065328898240602,0.9450247416469738,True,True,True,False,False,0.2436713506495467,-4.431976212674084,0.1205721167264328,0.0477077148260328,0.5617470181472792,False,False,False,False,False,False,False,False,False,True,False,False,False,False,False,False,False,False,False,False,False,True,False,False
event_driven,C6_llmtext,20,1,24732,22318,981,0.03186751692045328,1.0356450197702938,0.5983750948148403,False,False,0.4852104405426241,-0.45125422011465904,0.651906171107842,1.0,False,0.12140459629923832,-2.471900111261805,0.013608652180317787,0.28578169578667356,False,0.06488373701069794,0.35394637386745637,0.723455207700406,1.0,False,24732,22318,981,0.02941934110839066,1.0579469139146607,0.6424154900129517,False,False,0.4579049335496667,-0.2687743096167371,0.788159934353447,1.0,False,0.14742617028784524,-2.682703867981402,0.0074259039427453395,0.2079253103968695,False,0.01848305708440139,0.5662003989314807,0.5713871880424876,1.0,False,24732,0.0645388688828226,0.6582441286840103,-1.9823432496516544,0.6568554837965714,1.113324442265921,False,False,True,False,False,0.2148651384537262,-3.579192870059968,0.0861290724358363,-0.0223950754163396,0.7045588634652161,False,False,False,False,False,False,False,False,False,True,False,False,False,False,False,False,False,False,False,False,False,True,False,False
event_driven,D2_gated_fusion,5,3,25109,23855,996,0.046004469074416375,0.4987036686329426,0.7409405365026671,False,False,-0.060485920209615615,0.858868872412259,0.3906197216202828,1.0,False,-0.0902774508283389,0.9280973103175922,0.35358217400841796,1.0,False,0.044552311136819706,0.7030771887734703,0.4821721146478241,1.0,False,25109,23855,996,0.04114205305506818,0.7577622605593413,0.21294853533016206,False,False,0.6334386362175479,-1.682389572840275,0.09280707335582396,1.0,False,0.4538609846416294,-1.7837025019607555,0.07477672208619664,1.0,False,0.6081824546039095,-1.1856251421583328,0.23605343252041167,1.0,False,25109,0.1265103053816432,0.5585972538451281,-1.6982421674575825,0.9875218999540571,2.9963847143809583,False,False,False,False,False,0.2259413153681295,-2.146881492811954,0.2973195425409309,-0.9262484386567712,0.372381651987338,False,False,False,False,False,False,True,False,True,True,True,True,False,False,False,False,False,False,False,False,False,True,True,False
event_driven,D2_gated_fusion,10,3,25001,22785,991,0.037347469612037575,0.7171488690905351,0.4864351170981832,False,False,-1.0928719239376752,4.2206900387784,2.659422588172438e-05,0.0014863890933836986,False,-1.446009707274112,4.976674153321611,7.625464234715892e-07,4.346514613788059e-05,False,-1.7143730269453719,4.840212197784786,1.5038318066193919e-06,8.872607659054412e-05,False,25001,22785,991,0.03369407706737839,1.1107509742715198,0.3080827456562204,False,False,-0.6786137265104095,1.9044921627633151,0.057135742054383945,1.0,False,-0.7694253714548699,2.2868048714142617,0.022417577742432426,0.5380218658183782,False,-1.832944610232367,3.624625399645755,0.0003041087827097581,0.014901330352778148,False,25001,0.0882766693476687,0.1774271968631476,-0.4168452725661294,1.0,-0.1969559753817605,False,False,False,False,False,0.0497315111588186,-0.9377852647449788,-0.016779483125831,0.7163913986315201,0.333591804007202,False,False,False,False,False,False,True,False,True,False,True,False,False,False,False,False,False,False,False,False,False,False,False,False
event_driven,D2_gated_fusion,20,3,24732,22318,981,0.03186751692045328,0.2746621144670881,-0.2624438285938635,False,False,-0.1674725543150488,1.8438468400013532,0.06550720140296178,1.0,False,0.289965838186597,-1.8435887665526693,0.06554486747477263,1.0,False,0.5672436875410755,-1.5125785028529137,0.13070915784958495,1.0,False,24732,22318,981,0.02941934110839066,0.9908971103877532,-0.35300088316294015,False,False,-0.11340410861478734,0.6220876105062805,0.53402896103589,1.0,False,-0.00018106822894120415,0.3724704930335083,0.7096231114840352,1.0,False,0.16278190393693348,-0.7871531618245742,0.43138253231991847,1.0,False,24732,0.0645388688828226,-2.7641058005442423,3.546463387115302,0.0139031193313124,-0.4378879731686508,False,False,False,False,False,-7.992304558550873,4.004729491746128,-2.485594172890651,2.233383138748541,2.2466087072972147,False,False,False,False,True,False,False,False,True,False,False,False,False,False,False,False,False,False,False,False,False,False,False,False
event_driven,D4_llmfused,5,1,25109,23855,996,0.046004469074416375,0.44213864295258853,0.4922492951525341,False,False,-0.34802222277952666,2.6164715955302613,0.00901903084399831,0.26155189447595095,False,-0.4558058154453901,2.9342170096794353,0.003420682441503022,0.08209637859607252,False,-0.03799276301900166,4.021629845360516,6.216861706162375e-05,0.0033571053213276828,False,25109,23855,996,0.04114205305506818,0.7838411379874108,0.12795973322015533,False,False,-0.05473653189750399,0.5481545729387833,0.5837087255045121,1.0,False,-0.12730488696438444,0.8249075155719797,0.40962181286335564,1.0,False,-0.23598905178985197,2.1181145931635252,0.03441278043866568,1.0,False,25109,0.1265103053816432,-0.0127643731423575,3.374459099814402,0.0241422230724349,1.5790303697057624,False,False,False,False,False,-0.0715131609277423,3.194192407098731,0.1139886284541762,-2.939099420533256,0.0117533858862142,False,False,False,False,False,False,False,False,True,True,True,True,False,False,False,False,False,False,False,False,False,False,False,False
event_driven,D4_llmfused,10,1,25001,22785,991,0.037347469612037575,0.37562157837192034,0.13768365748681388,False,False,-0.3107866232275113,2.640143444021366,0.008417475348383554,0.2525242604515066,False,-0.5514053162693879,3.5960125559781724,0.0003390880900082938,0.012309057068788211,False,-0.2547117967778861,2.964321915965691,0.0031061861907922908,0.1273536338224839,False,25001,22785,991,0.03369407706737839,0.635396589417452,0.9629878067043316,False,False,-0.015338719390881205,0.5974665246091505,0.5503325779284552,1.0,False,-0.18181439637894078,1.4252352199906695,0.15440440510156692,1.0,False,-0.22015238701064763,1.854739710358092,0.06393056856654263,1.0,False,25001,0.0882766693476687,-0.0080156793875912,0.6577367535219839,1.0,-0.0774787603178632,False,False,False,False,False,-0.0208584760453533,0.9139820344370148,-0.0295755195925998,2.1080141951127715,0.0416583515471918,False,False,False,False,False,False,False,False,True,True,True,True,False,False,False,False,False,False,False,False,True,False,False,False
event_driven,D4_llmfused,20,1,24732,22318,981,0.03186751692045328,0.219335720849406,-0.32311676622992574,False,False,-0.08739088222166208,1.5350451843960817,0.12509549490418925,1.0,False,-0.43950061840791965,3.274530783055208,0.0010954359652006896,0.03176764299082,False,0.013896235444401564,0.4498269827662999,0.6529346775236403,1.0,False,24732,22318,981,0.02941934110839066,0.4856707873373975,-0.4041255358234258,False,False,0.08235937357672896,0.17572329702988349,0.8605476335829032,1.0,False,-0.24210062833766727,1.9085750747144001,0.056608846632189666,1.0,False,0.07851629406613099,-0.09353257968249198,0.9254995863678851,1.0,False,24732,0.0645388688828226,-0.3547645092034865,4.692019558122433,0.0001359258062186,-0.1865132663059708,False,False,False,False,False,-0.251193378631016,3.4799065321392475,-0.2427982814417879,4.498032630024709,0.2017466533270444,False,False,True,False,True,False,True,False,True,True,True,True,False,False,False,False,False,False,False,False,True,False,True,False
long_form,B1_bow_ridge,5,1,7951,7550,809,0.04502681461445654,1.1911813473172472,-0.18460603968655537,False,False,1.8452516252319506,-3.1063387762071843,0.001960399525183159,0.0764555814821432,False,-0.7297465179802158,3.0482744445775554,0.0023782277821437045,0.06183392233573632,False,1.2828043647758924,-2.965376891215107,0.003114034753139415,0.1273536338224839,False,7951,7550,809,0.0400748969784905,1.2276093832924941,-0.40053679444885526,True,False,1.9928800117998964,-3.5572428635012763,0.00039659748858114765,0.017846886986151646,True,-0.5453029400234934,3.4719131480060788,0.0005448029579767718,0.019068103529187013,False,1.309039046291381,-3.146381177691514,0.0017149557049971253,0.07374309531487638,False,7951,0.1208687917631426,1.6453166106838288,-3.834306238902335,0.0050213447569775,0.4266040577339112,True,True,False,False,False,-0.1384609402121484,2.577260531090889,0.8702402004086593,-2.4894682164675017,1.1077234659105355,False,False,False,False,False,False,False,False,False,False,False,False,False,False,False,False,False,False,False,False,False,False,False,False
long_form,B1_bow_ridge,10,1,7932,7167,803,0.040099711799235535,0.7883936897329221,1.2534352053524522,False,False,1.1725512566147671,-2.700026332859272,0.007079494077531737,0.21946431640348385,False,-3.406564605400564,1.3618773843594603,0.17363747966887652,1.0,False,0.3170299867592962,-1.4228662002933903,0.15518259444138982,1.0,False,7932,7167,803,0.03683068101399859,0.8260337814930306,0.8611141061465475,False,False,1.3252886963567254,-3.072824864910157,0.0021921522056118524,0.07672532719641484,False,-3.5680166581830193,1.7510240442802902,0.08034255054564941,1.0,False,0.2729419781377292,-1.6695809953856489,0.09541140369281437,1.0,False,7933,0.0872933905101671,1.4430793808168212,-4.14759093241594,0.0014501361479742,0.3876537309612839,True,True,False,False,False,-2.7204936922898173,1.5442329990067878,0.5055245411598753,-1.1633676149969523,0.8098215966030115,False,False,False,False,False,False,False,False,False,False,False,False,False,False,False,False,False,False,False,False,False,False,False,False
long_form,B1_bow_ridge,20,1,7902,7097,794,0.04195223966756247,1.722969123257168,-0.06521974029434281,False,False,2.8229455844301885,-3.097067904676455,0.0020232965456224725,0.07688526873365395,False,-5.018128408745162,3.809900193806585,0.0001501935610001286,0.006007742440005144,False,1.6966509530990184,-2.9046644390606127,0.003782584961127507,0.14752081348397278,False,7902,7097,794,0.041009977627105454,1.8481725733819696,-0.06938391375159805,False,False,3.0151739423438815,-3.141856561875354,0.001741183235831423,0.06268259648993123,False,-4.933395965552667,4.1663241453099085,3.449017779256806e-05,0.0015865481784581308,False,1.6803043390714347,-2.8603459768457067,0.004347246987669521,0.17823712649445034,False,7902,0.0700829769456773,2.9855262769060005,-5.446405777397618,3.636120428275812e-06,-0.2484406959783732,True,True,False,False,False,-4.984587316943238,4.27740538105822,1.6075089729734726,-2.53254152467433,1.3756819215542182,False,False,False,False,False,False,False,False,False,False,False,False,False,False,False,False,False,False,False,False,False,False,False,False
long_form,B2_tfidf_ridge,5,1,7951,7550,809,0.04502681461445654,2.095427653505949,-0.8434479199451953,True,False,4.104721393263226,-5.341791281284373,1.197497403820421e-07,7.4244839036866095e-06,True,-1.883885481898707,6.217410596248076,8.176503677803866e-10,5.396492427350552e-08,False,2.805274186569437,-5.772938448614411,1.1186521372750789e-08,7.047508464832996e-07,True,7951,7550,809,0.0400748969784905,2.1868072286890383,-0.9995749852904179,True,False,4.48675648484797,-5.889301903332849,5.6862347511374726e-09,3.5823278932166077e-07,True,-1.771963257387292,6.85034187046999,1.480928947616609e-11,9.77413105426962e-10,False,2.791034924285653,-6.136991053580619,1.3289632991250366e-09,8.372468784487731e-08,True,7951,0.1208687917631426,3.3305014262665757,-5.3907848396946605,4.791079105402414e-06,0.5067196653293575,True,True,False,True,False,-0.6147533787598136,4.190516371471096,1.6721243059592703,-3.578977270382337,1.672461278982603,False,False,False,False,False,False,False,False,False,False,False,False,False,False,False,False,False,False,False,False,False,False,False,False
long_form,B2_tfidf_ridge,10,1,7932,7167,803,0.040099711799235535,1.4367069712697622,2.2675001715797727,False,False,3.2345371043370297,-6.188461641547458,9.683797102830305e-10,6.391306087868001e-08,True,-5.90633679346624,6.910755618032855,1.0162281816170173e-11,6.808728816834016e-10,False,1.9980107983972737,-6.957240904574907,7.458544292675326e-12,4.997224676092469e-10,True,7932,7167,803,0.03683068101399859,1.5346559467274055,0.5883509624928831,True,False,3.6067219792265868,-6.53411000831262,1.1365871519360185e-10,7.501475202777722e-09,True,-6.522037193502566,7.5192440388709,1.545143421474571e-13,1.0506975266027081e-11,False,1.869384413842005,-7.2120822838322605,1.3266239037653949e-12,8.888380155228145e-11,True,7933,0.0872933905101671,3.482331604362032,-8.89254432852136,2.613673357786865e-16,0.328279697283918,True,True,False,True,False,-3.892169412007764,7.022506519527929,1.9517436929438368,-5.758058001261585,1.2489949906115925,False,False,False,False,False,False,False,False,False,False,False,False,False,False,False,False,False,False,False,False,False,False,False,False
long_form,B2_tfidf_ridge,20,1,7902,7097,794,0.04195223966756247,2.3476523961049196,0.8614781291993083,True,False,5.130833571131134,-4.945451911865795,9.276262444198605e-07,5.472994842077177e-05,True,-9.874042177936104,6.964992713194224,7.089208872168068e-12,4.820662033074286e-10,False,3.9352257070798826,-5.201516437791813,2.5410992377776686e-07,1.5500705350443777e-05,True,7902,7097,794,0.041009977627105454,2.4600776613036732,1.063004272975643,True,False,5.474056457341948,-5.122250317913133,3.793729284155083e-07,2.200362984809948e-05,True,-10.453830619826688,7.538629188945597,1.3474611177201233e-13,9.297481712268851e-12,False,3.7795182106313012,-5.355778895385529,1.12812272056116e-07,6.76873632336696e-06,True,7902,0.0700829769456773,5.9198595954670425,-9.041621963712146,7.922715328281996e-17,0.2979331026811637,True,True,False,True,False,-8.089490036358773,8.148036436520531,4.012857915594649,-5.24198341869174,1.8621823219487628,False,False,False,False,False,False,False,False,False,False,False,False,False,False,False,False,False,False,False,False,False,False,False,False
long_form,B3_lm_linear,5,1,7951,7550,809,0.04502681461445654,1.4298511580860251,1.5892590212161213,False,False,0.9573058674961838,-1.9620805846223965,0.05009598803506217,1.0,False,0.09045724841243044,-1.2568356042428988,0.20918417592047303,1.0,False,0.5417864732915155,-1.8430473535632035,0.0656960827452022,1.0,False,7951,7550,809,0.0400748969784905,1.3172355500334156,1.962002253095136,False,False,0.9374854447055645,-2.1890247262206173,0.028880506632581956,0.8952957056100407,False,0.04227127497441036,-1.4123098823073064,0.15825203344513503,1.0,False,0.49625920696234577,-2.1078634162942413,0.035356859530345834,1.0,False,7951,0.1208687917631426,0.4946605450340297,-2.583028949055883,0.1893996440790751,0.5900481940646093,False,False,False,False,False,0.2073709853793816,-1.8072493807800871,-0.2209014523741708,-1.4896574156683038,1.7047058749820838,False,False,False,False,False,False,False,False,False,False,False,False,False,False,False,False,False,False,False,False,False,False,False,False
long_form,B3_lm_linear,10,1,7932,7167,803,0.040099711799235535,1.3836220767514862,0.7917096588059522,False,False,1.7615334045662776,-2.8411680756558426,0.004608814008167237,0.15209086226951882,False,-0.043638406915729316,2.108605756181314,0.035303157771568235,0.60015368211666,False,1.1265654689206033,-2.6448689007380835,0.008339885111743208,0.2918959789110123,False,7932,7167,803,0.03683068101399859,1.3842670326123425,0.8894779547321707,False,False,1.7392199179943402,-2.759801914370642,0.005915559038156391,0.1952134482591609,False,-0.14224453483378707,1.9475056161295925,0.0518396532641787,1.0,False,0.9962013459820401,-2.5730481372738883,0.010268064831964028,0.369650333950705,False,7933,0.0872933905101671,1.7940860314836526,-4.615395517081547,0.0001918132990746,0.2714877342521003,True,True,True,False,False,0.2605291683595561,-3.629939095449034,0.640650752913478,-3.034437804838625,1.7018113118532887,False,False,False,False,False,False,False,False,False,False,False,False,False,False,False,False,False,False,False,False,False,False,False,False
long_form,B3_lm_linear,20,1,7902,7097,794,0.04195223966756247,1.822241037728459,-1.3524342982214346,False,False,3.0662050167413284,-2.0899303586998355,0.03694208430724984,0.9974362762957456,False,-0.09898505092321627,1.8184871907355569,0.06938112506693495,1.0,False,2.082577451430793,-1.6987260182282795,0.08977795348460792,1.0,False,7902,7097,794,0.041009977627105454,1.8514734806021043,-3.303495753208918,False,False,3.060047963199781,-1.785341202011618,0.07458808398099026,1.0,False,-0.0737634180656166,1.573699495942653,0.11597093407140095,1.0,False,1.9399791643110778,-1.4696407017158908,0.14207074963856706,1.0,False,7902,0.0700829769456773,3.484928689567737,-4.69288743331623,0.0001364198583919,-1.2585489497240971,True,True,False,False,False,-0.0168896389289407,3.465776861660725,1.9268909711669004,-2.6424425427130447,1.8677183527999572,False,False,False,False,False,False,False,False,False,False,False,False,False,False,False,False,False,False,False,False,False,False,False,False
long_form,B4_lm_features,5,1,7951,7550,809,0.04502681461445654,0.33626393778485625,1.4435060591979467,False,False,0.3924023450706793,0.7100110908083119,0.47790211269539634,1.0,False,-0.654424792611773,-0.544480022510834,0.5862646468530796,1.0,False,0.23897361181007196,1.0487348452795904,0.2946204940999482,1.0,False,7951,7550,809,0.0400748969784905,0.35157978082283103,1.8506557052215293,False,False,0.41682802061417623,0.308833290684857,0.7575279549251426,1.0,False,-0.6541287262638459,0.03749816622452395,0.9700972635369716,1.0,False,0.21468072191719645,0.7866123886979913,0.43174440233451544,1.0,False,7951,0.1208687917631426,0.1127912726488379,1.020094388471287,1.0,0.4277248581894788,False,False,False,False,False,-0.1389235411319873,-1.4120615526624298,0.0232105443868957,1.628283402949714,0.2054390408877944,False,False,False,False,False,False,False,False,True,False,True,False,False,False,False,False,False,False,False,False,True,False,True,False
long_form,B4_lm_features,10,1,7932,7167,803,0.040099711799235535,0.8246104523459722,-0.07403619626460367,False,False,-1.7338394776871016,2.8784680634763578,0.004102370984377994,0.14358298445322978,False,-3.991813965271817,3.4993261897537886,0.0004934157083852001,0.015789302668326403,False,-1.76220925129343,2.6749972519534513,0.007632649241399026,0.27477537269036495,False,7932,7167,803,0.03683068101399859,0.8199790501587522,-0.1759392949440013,False,False,-1.7249962358661424,2.8030863193186475,0.005183775454040289,0.17624836543736982,False,-4.283753515701437,3.4283198040262355,0.0006398235226048361,0.021753999768564427,False,-1.914610074968243,2.4710098948640074,0.013690040279908396,0.4791514097967938,False,7933,0.0872933905101671,-0.9221600983274052,3.316927343955919,0.027581859671321,-1.6878385951666228,False,False,False,False,False,-2.767272118471892,4.100921027127025,-0.7288209043307747,2.348403214369492,0.5674618566116546,False,False,False,False,False,False,True,False,True,True,True,True,False,False,False,False,False,False,True,False,True,False,True,False
long_form,B4_lm_features,20,1,7902,7097,794,0.04195223966756247,1.0500628655054303,-3.5760665653899055,False,False,-2.574554714914773,1.7631308793887455,0.07826352337082963,1.0,False,-7.473908410976957,3.229753629041629,0.0012919672378707378,0.03617508266038066,False,-2.746203704797231,1.427264710413322,0.15391218096060036,1.0,False,7902,7097,794,0.041009977627105454,1.017592622629173,-3.7264342250914266,False,False,-2.43463543913163,1.5668503298589789,0.11754861079439315,1.0,False,-7.561488112748811,3.066179264769082,0.0022445361150933577,0.06733608345280073,False,-2.8150117015321308,1.154483440594406,0.24866300509258218,1.0,False,7902,0.0700829769456773,-1.920474136598029,3.3821524016415694,0.0241422230724349,-3.171423918774887,False,False,False,False,False,-7.132788699177395,4.62143730361703,-1.5541543078803324,1.7807779573084412,0.6968187656066109,True,False,True,False,True,False,True,False,True,True,True,True,True,False,True,False,True,False,True,False,True,True,True,True
long_form,C1_bert_s1,5,3,7951,7550,809,0.04502681461445654,4.0647407096208195,1.7253719002881844,False,False,3.8656324752166515,-2.7323083478033103,0.0064265314436907665,0.20564900619810453,False,1.6036585033568023,-2.297691754591196,0.021839531981712342,0.4149511076525345,False,2.2963070246317496,-2.78595167851915,0.005464816028226851,0.20766300907262036,False,7951,7550,809,0.0400748969784905,4.392587652248376,1.9922325819350117,False,False,4.091796278064227,-2.6568956121142984,0.008042023804183824,0.2573447617338824,False,1.7732887262572286,-2.2806316376499343,0.02283543606286104,0.5380218658183782,False,2.2522034155095527,-2.659391913311837,0.007986542483291155,0.30348861436506386,False,7951,0.1208687917631426,3.4197884844353266,-3.25022593301281,0.0331847847052435,-0.0312368793688912,True,True,False,False,False,1.375679252652616,-1.2136597962230828,1.0875415902516692,-1.7136604465240008,2.99351947246164,False,False,False,False,False,False,False,False,False,False,False,False,False,False,False,False,False,False,False,False,False,False,False,False
long_form,C1_bert_s1,10,3,7932,7167,803,0.040099711799235535,0.908749314197944,1.1429465320417038,False,False,-0.10777291116100318,0.6325585222677583,0.5272022788861599,1.0,False,-2.452175523371485,1.6188287705766122,0.10589628019795672,1.0,False,0.40915669418959305,0.5302154001922359,0.5961164551578606,1.0,False,7932,7167,803,0.03683068101399859,0.7049474471129777,0.45659733705624805,False,False,-0.026678472722898736,0.13288359326401597,0.8943187756180173,1.0,False,-2.2186723217558986,1.1312326852897077,0.2583116664244473,1.0,False,0.6143295139856928,-0.07492357866590038,0.9402951036704856,1.0,False,7933,0.0872933905101671,-0.8494885035576791,3.056213466134016,0.0532640224781463,-1.0194013345965918,False,False,False,False,False,-4.7508274926016805,3.398628218324335,-0.1122298951921824,1.188121384556586,0.838177998656425,False,False,False,False,False,False,False,False,False,False,False,False,False,False,False,False,False,False,False,False,False,False,False,False
long_form,C1_bert_s1,20,3,7902,7097,794,0.04195223966756247,1.5825853121134812,0.9742030326943656,True,False,2.241844415839715,-3.6680123031139455,0.0002607681738425275,0.01287440878568047,True,-6.095940151141426,4.6095820450611775,4.727939317144492e-06,0.0002505807838086581,False,1.1990857064283575,-3.716223250558436,0.0002169771524443836,0.010809633670684446,True,7902,7097,794,0.041009977627105454,1.6220350563989936,1.1120367317880469,True,False,2.305799855730414,-3.7717209057729377,0.00017418362089492354,0.008534997423851253,True,-6.418227638117008,4.985305995807318,7.659549070818758e-07,4.136156498242129e-05,False,0.9956048127237495,-3.9234295639593753,9.516307400608662e-05,0.004948479848316504,True,7902,0.0700829769456773,2.701851217903616,-6.955445237850917,4.6336685967635607e-10,0.392430380582651,True,True,False,False,False,-6.487769596231946,6.287414110846445,0.8963958620981477,-2.545497144777098,1.274557781233569,False,False,False,False,False,False,False,False,False,False,False,False,False,False,False,False,False,False,False,False,False,False,False,False
long_form,C2_finbert_s1,5,3,7951,7550,809,0.04502681461445654,1.2592268527757835,-0.11721927435866764,False,False,1.329264609956107,-2.063121795191492,0.03942002597611415,1.0,False,-0.2294628481196853,2.3374232403892385,0.019665729298990183,0.3933145859798037,False,0.47871493576552054,-2.079303928995291,0.037911052502159474,1.0,False,7951,7550,809,0.0400748969784905,1.355161971292085,-0.1148075010653773,False,False,1.467777578504915,-1.6199990295523308,0.10562267522435088,1.0,False,-0.14350539654207634,1.9272210622949013,0.05430992618426815,1.0,False,0.4368258226951025,-1.3577713848091928,0.17492343381522454,1.0,False,7951,0.1208687917631426,1.8980797549289776,-4.532482283093675,0.0002751276212919,-0.7206533101663102,True,True,False,False,False,-0.2676792908456913,3.3235703420730074,0.6257345985468722,-2.30378669693651,0.9534979763630268,False,False,False,False,False,False,False,False,False,False,False,False,False,False,False,False,False,False,False,False,False,False,False,False
long_form,C2_finbert_s1,10,3,7932,7167,803,0.040099711799235535,1.7106327307119757,-0.7307877654067042,True,False,2.6657290473611055,-4.225817059015567,2.6542662381851762e-05,0.0014863890933836986,True,-3.2833553169942027,4.032421141163917,6.073719077016019e-05,0.002611699203116888,False,1.4297427646744028,-4.362888405774311,1.4596246125805675e-05,0.0008027935369193122,True,7932,7167,803,0.03683068101399859,1.8959147308438604,-0.9664954890838743,True,False,2.9698435718499527,-4.133980475906186,3.9407044726945906e-05,0.002167387459982025,True,-3.337935484573768,3.879012910623282,0.00011390774329333417,0.004556309731733366,False,1.3466907825103696,-4.236973834589802,2.5418160857347214e-05,0.0013979988471540968,True,7933,0.0872933905101671,2.616103908476263,-6.669434417352422,2.916525718613056e-09,0.800302995845778,True,True,False,False,False,-3.179975910116078,4.9005707248331385,0.9308660657027904,-3.286434440299808,1.2679810062301615,False,False,False,False,False,False,False,False,False,False,False,False,False,False,False,False,False,False,False,False,False,False,False,False
long_form,C2_finbert_s1,20,3,7902,7097,794,0.04195223966756247,4.017921609605077,1.287133447974759,False,False,-3.9208003830561364,1.7712555394590803,0.07690225265387107,1.0,False,1.542019288291541,-0.8293813183776667,0.4071477217330523,1.0,False,-5.505142035432409,1.9979875375202685,0.046072069059316066,1.0,False,7902,7097,794,0.041009977627105454,4.363783841828182,1.3708963416264128,False,False,-4.487676451983552,1.8556516270479824,0.06387407026366751,1.0,False,1.6166218325948116,-0.7570319362795174,0.4492641265766411,1.0,False,-5.219957134803555,2.038854926769298,0.04180824201388728,1.0,False,7902,0.0700829769456773,-0.5895801147380706,-0.3997749980374149,1.0,0.7822164516735922,False,False,False,False,False,-0.0147600637673695,0.0448782561136415,-5.512946239041388,2.5122551801811888,2.819122425558464,False,False,False,False,False,False,False,False,False,False,False,False,False,False,False,False,False,False,False,False,False,False,False,False
long_form,C2_finbert_s2,5,3,7951,7550,809,0.04502681461445654,0.675500577581697,1.3779475931505742,True,False,1.3075514963369372,-6.054899709642612,2.1505206348884826e-09,1.3763332063286289e-07,True,-3.658699526842692,6.154284807166492,1.1977057836821145e-09,7.785087593933745e-08,False,0.2235422531683893,-6.2426378780896,7.013065757715165e-10,4.4883620849377056e-08,True,7951,7550,809,0.0400748969784905,0.8253615161512126,1.4662435880194669,True,False,1.6262925020466303,-6.396894237788317,2.682367411602902e-10,1.743538817541886e-08,True,-3.612731993409817,6.505265690754627,1.3746846649735097e-10,8.935450322327813e-09,False,0.21885354804585602,-6.334455648811669,3.993310301863377e-10,2.555718593192561e-08,True,7951,0.1208687917631426,1.2071218028091506,-5.56870288633452,1.922068552793202e-06,0.2144190115918443,True,True,False,True,False,-2.196033213675113,3.6328508181451458,0.2243722412800334,-3.382472998615281,0.5948288296577786,False,False,False,False,False,False,False,False,True,False,True,False,False,False,False,False,False,False,False,False,True,False,True,False
long_form,C2_finbert_s2,10,3,7932,7167,803,0.040099711799235535,0.12960397521755895,1.0241930563316413,False,False,-0.18229240871366417,6.120110436240421,1.4617535334594902e-09,9.501397967486687e-08,False,-4.015965016731882,5.319062387326058,1.3707391775373874e-07,7.950287229716847e-06,False,-0.8363041178530305,6.324510125863867,4.318216140159192e-10,2.806840491103475e-08,False,7932,7167,803,0.03683068101399859,0.09743924482525722,1.0250588502949198,False,False,-0.1601190857875753,6.601486388809037,7.399257353165372e-11,4.9575024266207994e-09,False,-4.786501008739405,5.7385535606814715,1.3760121097532167e-08,8.2560726585193e-07,False,-1.1672529563791136,6.574878911747623,9.014041986575141e-11,5.8591272912738415e-09,False,7933,0.0872933905101671,0.4842468050173955,-7.585267080065719,5.885767446566552e-12,0.5226880645509677,True,True,False,False,False,-3.731575065572988,5.249726995785849,-0.1401002232023973,4.970914452716033,0.2643941649732479,False,False,False,False,True,True,True,True,True,True,True,True,False,False,False,False,True,True,True,True,True,True,True,True
long_form,C2_finbert_s2,20,3,7902,7097,794,0.04195223966756247,0.8885204436868901,0.0008845259193149879,False,False,0.4678558172540397,-0.9690936913769403,0.33279391691208626,1.0,False,-2.804388945386814,1.4830340696529691,0.13847773704903826,1.0,False,-0.24081997599026655,0.04375832463573243,0.9651084811790067,1.0,False,7902,7097,794,0.041009977627105454,1.0106547887220296,0.07975451549507284,False,False,0.4491809879680909,-0.7784134469508198,0.4365575100111966,1.0,False,-3.0130952501657022,1.6175439052264025,0.10617369152734114,1.0,False,-0.21638982574997825,0.2342842706471771,0.8148270651142052,1.0,False,7902,0.0700829769456773,1.6781408721298514,-4.891023450517144,5.588274198638426e-05,-0.3934266214227787,True,True,False,False,False,-3.815308749341781,3.330076097342302,-0.5757797334831154,0.941524656419578,0.9278384849766628,False,False,False,False,False,False,False,False,False,False,False,False,False,False,False,False,False,False,False,False,False,False,False,False
long_form,C2_finbert_s3,5,3,7951,7550,809,0.04502681461445654,1.7086681404080737,0.9389806217015406,True,False,2.016702381185607,-4.1348692299437815,3.922923723967359e-05,0.0021183788109423738,True,-0.9973430256234203,4.304386113871861,1.8845672970595432e-05,0.0008778286166175206,False,1.010972249825922,-3.9321665810114097,9.156638909256628e-05,0.004723837454408736,True,7951,7550,809,0.0400748969784905,1.8324043377284334,1.0297712583189964,True,False,2.3776076738822844,-4.3465042232140005,1.5597265346688903e-05,0.0008734468594145785,True,-0.9969391259440492,4.430774502366777,1.0713028115250232e-05,0.0005249383776472614,False,1.1345389361065565,-3.886185779584961,0.00011036083551011489,0.00562840261101586,True,7951,0.1208687917631426,2.9004903654007324,-5.355613060086284,5.673085415420248e-06,0.3836717272992135,True,True,False,False,False,-0.8224170512679753,3.7698522689893847,1.2531674331711935,-2.864467021936873,1.34925899439155,False,False,False,False,False,False,False,False,False,False,False,False,False,False,False,False,False,False,False,False,False,False,False,False
long_form,C2_finbert_s3,10,3,7932,7167,803,0.040099711799235535,3.0029711320941987,0.3840483971924208,True,False,1.150224673972939,-3.4676153153352787,0.0005530608820019251,0.02378161792608278,True,-0.9846579630722884,3.395978768208859,0.0007191321104790589,0.021573963314371766,False,0.17987991257210278,-3.307625441175359,0.0009848655715195423,0.04431895071837941,True,7932,7167,803,0.03683068101399859,3.0372358189780986,-0.28144058148282597,True,False,1.3608379734055485,-3.8501725668534004,0.00012743450411785575,0.006499159710010643,True,-1.3237655375876705,3.818314100432727,0.00014524170471711312,0.0056644264839674115,False,0.3472008743842535,-3.7644737732864493,0.00017968355140843918,0.008984177570421959,True,7933,0.0872933905101671,2.313052988747218,-5.259428352571835,9.27626266965014e-06,0.5518197487912235,True,True,False,False,False,-1.206670508038,3.82357511163039,-0.118738383202308,-2.4863671243851564,2.3576488492886045,False,False,False,False,False,False,False,False,True,False,False,False,False,False,False,False,False,False,False,False,True,False,True,False
long_form,C2_finbert_s3,20,3,7902,7097,794,0.04195223966756247,4.306663855524902,-1.8347122011095585,False,False,-8.193989485883026,3.713004463726662,0.00021914952828303158,0.01117662594243461,False,3.224983210651485,-2.273374118600796,0.023280408418625952,0.4190473515352671,False,-11.574091507075044,4.430925458102457,1.0754903281073361e-05,0.0006022745837401082,False,7902,7097,794,0.041009977627105454,4.70828922513779,-1.8621145599853328,False,False,-9.210367339654953,3.875575848630244,0.0001151651098920909,0.005988585714388726,False,3.5379206015720985,-2.3350579241396643,0.01979845687665781,0.49496142191644527,False,-11.24764555427453,4.636287388598792,4.171253514289585e-06,0.00023776145031450635,False,7902,0.0700829769456773,-3.858988155388456,1.6763462370957918,0.9875218999540571,1.05508587267482,False,False,False,False,False,0.799378625448883,-1.492508153941691,-12.691421114410812,5.0579864743246,3.646725451938932,False,False,False,False,False,False,False,False,False,False,False,False,False,False,False,False,False,False,False,False,False,False,False,False
long_form,C2_finbert_s4,5,3,7951,7550,809,0.04502681461445654,0.8854087121491013,0.4400450004582259,True,False,1.6555427306797865,-6.533981574602576,1.1328327339344767e-10,7.589979317360995e-09,True,-1.7662262103802584,5.923229975786236,4.706322562960884e-09,3.012046440294966e-07,False,0.5234825932472501,-6.740364135536036,3.044818180304218e-11,2.009579999000784e-09,True,7951,7550,809,0.0400748969784905,0.87329921105271,0.4336610062346688,True,False,1.715808968190156,-7.052266992207946,3.7824025234942756e-12,2.5720337159761076e-10,True,-2.1731251662255127,6.500186907981674,1.4194686977050042e-10,9.084599665312027e-09,False,0.14893349599035935,-7.135250307561972,2.1861051840629494e-12,1.4428294214815466e-10,True,7951,0.1208687917631426,1.456042297471254,-4.782417020812224,9.262214665126788e-05,0.3705764036392169,True,True,False,False,False,-0.1178549048815248,2.623073432124869,0.5047140601849898,-3.166038938110394,1.0745147129919574,False,False,False,False,False,False,False,False,True,False,True,False,False,False,False,False,False,False,False,False,True,False,True,False
long_form,C2_finbert_s4,10,3,7932,7167,803,0.040099711799235535,0.08155320304464454,-0.28887841074796616,True,False,0.09490087413309609,-4.7637694489398195,2.25510296306487e-06,0.00013079597185776246,True,-4.092785184678642,3.9750017581877226,7.704430882041099e-05,0.0032358609704572616,False,-0.42956039552997494,4.696249710997789,3.140651341812159e-06,0.00017901712648329306,False,7932,7167,803,0.03683068101399859,0.013127199566878077,-0.00891860047856321,True,False,0.017898582073730636,-5.332190383400345,1.2627225908008823e-07,7.450063285725206e-06,True,-5.109750482031972,4.500765992679839,7.824394520897286e-06,0.0003912197260448643,False,-0.82054279708097,5.289328126451785,1.6040596049619765e-07,9.46395166927566e-06,False,7933,0.0872933905101671,0.3641750741609195,-6.815447840569015,1.1449359774035335e-09,-0.2378046069179868,True,True,False,False,False,-4.072630589054677,4.625460350800152,-0.0640291952025404,3.3036969366014377,0.2151749990470775,True,False,False,False,True,False,False,False,True,False,False,False,True,False,False,False,True,False,False,False,True,False,False,False
long_form,C2_finbert_s4,20,3,7902,7097,794,0.04195223966756247,1.6293227279520552,0.8960909568893902,True,False,2.6439744013050492,-5.409558697285057,8.371091992221642e-08,5.273787955099635e-06,True,-6.018305270239367,5.5028133208918995,5.1039436761016935e-08,3.011326768899999e-06,False,1.706341979613662,-5.610169354031702,2.8268875329054247e-08,1.7526702704013633e-06,True,7902,7097,794,0.041009977627105454,1.6965103645848154,1.090109533065729,True,False,2.8185339887573404,-5.7496566222207415,1.2758936201369796e-08,7.910540444849273e-07,True,-6.315626315942681,6.04553837554421,2.3278112639117056e-09,1.4665210962643744e-07,False,1.5087362718848254,-6.029727358002025,2.555926545301803e-09,1.5846744580871179e-07,True,7902,0.0700829769456773,3.077890668338603,-8.335233951742445,2.2425422500133102e-14,0.243877150896332,True,True,False,True,False,-6.865752501014555,6.493735967656503,1.6630230712901757,-4.44651916864016,1.3074508206628728,False,False,False,False,False,False,False,False,False,False,False,False,False,False,False,False,False,False,False,False,False,False,False,False
long_form,C3_roberta_s1,5,3,7951,7550,809,0.04502681461445654,0.1934226514038674,0.07068378139727308,True,False,0.24439240877607987,-3.6387929053954724,0.00029132203988741824,0.013692135874708657,True,-2.6720195682416312,3.7105196749200995,0.00022131191622195594,0.008409852816434325,False,-0.35146768920115684,3.9823506848083277,7.452611440074682e-05,0.003949884063239582,False,7951,7550,809,0.0400748969784905,0.2782412684396237,-0.1907071002869687,True,False,0.3753835930322259,-3.5415248212606354,0.0004206054030682308,0.018506637735002156,True,-2.734580469389324,3.5261629709023454,0.0004458970812472517,0.01605229492490106,False,-0.4479201143417591,3.578193913136658,0.0003670387238552319,0.017617858745051132,False,7951,0.1208687917631426,0.2984200944419444,-5.125421662535417,1.8212991277231538e-05,0.0632610574153568,True,True,False,False,False,-2.7785215147454543,3.713034055248291,-0.3467651904235848,3.1281555368362817,0.1445712623782909,True,False,False,False,True,False,False,False,True,False,False,False,False,False,False,False,True,False,False,False,True,False,False,False
long_form,C3_roberta_s1,10,3,7932,7167,803,0.040099711799235535,1.227187454155252,-0.7306686475266962,True,False,1.5646467635688188,-3.342230141263874,0.0008695760350128273,0.03652219347053875,True,-0.7959705369041459,3.556827882951822,0.0003984666648305256,0.01354786660423787,False,0.6387630492048907,-3.208497473088542,0.0013899124317802481,0.06115614699833092,False,7932,7167,803,0.03683068101399859,1.2355077841263244,-0.8560891827953864,True,False,1.7697501088628045,-3.385907006101565,0.0007439464435523194,0.028269964854988137,True,-0.9452939244286577,3.8082509111762444,0.00015116466328064375,0.0057442572046644625,False,0.6568669846901375,-3.3586268795101244,0.0008220798759225087,0.037815674292435396,True,7933,0.0872933905101671,1.8417823495189567,-5.061887545441072,2.4727349773829623e-05,-0.7333278674633481,True,True,False,False,False,-0.7771987339969754,3.19970124352142,0.4236260016147465,-2.2862847578748227,1.1054791724737285,False,False,False,False,False,False,False,False,False,False,False,False,False,False,False,False,False,False,False,False,False,False,False,False
long_form,C3_roberta_s1,20,3,7902,7097,794,0.04195223966756247,0.17887882009114373,0.20977737459019702,False,False,0.06242643173997935,-1.236121021250779,0.21677959569232183,1.0,False,-1.8913694177679714,1.8432435253465613,0.06568063294478452,1.0,False,0.022295883708169588,1.431736181603481,0.15262829365678277,1.0,False,7902,7097,794,0.041009977627105454,0.2893352727522809,0.2233375475587301,False,False,0.08653547765311331,-1.056011179551094,0.29128471254615784,1.0,False,-1.9329286224517976,1.7589629158925257,0.07898408595427148,1.0,False,0.03681831001724675,1.2917589366801967,0.1968312717734801,1.0,False,7902,0.0700829769456773,0.0200310254016936,-3.900413235862599,0.0039583165533665,-0.4396939130345296,True,True,False,False,False,-3.563052995471006,3.4450037476532245,-0.0283815997393839,-0.4058774102065691,0.0202631531218207,True,False,False,False,True,False,False,False,True,False,False,False,False,False,False,False,True,False,False,False,True,False,False,False
long_form,C4_longformer,5,3,7951,7550,809,0.04502681461445654,0.8859656471046258,-0.4900780031185402,True,False,1.087957167192503,-3.964298589016217,8.0132303856215e-05,0.0042470121043793945,True,-1.9980150670516827,4.320903702110938,1.7518783534641703e-05,0.0008409016096628018,False,0.37893935421054736,-3.6381014862223773,0.00029247486056687165,0.014038793307209838,True,7951,7550,809,0.0400748969784905,1.0161812718962846,0.6091216840719623,True,False,1.3022372779437732,-3.7415652035901745,0.00019581273133464604,0.00939901110406301,True,-1.916473749673513,4.304064997498531,1.88723956043302e-05,0.0009058749890078497,False,0.3878468159280048,-3.2068883969527513,0.0013957495082106385,0.06141297836126809,False,7951,0.1208687917631426,1.4732087355999703,-6.184844518791313,5.820349495764901e-08,0.0879237350952824,True,True,False,True,False,-2.206399931789977,5.20779369082895,0.4674254021558972,-3.9081703141032698,0.6861513287441435,False,False,False,False,False,False,False,False,True,False,True,False,False,False,False,False,False,False,False,False,False,False,False,False
long_form,C4_longformer,10,3,7932,7167,803,0.040099711799235535,1.0599801049889188,-0.15189298381095226,False,False,-2.251559305598808,7.449977582292645,2.4170920104640426e-13,1.6677934872201892e-11,False,-9.893144080468007,7.13817739774422,2.2006727832700675e-12,1.5184642204563466e-10,False,-3.727766636999133,7.586910628838728,9.52606996686583e-14,6.477727577468765e-12,False,7932,7167,803,0.03683068101399859,1.001434986143968,-0.06434777555135356,False,False,-2.2030063655526377,7.547845125606032,1.2031999507454684e-13,8.302079660143732e-12,False,-10.578061163693818,7.167981426441095,1.7953158481622917e-12,1.2028616182687355e-10,False,-4.193636801764262,7.448881988464665,2.545269309290756e-13,1.7562358234106217e-11,False,7933,0.0872933905101671,-2.953448717306126,10.32439250576024,1.0415869504953937e-21,0.2251255952242594,False,False,False,False,False,-11.383002651276938,8.787737104424204,-3.539355815845881,7.744920427178749,0.9617901690512974,False,False,False,False,False,False,False,False,False,False,False,False,False,False,False,False,False,False,False,False,False,False,False,False
long_form,C4_longformer,20,3,7902,7097,794,0.04195223966756247,0.7710654300053166,0.8424293687252031,False,False,0.13413487104324082,-0.5068537315363352,0.6123983550098583,1.0,False,-2.2019559674138836,0.8773499625626116,0.38057238181452496,1.0,False,-0.05361640214314227,-0.2365077071411444,0.8131021216025437,1.0,False,7902,7097,794,0.041009977627105454,0.9401236744791144,0.7982508792086176,False,False,0.049916856639542394,-0.17967597390024026,0.8574528567943053,1.0,False,-2.1968807517237,0.9422234839564242,0.34637606880521765,1.0,False,0.017393181523080302,-0.15485863828591528,0.8769736631020582,1.0,False,7902,0.0700829769456773,0.914549398469846,-4.384672693915921,0.0005272611984798,1.2045651064592262,True,True,False,False,False,-5.025896545880523,2.8975826057944087,-0.2892063035704674,0.4021839970047215,0.6259575095096866,False,False,False,False,False,False,False,False,False,False,False,False,False,False,False,False,False,False,False,False,False,False,False,False
long_form,C6_llmtext,5,1,7951,7550,809,0.04502681461445654,0.8733960750904015,1.9461207288987723,True,False,1.4831132575031059,-5.03487520605861,5.898833451526841e-07,3.539300070916105e-05,True,-0.8713735665061585,4.419535005645376,1.1271349837621011e-05,0.0005522961420434295,False,1.086211760529582,-5.016313993842872,6.507155286838348e-07,3.9042931721030084e-05,True,7951,7550,809,0.0400748969784905,0.7644731204624462,2.1158834096117554,False,False,1.3929329122264038,-5.4260333787570065,7.620163006657765e-08,4.572097803994659e-06,True,-1.1637323545746963,5.015298421664394,6.540554477883039e-07,3.597304962835671e-05,False,0.8080476083869184,-5.580738730132279,3.291000446673255e-08,2.0075102724706855e-06,True,7951,0.1208687917631426,1.7942379073494623,-6.307719290334438,2.7958748027922363e-08,0.8313169697407741,True,True,False,True,False,-0.1835090922270036,4.93869065781777,1.0455397088134586,-4.857206963265619,1.1104569767459396,False,False,False,False,False,False,False,False,True,False,True,False,False,False,False,False,False,False,False,False,True,False,True,False
long_form,C6_llmtext,10,1,7932,7167,803,0.040099711799235535,0.843571371297658,-2.5032126545200972,False,False,1.4578492652892219,-5.241859374167397,2.0344615303016394e-07,1.241021533484e-05,True,-0.9340362921517414,4.859957381314941,1.4249159108113737e-06,7.979529100543693e-05,False,0.9565852233715972,-4.839432576929979,1.575367443106086e-06,9.137131170015298e-05,True,7932,7167,803,0.03683068101399859,0.7880023834410091,-2.7389296966952683,False,False,1.4209356190363003,-5.528579773078145,4.368619508478328e-08,2.66485790017178e-06,True,-1.2871201659884095,5.51885200251366,4.6737947699029085e-08,2.710800966543687e-06,False,0.7468846379666157,-5.268543142393403,1.7895445990548973e-07,1.0379358674518405e-05,True,7933,0.0872933905101671,2.251560891409336,-7.915564732409074,5.316341584405898e-13,-1.4455065815319224,True,True,False,True,False,-0.4332262742505682,5.789628525165399,1.0658540273160524,-4.664202346568008,1.067731534986465,False,False,False,False,False,False,False,False,True,False,True,False,False,False,False,False,False,False,False,False,True,False,True,False
long_form,C6_llmtext,20,1,7902,7097,794,0.04195223966756247,0.04524798445440939,-0.6636782971768413,True,False,0.04118014107200132,-3.331209993307977,0.0009047044229076274,0.03709288133921272,True,-0.06081264534692355,4.468223030160112,9.080341929912218e-06,0.0004540170964956109,False,-0.014563194946220295,3.7171554376534757,0.00021619267341368894,0.010809633670684446,False,7902,7097,794,0.041009977627105454,0.01641282048254344,-0.8923849818746431,False,False,-0.016491755042052435,3.439864370720816,0.0006124135863231584,0.02388412986660318,False,-0.1368921388535238,4.75530293074772,2.368572524171161e-06,0.0001231657712569004,False,-0.09567370584407202,4.004515226161376,6.821241141976656e-05,0.003683470216667394,False,7902,0.0700829769456773,0.2748020035212486,-3.232306764547454,0.0332458006138215,-1.4440091348479065,True,True,True,False,False,0.0794222049970927,-4.149751570196159,0.2332909716110316,-2.785651649410497,0.3721241396388374,True,False,False,False,True,False,False,False,True,False,False,False,True,True,True,True,True,True,True,True,True,True,True,True
long_form,D1_concat_mlp,5,3,7951,7550,809,0.04502681461445654,0.09906217194166704,1.4733306236321226,False,False,0.007577412725681218,-1.8633572008789272,0.06277462327596366,1.0,False,-0.10290486933479033,2.7096399054785345,0.006881399419819139,0.15139078723602106,False,0.36849723031425274,-1.7864392242053835,0.07441107376172684,1.0,False,7951,7550,809,0.0400748969784905,0.844677361551792,1.7244580183245062,False,False,0.14438593415273868,1.5539611017329664,0.12058527290336331,1.0,False,-0.023562029136466937,1.816506707007965,0.06967105463063232,1.0,False,0.10799516778469705,-1.1062487015375353,0.26895521615790197,1.0,False,7951,0.1208687917631426,-1.0439785518513132,2.656043576684487,0.1612438304494544,0.7943610260839071,False,False,False,False,False,-1.3804046897496791,2.1119575054888573,-0.8883463559386153,2.316992119930182,1.2058712718304847,True,False,True,False,True,False,True,False,True,False,True,False,False,False,False,False,False,False,False,False,False,False,False,False
long_form,D1_concat_mlp,10,3,7932,7167,803,0.040099711799235535,0.8353093532212215,-1.06390843592959,False,False,-0.6573623234920306,3.7419847333776035,0.0001955905452189343,0.010170708351384583,False,-0.7519368223926295,3.604768188389581,0.00033267721807535706,0.012309057068788211,False,0.0505762752183848,-3.5058159186258613,0.0004817274458941976,0.022641189957027286,True,7932,7167,803,0.03683068101399859,1.9806436717464964,-1.1123116541252807,False,False,-1.3137729694416564,3.8471784958560145,0.0001289726095532883,0.006499159710010643,False,-0.9053148796529437,3.2077053179308184,0.0013936946412244169,0.04459822851918134,False,-0.6150866360281094,3.2639243163375413,0.0011476364569201686,0.05164364056140759,False,7933,0.0872933905101671,-0.456011826418308,3.536928348561714,0.0141258045674053,-0.7623814692610309,False,False,False,False,False,-1.7009158936566102,3.4228969399713898,-0.3839195037151398,3.5728771794609986,0.6151014351018428,False,False,False,False,False,False,False,False,False,False,False,False,False,False,False,False,False,False,False,False,False,False,False,False
long_form,D1_concat_mlp,20,3,7902,7097,794,0.04195223966756247,2.8376724533586266,-0.6331088509283264,False,False,-1.3909530596097246,3.6564911947244094,0.00027256163193853486,0.013082958333049673,False,-3.114912514620199,4.51455730179405,7.345893839468702e-06,0.0003746405858129038,False,-0.7455544444444416,2.188418167404625,0.028941259975090616,0.8682377992527185,False,7902,7097,794,0.041009977627105454,4.123955096007123,-0.6685767860281226,False,False,-1.735132072710002,3.5090193600728945,0.0004751092243091583,0.01995458742098465,False,-2.2563718904429666,3.964568254141289,8.043064175564025e-05,0.0033780869537368904,False,-0.42690634680993983,1.4153389336416005,0.1573766275109217,1.0,False,7902,0.0700829769456773,0.1244928903467744,-5.574099458834656,1.910381392520022e-06,-0.614274245862872,True,True,False,True,False,-2.8001391469048547,4.133916198761089,0.0006231597176263,-5.09716855706631,0.0864860349043602,False,False,False,False,False,False,False,False,False,False,False,False,False,False,False,False,False,False,False,False,False,False,False,False
long_form,D2_gated_fusion,5,3,7951,7550,809,0.04502681461445654,0.8917509282609495,1.199166529256464,False,False,-0.3723425196686025,2.451966272945636,0.014418407371159563,0.4037154063924677,False,-1.0058882584244022,3.587783897572844,0.0003540121838885688,0.01239042643609991,False,-0.2095095871092221,2.383775262980279,0.01737101888087768,0.5558726041880857,False,7951,7550,809,0.0400748969784905,1.7645105311426201,1.594542389191621,False,False,-0.24777478602859032,1.9924028489305212,0.046662933685900736,1.0,False,-0.5661610448228366,2.588772485210921,0.009808781713701756,0.26483710626994744,False,-0.5016706207477964,1.6603840616091408,0.09723353567987975,1.0,False,7951,0.1208687917631426,0.1918245045625393,-2.1057345588364424,0.6041020667328117,0.763545056910133,False,False,False,False,False,-0.1577505129152661,0.7575070404422837,0.0355853355786517,-1.6751156765719413,0.2931181761057271,False,False,False,False,False,False,False,False,False,False,True,False,False,False,False,False,False,False,False,False,False,False,False,False
long_form,D2_gated_fusion,10,3,7932,7167,803,0.040099711799235535,1.3976356544794823,-0.9504539272242548,False,False,-2.04395188005464,6.559494629114491,9.673012128733871e-11,6.577648247539032e-09,False,-2.5075002334181615,5.7024204217679175,1.687300633223966e-08,1.0123803799343797e-06,False,-2.1091133485246356,7.874104418111661,1.1752477510974501e-14,8.109209482572406e-13,False,7932,7167,803,0.03683068101399859,2.5634820285140707,-0.9599844216074371,False,False,-3.154346918305655,6.229991693803413,7.525816431984768e-10,4.8165225164702516e-08,False,-2.4280183853730417,4.968477561603205,8.329904022606055e-07,4.414849131981209e-05,False,-3.3748039448182188,7.424632605119523,3.020273812164912e-13,2.0537861922721402e-11,False,7933,0.0872933905101671,-0.0228564069635106,2.019279739782597,0.6568554837965714,-0.4133259021701513,False,False,False,False,False,0.1959241580538286,-0.8896646063158106,0.1405245718432713,-0.8361669720594083,0.0305560124473873,False,False,False,False,False,False,False,False,False,False,False,False,False,False,False,False,False,False,False,False,False,False,False,False
long_form,D2_gated_fusion,20,3,7902,7097,794,0.04195223966756247,0.3667125290586907,-0.1323201596693792,False,False,-0.21818146233392852,0.7755019350069714,0.43827432098867836,1.0,False,0.5045661942586696,-1.7480103468358117,0.0808639231699381,1.0,False,1.8561666135361965,0.3041435774968009,0.7611013263684051,1.0,False,7902,7097,794,0.041009977627105454,1.999129962507875,-0.18074755326362127,False,False,-1.148836961499666,0.8880276233497945,0.37479515684981396,1.0,False,-0.4444807392128131,1.4614151290507047,0.14431270754108033,1.0,False,1.5319695086811316,0.7544703739754683,0.4507993129475844,1.0,False,7902,0.0700829769456773,-2.26937988689648,5.56056874133247,1.985031341910326e-06,-0.1764914065050422,False,False,False,False,False,-3.485351800733609,3.684749779415308,0.7814904693690342,2.8042415522021864,3.0422590402242644,False,False,False,False,False,False,False,False,True,False,False,False,False,False,False,False,False,False,False,False,False,False,False,False
long_form,D4_llmfused,5,1,7951,7550,809,0.04502681461445654,1.353984569535459,0.9504433368909476,False,False,-0.8022388668942703,3.5727685492111183,0.00037414755986272743,0.016836640193822736,False,-0.9834883022535224,3.552909331785754,0.0004035688066603413,0.01354786660423787,False,-0.863552821833376,3.9341097352107197,9.084302796939877e-05,0.004723837454408736,False,7951,7550,809,0.0400748969784905,2.2546538511466636,1.283949168964171,False,False,-1.2414261748956874,3.918690698010409,9.656825299476289e-05,0.005159594260374977,False,-0.9176513561948257,3.4037095161303155,0.0006982277644083466,0.023041516225475435,False,-1.5668151770231684,4.270348154517642,2.188868176567505e-05,0.0012257661788778029,False,7951,0.1208687917631426,0.1492378604554772,-0.7537398982889586,1.0,0.9987815877418303,False,False,False,False,False,-0.0008496564248395,0.6920093441873314,-0.1054641454436383,1.49702597830708,0.3231646033714102,False,False,False,False,False,False,False,False,False,False,False,False,False,False,False,False,False,False,False,False,False,False,False,False
long_form,D4_llmfused,10,1,7932,7167,803,0.040099711799235535,1.942515576623039,0.12313953423163423,False,False,-1.092609718180434,3.508456000866155,0.0004758112450963457,0.02093569478423921,False,-1.6943960372430953,3.765391393244406,0.00017903694131211093,0.006982440711172326,False,-1.0783664647075935,2.7499436980852745,0.0061012761709735375,0.22574721832602088,False,7932,7167,803,0.03683068101399859,2.6276467834671853,0.1821620007043574,False,False,-1.3535707180397096,3.9214471104808775,9.554804185879586e-05,0.005159594260374977,False,-1.253377973109859,3.713405506250856,0.00021934482501771667,0.008115758525655516,False,-1.3235451374108753,2.7198789448295577,0.0066787487157848905,0.26047119991561074,False,7933,0.0872933905101671,-0.1482727617976476,-0.4280234490987512,1.0,0.8716739439709557,False,False,False,False,False,-0.1488928809151774,-0.4455918792210439,0.2884318226602492,-3.137335290451552,0.8445260218402164,False,False,False,False,False,False,False,False,False,False,False,False,False,False,False,False,False,False,False,False,False,False,False,False
long_form,D4_llmfused,20,1,7902,7097,794,0.04195223966756247,2.459770383863298,-0.45383764579631214,False,False,-0.8879576535660589,2.9465894674779864,0.003307142714054303,0.11905713770595491,False,-2.680658360151676,4.279489547351985,2.1113108603930566e-05,0.0009500898871768755,False,0.10720365292019515,0.6335478978192567,0.5265655235297433,1.0,False,7902,7097,794,0.041009977627105454,3.5233140335054745,-0.4643811914943557,False,False,-1.3395486921537916,3.1669907991647146,0.0015992103296511998,0.059170782197094395,False,-2.4965357560563533,4.134125865912535,3.957641040340971e-05,0.0017499788243553066,False,0.19992963193948204,0.45924082828033547,0.6461918678011936,1.0,False,7902,0.0700829769456773,0.6049002013926658,-3.580978271847522,0.0127105067491204,-0.48979390347973,True,True,False,False,False,0.0831122342490437,-2.8704535321591305,0.3651431169030308,-3.166851732140909,0.7270704190569416,False,False,False,False,False,False,False,False,False,False,False,False,False,False,False,False,False,False,False,False,False,False,False,False
