basis,panel,disc,model,h,n_seeds,seeds,n_test,n_firms,n_days,dm_day,p_day,holm_day,placebo_dm_day,genuine_day,dm_2way,p_2way,holm_2way,placebo_dm_2way,genuine_2way,hurts_day,hurts_2way,guard_hit,se_infl_2way_vs_day,rel_impr_pct_firm,fam12_holm_day,fam12_holm_2way,fam12_survives_day,fam12_survives_2way
s26,A_singleHAR,long_form,B1_bow_ridge,5,1,2026,7951,568,809,-3.8343062389023346,0.00013571202045885167,0.005835616879730622,0.4266040577339112,True,-3.350578691729176,0.0008600706377215716,0.038703178697470725,0.4329595617161538,True,False,False,False,1.1507726484535485,,,,,
s26,B_firmref,long_form,B1_bow_ridge,5,1,2026,7550,568,792,2.577260531090889,0.010138707775586564,0.26360640216525066,,False,2.122364330638126,0.03423998696295262,0.8902396610367681,,False,False,False,False,1.2212739439477072,-0.13846094021214841,,,,
s26,A_singleHAR,long_form,B1_bow_ridge,10,1,2026,7933,568,803,-4.14759093241594,3.718297815318565e-05,0.0016360510387401685,0.3876537309612839,True,-3.7369778092458295,0.00020511203060502237,0.009845377469041074,0.36215703987691966,True,False,False,False,1.1231663868625412,,,,,
s26,B_firmref,long_form,B1_bow_ridge,10,1,2026,7167,568,766,1.5442329990067878,0.1229454455828611,1.0,,False,1.4702064757268936,0.14206051853495483,1.0,,False,False,False,False,1.0635414719682963,-2.7204936922898173,,,,
s26,A_singleHAR,long_form,B1_bow_ridge,20,1,2026,7902,567,794,-5.446405777397618,6.860604581652476e-08,3.910544611541911e-06,-0.24844069597837323,True,-4.33991614703584,1.688419874507128e-05,0.0008948625334887779,-0.16205124039030236,True,False,False,False,1.2865534304833273,,,,,
s26,B_firmref,long_form,B1_bow_ridge,20,1,2026,7097,567,765,4.2774053810582195,2.130699922492937e-05,0.0010866569604713978,,False,3.555264137838649,0.0004091767625087287,0.020868014887945166,,False,True,True,False,1.2345890603506064,-4.984587316943238,,,,
ens,A_singleHAR,long_form,B1_bow_ridge,5,1,2026,7951,568,809,-3.8343062389023346,0.00013571202045885167,0.0050213447569775116,0.4266040577339112,True,-3.350578691729176,0.0008600706377215716,0.03698303742202758,0.4329595617161538,True,False,False,False,1.1507726484535485,,,,,
ens,B_firmref,long_form,B1_bow_ridge,5,1,2026,7550,568,792,2.577260531090889,0.010138707775586564,0.19263544773614472,,False,2.122364330638126,0.03423998696295262,0.7532797131849577,,False,False,False,False,1.2212739439477072,-0.13846094021214841,,,,
ens,A_singleHAR,long_form,B1_bow_ridge,10,1,2026,7933,568,803,-4.14759093241594,3.718297815318565e-05,0.0014501361479742404,0.3876537309612839,True,-3.7369778092458295,0.00020511203060502237,0.009230041377226007,0.36215703987691966,True,False,False,False,1.1231663868625412,,,,,
ens,B_firmref,long_form,B1_bow_ridge,10,1,2026,7167,568,766,1.5442329990067878,0.1229454455828611,1.0,,False,1.4702064757268936,0.14206051853495483,1.0,,False,False,False,False,1.0635414719682963,-2.7204936922898173,,,,
ens,A_singleHAR,long_form,B1_bow_ridge,20,1,2026,7902,567,794,-5.446405777397618,6.860604581652476e-08,3.636120428275812e-06,-0.24844069597837323,True,-4.33991614703584,1.688419874507128e-05,0.0008287393686109346,-0.16205124039030236,True,False,False,False,1.2865534304833273,,,,,
ens,B_firmref,long_form,B1_bow_ridge,20,1,2026,7097,567,765,4.2774053810582195,2.130699922492937e-05,0.001044042962021539,,False,3.555264137838649,0.0004091767625087287,0.020049661362927705,,False,True,True,False,1.2345890603506064,-4.984587316943238,,,,
s26,A_singleHAR,long_form,B2_tfidf_ridge,5,1,2026,7951,568,809,-5.3907848396946605,9.213613664235412e-08,5.067487515329477e-06,0.5067196653293575,True,-4.825847363721036,1.7946852624769611e-06,0.00010588643048614071,0.48979528629575186,True,False,False,False,1.1233134886138478,,,,,
s26,B_firmref,long_form,B2_tfidf_ridge,5,1,2026,7550,568,792,4.190516371471096,3.096922349164898e-05,0.0015174919510908002,,False,3.4581562534878074,0.0005847014731948997,0.029235073659744985,,False,True,True,False,1.2187023141402606,-0.6147533787598136,,,,
s26,A_singleHAR,long_form,B2_tfidf_ridge,10,1,2026,7933,568,803,-8.89254432852136,3.901005011622187e-18,2.613673357786865e-16,0.32827969728391804,True,-7.055352410916256,5.040417573802238e-12,3.3770797744474997e-10,0.3899343031353541,True,False,False,False,1.275486974243793,,,,,
s26,B_firmref,long_form,B2_tfidf_ridge,10,1,2026,7167,568,766,7.022506519527929,4.816848945947461e-12,3.2272887937847986e-10,,False,6.023887547952046,3.064406534507623e-09,2.0531523781201075e-07,,False,True,True,False,1.1804163796198197,-3.892169412007764,,,,
s26,A_singleHAR,long_form,B2_tfidf_ridge,20,1,2026,7902,567,794,-9.041621963712146,1.1651051953355876e-18,7.922715328281996e-17,0.29793310268116374,True,-6.822941882898876,2.2992067482756568e-11,1.5174764538619335e-09,0.3814257917605687,True,False,False,False,1.3585444223059366,,,,,
s26,B_firmref,long_form,B2_tfidf_ridge,20,1,2026,7097,567,765,8.148036436520531,1.5077881703534382e-15,1.025295955840338e-13,,False,6.1940504948484,1.12843370797647e-09,7.673349214239995e-08,,False,True,True,False,1.3498704987377292,-8.089490036358773,,,,
ens,A_singleHAR,long_form,B2_tfidf_ridge,5,1,2026,7951,568,809,-5.3907848396946605,9.213613664235412e-08,4.791079105402414e-06,0.5067196653293575,True,-4.825847363721036,1.7946852624769611e-06,0.00010229705996118679,0.48979528629575186,True,False,False,False,1.1233134886138478,,,,,
ens,B_firmref,long_form,B2_tfidf_ridge,5,1,2026,7550,568,792,4.190516371471096,3.096922349164898e-05,0.0014865227275991512,,False,3.4581562534878074,0.0005847014731948997,0.028065670713355185,,False,True,True,False,1.2187023141402606,-0.6147533787598136,,,,
ens,A_singleHAR,long_form,B2_tfidf_ridge,10,1,2026,7933,568,803,-8.89254432852136,3.901005011622187e-18,2.613673357786865e-16,0.32827969728391804,True,-7.055352410916256,5.040417573802238e-12,3.3770797744474997e-10,0.3899343031353541,True,False,False,False,1.275486974243793,,,,,
ens,B_firmref,long_form,B2_tfidf_ridge,10,1,2026,7167,568,766,7.022506519527929,4.816848945947461e-12,3.2272887937847986e-10,,False,6.023887547952046,3.064406534507623e-09,2.0837964434651837e-07,,False,True,True,False,1.1804163796198197,-3.892169412007764,,,,
ens,A_singleHAR,long_form,B2_tfidf_ridge,20,1,2026,7902,567,794,-9.041621963712146,1.1651051953355876e-18,7.922715328281996e-17,0.29793310268116374,True,-6.822941882898876,2.2992067482756568e-11,1.5174764538619335e-09,0.3814257917605687,True,False,False,False,1.3585444223059366,,,,,
ens,B_firmref,long_form,B2_tfidf_ridge,20,1,2026,7097,567,765,8.148036436520531,1.5077881703534382e-15,1.025295955840338e-13,,False,6.1940504948484,1.12843370797647e-09,7.786192585037643e-08,,False,True,True,False,1.3498704987377292,-8.089490036358773,,,,
s26,A_singleHAR,long_form,B3_lm_linear,5,1,2026,7951,568,809,-2.583028949055883,0.009968402319951325,0.26914686263868576,0.5900481940646093,False,-1.9514133348563258,0.05149992437499873,1.0,0.5911281374140215,False,False,False,False,1.3310751088250417,,,,,
s26,B_firmref,long_form,B3_lm_linear,5,1,2026,7550,568,792,-1.8072493807800871,0.07110322490409808,1.0,,False,-1.179656849897112,0.23863143556480051,1.0,,False,False,False,False,1.5407674584452395,0.20737098537938167,,,,
s26,A_singleHAR,long_form,B3_lm_linear,10,1,2026,7933,568,803,-4.615395517081547,4.566983311300923e-06,0.00021464821563114338,0.2714877342521003,True,-3.3454471530049137,0.000875826868561536,0.038703178697470725,0.18560292618392768,True,False,False,False,1.3961222562604596,,,,,
s26,B_firmref,long_form,B3_lm_linear,10,1,2026,7167,568,766,-3.6299390954490334,0.0003023557110340466,0.012094228441361864,,True,-2.557918523898788,0.010788936425214312,0.345245965606858,,False,False,False,False,1.4369199134719486,0.26052916835955614,,,,
s26,A_singleHAR,long_form,B3_lm_linear,20,1,2026,7902,567,794,-4.69288743331623,3.1725548463252715e-06,0.00015228263262361303,-1.2585489497240971,True,-2.8667469755743555,0.004301488628435062,0.1591550792520973,-1.2373091611746223,False,False,False,False,1.6782240669534556,,,,,
s26,B_firmref,long_form,B3_lm_linear,20,1,2026,7097,567,765,3.465776861660725,0.0005582210182061665,0.020095956655421996,,False,2.389205235770199,0.0172113055858402,0.5163391675752059,,False,True,False,False,1.4885417675490449,-0.016889638928940735,,,,
ens,A_singleHAR,long_form,B3_lm_linear,5,1,2026,7951,568,809,-2.583028949055883,0.009968402319951325,0.18939964407907517,0.5900481940646093,False,-1.9514133348563258,0.05149992437499873,0.8809272597429972,0.5911281374140215,False,False,False,False,1.3310751088250417,,,,,
ens,B_firmref,long_form,B3_lm_linear,5,1,2026,7550,568,792,-1.8072493807800871,0.07110322490409808,0.9243419237532751,,False,-1.179656849897112,0.23863143556480051,1.0,,False,False,False,False,1.5407674584452395,0.20737098537938167,,,,
ens,A_singleHAR,long_form,B3_lm_linear,10,1,2026,7933,568,803,-4.615395517081547,4.566983311300923e-06,0.00019181329907463874,0.2714877342521003,True,-3.3454471530049137,0.000875826868561536,0.03698303742202758,0.18560292618392768,True,False,False,False,1.3961222562604596,,,,,
ens,B_firmref,long_form,B3_lm_linear,10,1,2026,7167,568,766,-3.6299390954490334,0.0003023557110340466,0.011637319468429537,,True,-2.557918523898788,0.010788936425214312,0.33397155911933907,,False,False,False,False,1.4369199134719486,0.26052916835955614,,,,
ens,A_singleHAR,long_form,B3_lm_linear,20,1,2026,7902,567,794,-4.69288743331623,3.1725548463252715e-06,0.00013641985839198668,-1.2585489497240971,True,-2.8667469755743555,0.004301488628435062,0.13764763610992198,-1.2373091611746223,False,False,False,False,1.6782240669534556,,,,,
ens,B_firmref,long_form,B3_lm_linear,20,1,2026,7097,567,765,3.465776861660725,0.0005582210182061665,0.018979514619009662,,False,2.389205235770199,0.0172113055858402,0.4743799821712151,,False,True,False,False,1.4885417675490449,-0.016889638928940735,,,,
s26,A_singleHAR,long_form,B4_lm_features,5,1,2026,7951,568,809,1.020094388471287,0.30798902639445963,1.0,0.42772485818947886,False,0.7991554052365099,0.42453494204213604,1.0,0.4667222239264121,False,False,False,False,1.2836058104803743,,,,,
s26,B_firmref,long_form,B4_lm_features,5,1,2026,7550,568,792,-1.4120615526624298,0.15832511027020024,1.0,,False,-1.0784302390910856,0.2813003654285751,1.0,,False,False,False,False,1.31684990886567,-0.13892354113198738,,,,
s26,A_singleHAR,long_form,B4_lm_features,10,1,2026,7933,568,803,3.316927343955919,0.000951098609355897,0.03328845132745639,-1.6878385951666228,False,2.5684647305104247,0.01046984911432578,0.34550502077275075,-1.6697929979126769,False,True,False,False,1.306865979466168,,,,,
s26,B_firmref,long_form,B4_lm_features,10,1,2026,7167,568,766,4.100921027127025,4.555838820125908e-05,0.0020501274690566586,,False,2.9940339706954506,0.0028732058523926397,0.11205502824331295,,False,True,False,False,1.3868982959256257,-2.7672721184718916,,,,
s26,A_singleHAR,long_form,B4_lm_features,20,1,2026,7902,567,794,3.3821524016415694,0.0007544444710135919,0.029423334369530083,-3.171423918774887,False,2.3197412352865374,0.020709744413579572,0.6420020768209668,-3.3093220178493725,False,True,False,False,1.494695756646519,,,,,
s26,B_firmref,long_form,B4_lm_features,20,1,2026,7097,567,765,4.62143730361703,4.472532797079435e-06,0.0002504618366364484,,False,3.1490264740874334,0.0017245232956815918,0.07399592233106883,,False,True,False,False,1.5059641686533811,-7.132788699177395,,,,
ens,A_singleHAR,long_form,B4_lm_features,5,1,2026,7951,568,809,1.020094388471287,0.30798902639445963,1.0,0.42772485818947886,False,0.7991554052365099,0.42453494204213604,1.0,0.4667222239264121,False,False,False,False,1.2836058104803743,,,,,
ens,B_firmref,long_form,B4_lm_features,5,1,2026,7550,568,792,-1.4120615526624298,0.15832511027020024,1.0,,False,-1.0784302390910856,0.2813003654285751,1.0,,False,False,False,False,1.31684990886567,-0.13892354113198738,,,,
ens,A_singleHAR,long_form,B4_lm_features,10,1,2026,7933,568,803,3.316927343955919,0.000951098609355897,0.027581859671321013,-1.6878385951666228,False,2.5684647305104247,0.01046984911432578,0.28268592608679605,-1.6697929979126769,False,True,False,False,1.306865979466168,,,,,
ens,B_firmref,long_form,B4_lm_features,10,1,2026,7167,568,766,4.100921027127025,4.555838820125908e-05,0.0020501274690566586,,False,2.9940339706954506,0.0028732058523926397,0.10343541068613503,,False,True,False,False,1.3868982959256257,-2.7672721184718916,,,,
ens,A_singleHAR,long_form,B4_lm_features,20,1,2026,7902,567,794,3.3821524016415694,0.0007544444710135919,0.02414222307243494,-3.171423918774887,False,2.3197412352865374,0.020709744413579572,0.4970338659259097,-3.3093220178493725,False,True,False,False,1.494695756646519,,,,,
ens,B_firmref,long_form,B4_lm_features,20,1,2026,7097,567,765,4.62143730361703,4.472532797079435e-06,0.00023257170544813062,,False,3.1490264740874334,0.0017245232956815918,0.0705542515249726,,False,True,False,False,1.5059641686533811,-7.132788699177395,,,,
s26,A_singleHAR,long_form,C1_bert_s1,5,1,2026,7951,568,809,-2.028838568980639,0.04280217882904985,0.9844501130681467,0.5686317951454549,False,-1.6262186684225783,0.10445876137759398,1.0,0.5663675740029867,False,False,False,False,1.254559048500239,,,,,
s26,B_firmref,long_form,C1_bert_s1,5,1,2026,7550,568,792,1.0662620751014313,0.2866305257433084,1.0,,False,0.8310719916193934,0.4062827866388467,1.0,,False,False,False,False,1.2903277071117731,-0.3503516511579339,,,,
s26,A_singleHAR,long_form,C1_bert_s1,10,1,2026,7933,568,803,2.3498440692856333,0.019022808121699108,0.4755702030424777,-1.6779349544616942,False,1.9428525238389391,0.05252861351500309,1.0,-1.7133819143351672,False,False,False,False,1.2239619276152243,,,,,
s26,B_firmref,long_form,C1_bert_s1,10,1,2026,7167,568,766,3.2621548366967374,0.0011547244849794416,0.03926063248930101,,False,2.248914561917748,0.02490099612198395,0.7221288875375346,,False,True,False,False,1.4687624007118099,-6.059560296290867,,,,
s26,A_singleHAR,long_form,C1_bert_s1,20,1,2026,7902,567,794,-7.4229470317387145,2.9567026738272123e-13,1.892289711249416e-11,0.24289191957524184,True,-4.767886869729461,2.3706633479230297e-06,0.00013749847417953573,0.3828130411245197,True,False,False,False,1.5960613844065752,,,,,
s26,B_firmref,long_form,C1_bert_s1,20,1,2026,7097,567,765,5.924558040495467,4.7345384972382565e-09,3.030104638232484e-07,,False,3.7397182844846726,0.0002029764882525627,0.011163706853890948,,False,True,True,False,1.625664626143189,-5.7961895701674,,,,
ens,A_singleHAR,long_form,C1_bert_s1,5,3,2026+2027+2028,7951,568,809,-3.25022593301281,0.0012008597355670047,0.033184784705243546,-0.031236879368891256,True,-2.6215764078909034,0.008987400434281543,0.25164721215988317,0.024887251226342434,False,False,False,False,1.2467333819995814,,,,,
ens,B_firmref,long_form,C1_bert_s1,5,3,2026+2027+2028,7550,568,792,-1.2136597962230828,0.22523992266642312,1.0,,False,-0.934194587557253,0.3506011908779057,1.0,,False,False,False,False,1.3065749441730847,1.375679252652616,,,,
ens,A_singleHAR,long_form,C1_bert_s1,10,3,2026+2027+2028,7933,568,803,3.056213466134016,0.002315827064267231,0.053264022478146315,-1.0194013345965918,False,2.5180799523775272,0.01207392012305497,0.3027954304033906,-1.0711475016496668,False,False,False,False,1.2282389621786798,,,,,
ens,B_firmref,long_form,C1_bert_s1,10,3,2026+2027+2028,7167,568,766,3.398628218324335,0.0007123059028059578,0.02208148298698469,,False,2.3783081329669313,0.017722587963461243,0.4743799821712151,,False,True,False,False,1.4469564834271595,-4.7508274926016805,,,,
ens,A_singleHAR,long_form,C1_bert_s1,20,3,2026+2027+2028,7902,567,794,-6.955445237850917,7.355029518672319e-12,4.6336685967635607e-10,0.39243038058265106,True,-4.682876270556742,3.5452372121586224e-06,0.00019529620252036866,0.4407618508302127,True,False,False,False,1.522689746642582,,,,,
ens,B_firmref,long_form,C1_bert_s1,20,3,2026+2027+2028,7097,567,765,6.287414110846445,5.425958502059031e-10,3.47261344131778e-08,,False,4.177507585450161,3.412894943444972e-05,0.0020136080166325335,,False,True,True,False,1.5444316866006698,-6.487769596231946,,,,
s26,A_singleHAR,long_form,C2_finbert_s1,5,1,2026,7951,568,809,-0.8396190744222708,0.4013703528123994,1.0,0.2179678251062595,False,-0.7173278798357338,0.4734672133893249,1.0,0.1837804589545776,False,False,False,False,1.1770289445616282,,,,,
s26,B_firmref,long_form,C2_finbert_s1,5,1,2026,7550,568,792,1.8921781079886257,0.05883220712579468,1.0,,False,1.4248529112261774,0.15474990708082587,1.0,,False,False,False,False,1.3355700949182492,-0.18193286873411624,,,,
s26,A_singleHAR,long_form,C2_finbert_s1,10,1,2026,7933,568,803,-6.460996408212488,1.8031652598861882e-10,1.1179624611294366e-08,1.0128174194794695,True,-5.144966254748523,3.692640101081957e-07,2.2894368626708132e-05,1.0387359235318843,True,False,False,False,1.2708247647396742,,,,,
s26,B_firmref,long_form,C2_finbert_s1,10,1,2026,7167,568,766,4.092516038266525,4.720518230712602e-05,0.0020770280215135447,,False,3.426132944743601,0.0006565789123113183,0.032172366703254594,,False,True,True,False,1.209500664327726,-0.6045030636825292,,,,
s26,A_singleHAR,long_form,C2_finbert_s1,20,1,2026,7902,567,794,0.8841219752212075,0.3768983403218427,1.0,-0.5232592392237267,False,0.41395442034451163,0.6790643018135223,1.0,-0.5407990752601259,False,False,False,False,2.189569987778327,,,,,
s26,B_firmref,long_form,C2_finbert_s1,20,1,2026,7097,567,765,0.170164539342715,0.8649257881960941,1.0,,False,0.10344823778372221,0.9176438720912925,1.0,,False,False,False,False,1.6879510592300124,-0.9235921207996672,,,,
ens,A_singleHAR,long_form,C2_finbert_s1,5,3,2026+2027+2028,7951,568,809,-4.532482283093675,6.71042978760964e-06,0.00027512762129199524,-0.7206533101663102,True,-3.066695937589326,0.002267563288026225,0.07936471508091787,-0.6936295839297163,False,False,False,False,1.4862366079209004,,,,,
ens,B_firmref,long_form,C2_finbert_s1,5,3,2026+2027+2028,7550,568,792,3.3235703420730074,0.0009296032914028409,0.027296694281811966,,False,1.961467053714499,0.050313481132166646,0.9559561415111663,,False,True,False,False,1.7041136836855288,-0.26767929084569136,,,,
ens,A_singleHAR,long_form,C2_finbert_s1,10,3,2026+2027+2028,7933,568,803,-6.669434417352422,4.781189702644354e-11,2.916525718613056e-09,0.800302995845778,True,-5.133243440351221,3.919398773404882e-07,2.3516392640429294e-05,0.8626404365518937,True,False,False,False,1.3148186203980672,,,,,
ens,B_firmref,long_form,C2_finbert_s1,10,3,2026+2027+2028,7167,568,766,4.9005707248331385,1.1669656216494885e-06,6.418310919072187e-05,,False,3.6967607230322406,0.00023957402483136143,0.012218275266399433,,False,True,True,False,1.3422865922059493,-3.179975910116078,,,,
ens,A_singleHAR,long_form,C2_finbert_s1,20,3,2026+2027+2028,7902,567,794,-0.3997749980374149,0.6894299013301354,1.0,0.7822164516735922,False,-0.33734258174506543,0.7359837254257928,1.0,0.8309672104348425,False,False,False,False,1.2149086838805292,,,,,
ens,B_firmref,long_form,C2_finbert_s1,20,3,2026+2027+2028,7097,567,765,0.04487825611364158,0.9642160755123078,1.0,,False,0.039773507808998604,0.968287722264314,1.0,,False,False,False,False,1.157859764822328,-0.014760063767369578,,,,
s26,A_singleHAR,long_form,C2_finbert_s2,5,1,2026,7951,568,809,-4.2962369040736474,1.948766305402503e-05,0.0008964325004851514,0.09723454911235434,True,-3.2008091684386817,0.00144710255579037,0.0578841022316148,0.15379307708585346,False,False,False,False,1.349742727054173,,,,,
s26,B_firmref,long_form,C2_finbert_s2,5,1,2026,7550,568,792,2.4394572051691514,0.014928101116735613,0.3732025279183903,,False,1.7507223791035007,0.08053453739957282,1.0,,False,False,False,False,1.4013629370497889,-0.3070483213688739,,,,
s26,A_singleHAR,long_form,C2_finbert_s2,10,1,2026,7933,568,803,-6.579401721905555,8.520627599981128e-11,5.367995387988111e-09,0.21289500034098766,True,-4.879722005363487,1.3825651888262688e-06,8.295391132957612e-05,0.21764524544475808,True,False,False,False,1.3644575329070707,,,,,
s26,B_firmref,long_form,C2_finbert_s2,10,1,2026,7167,568,766,4.234773762213006,2.5662503745537355e-05,0.0012831251872768678,,False,3.051117527278056,0.0023865528439838625,0.0954621137593545,,False,True,False,False,1.405371716569619,-2.801994025366848,,,,
s26,A_singleHAR,long_form,C2_finbert_s2,20,1,2026,7902,567,794,-0.05823072953822928,0.9535795134121821,1.0,0.09047285597045485,False,-0.04657604902584444,0.9628675499979396,1.0,0.10694546420953702,False,False,False,False,1.281707001630964,,,,,
s26,B_firmref,long_form,C2_finbert_s2,20,1,2026,7097,567,765,0.8006680615629741,0.42357274566052233,1.0,,False,0.6512757042038974,0.5151328574236188,1.0,,False,False,False,False,1.261541416051557,-4.990198698129876,,,,
ens,A_singleHAR,long_form,C2_finbert_s2,5,3,2026+2027+2028,7951,568,809,-5.56870288633452,3.4946700959876396e-08,1.922068552793202e-06,0.21441901159184437,True,-4.241693403204292,2.5905789593677903e-05,0.0012434779004965393,0.24459204922506173,True,False,False,False,1.3201927102241267,,,,,
ens,B_firmref,long_form,C2_finbert_s2,5,3,2026+2027+2028,7550,568,792,3.6328508181451458,0.00029839280688280864,0.011637319468429537,,False,2.734432157309074,0.006444165165082118,0.219101615612792,,False,True,False,False,1.3361496983353311,-2.1960332136751135,,,,
ens,A_singleHAR,long_form,C2_finbert_s2,10,3,2026+2027+2028,7933,568,803,-7.585267080065719,9.196511635260237e-14,5.8857674465665514e-12,0.5226880645509677,True,-5.960433275617155,4.423256960210919e-09,2.830884454534988e-07,0.5976080142801227,True,False,False,False,1.287839516090905,,,,,
ens,B_firmref,long_form,C2_finbert_s2,10,3,2026+2027+2028,7167,568,766,5.249726995785849,1.9752538171935218e-07,1.185152290316113e-05,,False,4.286957605158189,2.1286874143747244e-05,0.0012772124486248346,,False,True,True,False,1.2399593923512875,-3.731575065572988,,,,
ens,A_singleHAR,long_form,C2_finbert_s2,20,3,2026+2027+2028,7902,567,794,-4.891023450517144,1.21484221709531e-06,5.588274198638426e-05,-0.3934266214227787,True,-3.082346980678848,0.0021537073435025575,0.07753346436609207,-0.41703296950926844,False,False,False,False,1.626737169930229,,,,,
ens,B_firmref,long_form,C2_finbert_s2,20,3,2026+2027+2028,7097,567,765,3.330076097342302,0.0009098898093937323,0.027296694281811966,,False,2.217650864353974,0.026974983544969234,0.6743745886242308,,False,True,False,False,1.5409014678577801,-3.815308749341781,,,,
s26,A_singleHAR,long_form,C2_finbert_s3,5,1,2026,7951,568,809,-5.4303547142255555,7.4442690765391e-08,4.168790682861896e-06,0.2968956855552117,True,-4.236080221390632,2.6541124206205856e-05,0.0013801384587227045,0.28269932750752746,True,False,False,False,1.2890999154908689,,,,,
s26,B_firmref,long_form,C2_finbert_s3,5,1,2026,7550,568,792,4.026886766823743,6.196222525758465e-05,0.00266437568607614,,False,2.9801652783849613,0.0030044119804199863,0.11416765525595948,,False,True,False,False,1.3589509259866743,-1.1610664151918055,,,,
s26,A_singleHAR,long_form,C2_finbert_s3,10,1,2026,7933,568,803,-5.128760390344209,3.6597071824543425e-07,1.903047734876258e-05,0.9981614200329844,True,-4.005693444725198,7.007500060257071e-05,0.0035037500301285354,1.135078526283651,True,False,False,False,1.295696842699558,,,,,
s26,B_firmref,long_form,C2_finbert_s3,10,1,2026,7167,568,766,2.6607321433981674,0.007960505929200532,0.22289416601761491,,False,2.1442876450868122,0.03243431013844276,0.8757263737379545,,False,False,False,False,1.256429269460956,-1.559656770998391,,,,
s26,A_singleHAR,long_form,C2_finbert_s3,20,1,2026,7902,567,794,-1.7673385475664474,0.07755610356914963,1.0,0.6671933182236347,False,-1.4847001729123717,0.13817995943135347,1.0,0.6890025977116995,False,False,False,False,1.2203380752316968,,,,,
s26,B_firmref,long_form,C2_finbert_s3,20,1,2026,7097,567,765,1.228740035217426,0.21954763218016382,1.0,,False,1.008986131547312,0.3134124279599533,1.0,,False,False,False,False,1.2496508730763547,-0.7424029615592052,,,,
ens,A_singleHAR,long_form,C2_finbert_s3,5,3,2026+2027+2028,7951,568,809,-5.355613060086284,1.1123696892980877e-07,5.673085415420248e-06,0.3836717272992135,True,-4.569068833128416,6.015600559506323e-06,0.00031882682965383513,0.35735150709325203,True,False,False,False,1.1787020754740314,,,,,
ens,B_firmref,long_form,C2_finbert_s3,5,3,2026+2027+2028,7550,568,792,3.7698522689893847,0.00017550103778218496,0.0073710435868517684,,False,3.08792034129376,0.002114210611693959,0.08034000324437045,,False,True,False,False,1.2278150428479615,-0.8224170512679753,,,,
ens,A_singleHAR,long_form,C2_finbert_s3,10,3,2026+2027+2028,7933,568,803,-5.259428352571835,1.8552525339300278e-07,9.276262669650139e-06,0.5518197487912235,True,-4.344048028831959,1.657478737221869e-05,0.0008287393686109346,0.5522510115653358,True,False,False,False,1.2252159034727477,,,,,
ens,B_firmref,long_form,C2_finbert_s3,10,3,2026+2027+2028,7167,568,766,3.82357511163039,0.00014223303772651865,0.006116020622240302,,False,3.3163328069656797,0.0009704188389069614,0.04366884775081326,,False,True,True,False,1.1674316170823806,-1.206670508038,,,,
ens,A_singleHAR,long_form,C2_finbert_s3,20,3,2026+2027+2028,7902,567,794,1.6763462370957918,0.09406454441968419,0.9875218999540573,1.05508587267482,False,1.335328565459391,0.18230560292394646,1.0,1.0488217371667805,False,False,False,False,1.2869887635680353,,,,,
ens,B_firmref,long_form,C2_finbert_s3,20,3,2026+2027+2028,7097,567,765,-1.492508153941691,0.1359787930594424,1.0,,False,-1.2056241933622345,0.2284661941919155,1.0,,False,False,False,False,1.2703361093230745,0.799378625448883,,,,
s26,A_singleHAR,long_form,C2_finbert_s4,5,1,2026,7951,568,809,3.357892869769075,0.0008221378383747867,0.03041910001986711,-0.04800309029210714,False,3.3346889698465594,0.0009097342794230236,0.03911857401519001,0.011241209091268889,False,True,True,False,1.0125909937344182,,,,,
s26,B_firmref,long_form,C2_finbert_s4,5,1,2026,7550,568,792,3.973130700659339,7.741260999449503e-05,0.0032513296197687913,,False,3.5683677559119698,0.0003896260518275366,0.020260554695031904,,False,True,True,False,1.1197935256117995,-1.3217790933983082,,,,
s26,A_singleHAR,long_form,C2_finbert_s4,10,1,2026,7933,568,803,-6.023678698585973,2.595676147445874e-09,1.5574056884675246e-07,-0.6603307458841314,True,-5.338535339072396,1.3575453211735134e-07,8.552535523393134e-06,-0.5564472369560508,True,False,False,False,1.1418482145130817,,,,,
s26,B_firmref,long_form,C2_finbert_s4,10,1,2026,7167,568,766,4.323782040184055,1.736658808344475e-05,0.0009204291684225717,,False,4.080841813187368,5.131330694687266e-05,0.003027485109865487,,False,True,True,False,1.0728375481958343,-3.2404999921920807,,,,
s26,A_singleHAR,long_form,C2_finbert_s4,20,1,2026,7902,567,794,-8.82202362045027,7.075779844579832e-18,4.670014697422689e-16,0.6463651242364998,True,-6.533058368686629,1.4374474222081607e-10,9.343408244353045e-09,0.6365412518026708,True,False,False,False,1.384365758489713,,,,,
s26,B_firmref,long_form,C2_finbert_s4,20,1,2026,7097,567,765,6.5072344189952736,1.384495731965019e-10,9.137671830969126e-09,,False,5.289038858849267,1.759686741943285e-07,1.1437963822631353e-05,,False,True,True,False,1.2625063740395595,-5.175226304571473,,,,
ens,A_singleHAR,long_form,C2_finbert_s4,5,3,2026+2027+2028,7951,568,809,-4.782417020812224,2.058269925583731e-06,9.262214665126789e-05,0.3705764036392169,True,-3.9703080363492664,8.101186735906707e-05,0.0038075577658761525,0.3910858510797094,True,False,False,False,1.211283489613457,,,,,
ens,B_firmref,long_form,C2_finbert_s4,5,3,2026+2027+2028,7550,568,792,2.623073432124869,0.008881829760818676,0.1865184249771922,,False,2.1518037009062643,0.031834383786294676,0.7321908270847776,,False,False,False,False,1.225977515415605,-0.11785490488152484,,,,
ens,A_singleHAR,long_form,C2_finbert_s4,10,3,2026+2027+2028,7933,568,803,-6.815447840569015,1.8466709312960216e-11,1.1449359774035335e-09,-0.23780460691798683,True,-5.824301419705308,9.615033310692902e-09,5.9613206526296e-07,-0.11033927542148178,True,False,False,False,1.1841841839510006,,,,,
ens,B_firmref,long_form,C2_finbert_s4,10,3,2026+2027+2028,7167,568,766,4.625460350800152,4.3880064362173565e-06,0.00023256434111951988,,False,4.098261188550921,4.7704061122096855e-05,0.0027191314839595205,,False,True,True,False,1.1428132353874152,-4.072630589054677,,,,
ens,A_singleHAR,long_form,C2_finbert_s4,20,3,2026+2027+2028,7902,567,794,-8.335233951742445,3.397791287898955e-16,2.2425422500133102e-14,0.24387715089633205,True,-6.271498726347128,7.103895207093917e-10,4.6175318846110466e-08,0.2743941092007877,True,False,False,False,1.3625285981230366,,,,,
ens,B_firmref,long_form,C2_finbert_s4,20,3,2026+2027+2028,7097,567,765,6.4937359676565025,1.5073651279218838e-10,9.948609844284433e-09,,False,5.005083852399812,7.466698163853727e-07,4.8533538065049226e-05,,False,True,True,False,1.3313650551502543,-6.865752501014555,,,,
s26,A_singleHAR,long_form,C3_roberta_s1,5,1,2026,7951,568,809,-5.366971802192466,1.0468311722840327e-07,5.652888330333776e-06,0.37314022454000234,True,-3.790570321966954,0.00016640047362760906,0.008153623207752845,0.3802820450197684,True,False,False,False,1.4237945053188725,,,,,
s26,B_firmref,long_form,C3_roberta_s1,5,1,2026,7550,568,792,3.8430175795996995,0.00013127645561596894,0.005382334680254727,,False,2.418830051191996,0.015884340821687593,0.4924145654723154,,False,True,False,False,1.5978710274345964,-2.5565368273395177,,,,
s26,A_singleHAR,long_form,C3_roberta_s1,10,1,2026,7933,568,803,-5.184162900925232,2.748778965799333e-07,1.4568528518736466e-05,0.528200176608448,True,-3.5564606003565506,0.0004073025176369932,0.01914321832893868,0.5170151268874885,True,False,False,False,1.4751267494474252,,,,,
s26,B_firmref,long_form,C3_roberta_s1,10,1,2026,7167,568,766,4.137534047461648,3.900073866512983e-05,0.001794033978595972,,False,2.615710706948665,0.009141340421845822,0.31020965711970655,,False,True,False,False,1.6016654324067288,-0.45032304675982565,,,,
s26,A_singleHAR,long_form,C3_roberta_s1,20,1,2026,7902,567,794,-1.068299180179499,0.2857106693843872,1.0,-0.06073428510138594,False,-0.5229173801186834,0.6012363830811518,1.0,-0.049630707800880594,False,False,False,False,2.0943969140412135,,,,,
s26,B_firmref,long_form,C3_roberta_s1,20,1,2026,7097,567,765,0.43976365957962615,0.6602326591247061,1.0,,False,0.2824953151124763,0.7776670117428549,1.0,,False,False,False,False,1.5974305035080147,-0.5679480985482853,,,,
ens,A_singleHAR,long_form,C3_roberta_s1,5,3,2026+2027+2028,7951,568,809,-5.125421662535417,3.716936995353375e-07,1.8212991277231538e-05,0.06326105741535684,True,-3.768105608310179,0.00018170379518199067,0.008358374578371571,0.04482912575623062,True,False,False,False,1.3678204451108251,,,,,
ens,B_firmref,long_form,C3_roberta_s1,5,3,2026+2027+2028,7550,568,792,3.713034055248291,0.00021916140840839133,0.008985617744744044,,False,2.474529433577543,0.013632631919332625,0.39534632566064615,,False,True,False,False,1.5090756629198274,-2.7785215147454543,,,,
ens,A_singleHAR,long_form,C3_roberta_s1,10,3,2026+2027+2028,7933,568,803,-5.0618875454410714,5.151531202881171e-07,2.4727349773829623e-05,-0.7333278674633481,True,-3.2865110347125843,0.001077076148309578,0.042005969784073546,-0.7301736625055865,True,False,False,False,1.5586410076336124,,,,,
ens,B_firmref,long_form,C3_roberta_s1,10,3,2026+2027+2028,7167,568,766,3.19970124352142,0.001432447797094145,0.04010853831863606,,False,2.1018604257357145,0.03600603465389473,0.7561267277317893,,False,True,False,False,1.5414359690880934,-0.7771987339969754,,,,
ens,A_singleHAR,long_form,C3_roberta_s1,20,3,2026+2027+2028,7902,567,794,-3.9004132358625987,0.0001041662250885933,0.003958316553366545,-0.4396939130345296,True,-3.041670639006085,0.0024616679438407116,0.08123504214674349,-0.41958488384856735,False,False,False,False,1.3146120438814006,,,,,
ens,B_firmref,long_form,C3_roberta_s1,20,3,2026+2027+2028,7097,567,765,3.4450037476532245,0.0006022144772429096,0.019873077749016015,,False,2.558444581013396,0.010773276100623841,0.33397155911933907,,False,True,False,False,1.3817439435634722,-3.563052995471006,,,,
s26,A_singleHAR,long_form,C4_longformer,5,1,2026,7951,568,809,-5.988963485606454,3.17613114858525e-09,1.8739173776652976e-07,-0.20624444733353636,True,-5.056738994586404,5.766366596946262e-07,3.51748362413722e-05,-0.23372646767912847,True,False,False,False,1.1909778495978978,,,,,
s26,B_firmref,long_form,C4_longformer,5,1,2026,7550,568,792,4.59043689573638,5.143198028551612e-06,0.00028287589157033864,,False,3.608375419417723,0.0003353578291626104,0.01777396494561835,,False,True,True,False,1.2794314220781937,-0.9657455337654564,,,,
s26,A_singleHAR,long_form,C4_longformer,10,1,2026,7933,568,803,10.553138610614434,1.8099697800080198e-24,1.2488791482055336e-22,0.15345858957074868,False,7.632683502587882,9.799397410258457e-14,6.761584213078335e-12,0.21066422114396294,False,True,True,False,1.3991783888165321,,,,,
s26,B_firmref,long_form,C4_longformer,10,1,2026,7167,568,766,9.10180436454569,7.582136785164329e-19,5.231674381763387e-17,,False,6.466767504495219,2.1631879926221e-10,1.492599714909249e-08,,False,True,True,False,1.425148701006155,-10.843496437079258,,,,
s26,A_singleHAR,long_form,C4_longformer,20,1,2026,7902,567,794,3.459957649997018,0.0005691185822011366,0.022764743288045463,-0.062446126021639126,False,3.1504871543881867,0.0017160727933461923,0.0669268389405015,-0.07607596716352735,False,True,False,False,1.1258803532065895,,,,,
s26,B_firmref,long_form,C4_longformer,20,1,2026,7097,567,765,4.148203054988891,3.7270630013960245e-05,0.001777197070893384,,False,3.95888681592024,8.489211221407977e-05,0.004838850396202547,,False,True,True,False,1.0752285972212614,-10.416488417261768,,,,
ens,A_singleHAR,long_form,C4_longformer,5,3,2026+2027+2028,7951,568,809,-6.184844518791313,9.864999145364238e-10,5.8203494957649005e-08,0.0879237350952824,True,-5.11101294050741,4.3869652571899727e-07,2.5883095017420838e-05,0.03799182517224633,True,False,False,False,1.2168705000464264,,,,,
ens,B_firmref,long_form,C4_longformer,5,3,2026+2027+2028,7550,568,792,5.20779369082895,2.438860060842949e-07,1.4389274358973398e-05,,False,3.8462776541218644,0.0001335293953210248,0.0072105873473353385,,False,True,True,False,1.3617200937116463,-2.206399931789977,,,,
ens,A_singleHAR,long_form,C4_longformer,10,3,2026+2027+2028,7933,568,803,10.32439250576024,1.5095463050657878e-23,1.0415869504953935e-21,0.22512559522425946,False,7.5743892080194,1.4750299784632498e-13,1.0030203853550099e-11,0.2794190506267869,False,True,True,False,1.3793852885741005,,,,,
ens,B_firmref,long_form,C4_longformer,10,3,2026+2027+2028,7167,568,766,8.787737104424204,9.948059627334278e-18,6.864161142860652e-16,,False,5.798148979010809,1.114261246848456e-08,7.465550353884655e-07,,False,True,True,False,1.534643902294012,-11.383002651276938,,,,
ens,A_singleHAR,long_form,C4_longformer,20,3,2026+2027+2028,7902,567,794,-4.384672693915921,1.3181529961996957e-05,0.0005272611984798783,1.2045651064592262,True,-3.1915952824241445,0.001493349512811298,0.055253931974018025,1.2544410997888484,False,False,False,False,1.40840817152993,,,,,
ens,B_firmref,long_form,C4_longformer,20,3,2026+2027+2028,7097,567,765,2.8975826057944087,0.0038680800447705973,0.09283392107449434,,False,1.8116460993646506,0.07057078259660887,1.0,,False,False,False,False,1.6412560790618862,-5.025896545880523,,,,
s26,A_singleHAR,long_form,C6_llmtext,5,1,2026,7951,568,809,-6.307719290334438,4.65979133798706e-10,2.8424727161721066e-08,0.8313169697407741,True,-5.917301978592136,5.666102767288048e-09,3.626305771064351e-07,0.7842015055379171,True,False,False,False,1.0719417389067218,,5.125770471785766e-09,6.232713044016853e-08,True,True
s26,B_firmref,long_form,C6_llmtext,5,1,2026,7550,568,792,4.93869065781777,9.5984404998356e-07,5.663079894903004e-05,,False,4.369542757171156,1.4809063665558534e-05,0.0009181619472646292,,False,True,True,False,1.136712243010089,-0.1835090922270036,6.71890834988492e-06,0.00010366344565890975,False,False
s26,A_singleHAR,long_form,C6_llmtext,10,1,2026,7933,568,803,-7.9155647324090745,8.17898705293215e-15,5.316341584405898e-13,-1.4455065815319224,True,-7.587738100571079,1.34346328259511e-13,9.135550321646748e-12,-1.4168439632592702,True,False,False,False,1.055694534013793,,9.81478446351858e-14,1.6121559391141322e-12,True,True
s26,B_firmref,long_form,C6_llmtext,10,1,2026,7167,568,766,5.789628525165399,1.0294421499063377e-08,6.485485544409927e-07,,False,5.644764173236291,2.6163657373257253e-08,1.7268013866349788e-06,,False,True,True,False,1.0385438273004939,-0.4332262742505682,1.0294421499063376e-07,2.616365737325725e-07,False,False
s26,A_singleHAR,long_form,C6_llmtext,20,1,2026,7902,567,794,-3.232306764547454,0.0012786846389931377,0.042196593086773544,-1.4440091348479065,True,-2.7570934293389664,0.006019984310423786,0.20467946655440875,-1.603822260477547,False,False,False,False,1.201877648731929,,0.0025573692779862754,0.012039968620847573,True,True
s26,B_firmref,long_form,C6_llmtext,20,1,2026,7097,567,765,-4.149751570196159,3.7024938976945496e-05,0.001777197070893384,,True,-3.3675548009197454,0.0008098970995467757,0.03806516367869846,,True,False,False,False,1.2645072135019768,0.07942220499709277,0.00018512469488472748,0.003239588398187103,True,True
ens,A_singleHAR,long_form,C6_llmtext,5,1,2026,7951,568,809,-6.307719290334438,4.65979133798706e-10,2.795874802792236e-08,0.8313169697407741,True,-5.917301978592136,5.666102767288048e-09,3.5696447433914703e-07,0.7842015055379171,True,False,False,False,1.0719417389067218,,5.125770471785766e-09,6.232713044016853e-08,True,True
ens,B_firmref,long_form,C6_llmtext,5,1,2026,7550,568,792,4.93869065781777,9.5984404998356e-07,5.375126679907936e-05,,False,4.369542757171156,1.4809063665558534e-05,0.0009033528835990706,,False,True,True,False,1.136712243010089,-0.1835090922270036,6.71890834988492e-06,0.00010366344565890975,False,False
ens,A_singleHAR,long_form,C6_llmtext,10,1,2026,7933,568,803,-7.9155647324090745,8.17898705293215e-15,5.316341584405898e-13,-1.4455065815319224,True,-7.587738100571079,1.34346328259511e-13,9.26989664990626e-12,-1.4168439632592702,True,False,False,False,1.055694534013793,,9.81478446351858e-14,1.6121559391141322e-12,True,True
ens,B_firmref,long_form,C6_llmtext,10,1,2026,7167,568,766,5.789628525165399,1.0294421499063377e-08,6.485485544409927e-07,,False,5.644764173236291,2.6163657373257253e-08,1.7268013866349788e-06,,False,True,True,False,1.0385438273004939,-0.4332262742505682,1.0294421499063376e-07,2.616365737325725e-07,False,False
ens,A_singleHAR,long_form,C6_llmtext,20,1,2026,7902,567,794,-3.232306764547454,0.0012786846389931377,0.03324580061382158,-1.4440091348479065,True,-2.7570934293389664,0.006019984310423786,0.18059952931271359,-1.603822260477547,False,False,False,False,1.201877648731929,,0.0025573692779862754,0.012039968620847573,True,True
ens,B_firmref,long_form,C6_llmtext,20,1,2026,7097,567,765,-4.149751570196159,3.7024938976945496e-05,0.0017401721319164384,,True,-3.3675548009197454,0.0008098970995467757,0.03806516367869846,,True,False,False,False,1.2645072135019768,0.07942220499709277,0.00018512469488472748,0.003239588398187103,True,True
s26,A_singleHAR,long_form,D1_concat_mlp,5,1,2026,7951,568,809,0.09518519078898904,0.92419133305215,1.0,0.7537316167376704,False,0.09088686140581068,0.9276145882558025,1.0,0.8012897010274088,False,False,False,False,1.0531514634807806,,,,,
s26,B_firmref,long_form,D1_concat_mlp,5,1,2026,7550,568,792,0.548070194946136,0.583798335283058,1.0,,False,0.5523106030335054,0.5809532088664844,1.0,,False,False,False,False,0.9979930363559953,-0.057994332794381855,,,,
s26,A_singleHAR,long_form,D1_concat_mlp,10,1,2026,7933,568,803,-0.6651154815816485,0.506167848180687,1.0,-0.9026526033869402,False,-0.5688335060889987,0.5696943711261608,1.0,-0.9975030320343761,False,False,False,False,1.183261100610518,,,,,
s26,B_firmref,long_form,D1_concat_mlp,10,1,2026,7167,568,766,0.6031307345235984,0.5466004865983377,1.0,,False,0.5760660611777889,0.564799109599493,1.0,,False,False,False,False,1.060129946167319,0.007828321672709943,,,,
s26,A_singleHAR,long_form,D1_concat_mlp,20,1,2026,7902,567,794,-0.6314534530592252,0.5279260461812015,1.0,-0.3743085087932043,False,-0.4067657883957239,0.6843337841023116,1.0,-0.28383882996571236,False,False,False,False,1.5914613449356256,,,,,
s26,B_firmref,long_form,D1_concat_mlp,20,1,2026,7097,567,765,-0.5867864097645802,0.557520507894144,1.0,,False,-0.42866058952032743,0.6683333340664555,1.0,,False,False,False,False,1.4046896257657167,-0.04496415353855785,,,,
ens,A_singleHAR,long_form,D1_concat_mlp,5,3,2026+2027+2028,7951,568,809,2.656043576684487,0.008062191522472723,0.16124383044945445,0.7943610260839071,False,2.291610651095416,0.02229384415054704,0.4970338659259097,0.8335996334741896,False,False,False,False,1.1655124606630594,,,,,
ens,B_firmref,long_form,D1_concat_mlp,5,3,2026+2027+2028,7550,568,792,2.1119575054888573,0.03500304689207587,0.5516013060222107,,False,1.8755962879195789,0.061224353117922854,0.9795896498867657,,False,False,False,False,1.1324538632835972,-1.3804046897496793,,,,
ens,A_singleHAR,long_form,D1_concat_mlp,10,3,2026+2027+2028,7933,568,803,3.536928348561714,0.0004280546838607695,0.014125804567405392,-0.7623814692610309,False,2.6858140320085235,0.007447309897640096,0.21597198703156278,-0.856754582481004,False,True,False,False,1.3326589608883441,,,,,
ens,B_firmref,long_form,D1_concat_mlp,10,3,2026+2027+2028,7167,568,766,3.4228969399713898,0.0006525262012662505,0.020880838440520015,,False,3.0761608497896598,0.00219795611309018,0.08132437618433666,,False,True,False,False,1.1266907133180881,-1.7009158936566102,,,,
ens,A_singleHAR,long_form,D1_concat_mlp,20,3,2026+2027+2028,7902,567,794,-5.574099458834656,3.4113953437857534e-08,1.910381392520022e-06,-0.614274245862872,True,-4.857264534837886,1.5425481644576998e-06,8.946779353854659e-05,-0.47762217544865343,True,False,False,False,1.1764734423463787,,,,,
ens,B_firmref,long_form,D1_concat_mlp,20,3,2026+2027+2028,7097,567,765,4.133916198761089,3.961175704477039e-05,0.001822140824059438,,False,3.857615255700888,0.0001276622594496342,0.007021424269729882,,False,True,True,False,1.0996554805150118,-2.8001391469048547,,,,
s26,A_singleHAR,long_form,D2_gated_fusion,5,1,2026,7951,568,809,-0.29166604105210714,0.7706168391631709,1.0,0.8563757140810321,False,-0.2833145106468307,0.7770391655372579,1.0,0.8963831440185812,False,False,False,False,1.0352365702452888,,,,,
s26,B_firmref,long_form,D2_gated_fusion,5,1,2026,7550,568,792,0.8219189191347132,0.4113707172374022,1.0,,False,0.8073143024424507,0.41982395510444526,1.0,,False,False,False,False,1.0239082384471723,-0.3871029527084143,,,,
s26,A_singleHAR,long_form,D2_gated_fusion,10,1,2026,7933,568,803,0.9571183922302632,0.3387959240001079,1.0,-0.9729692982908864,False,0.898622267092677,0.36923533691073407,1.0,-1.0652042630342635,False,False,False,False,1.077847171530941,,,,,
s26,B_firmref,long_form,D2_gated_fusion,10,1,2026,7167,568,766,1.1859207328479553,0.23602181263610353,1.0,,False,1.117137332890849,0.26440875814053794,1.0,,False,False,False,False,1.0749023895699548,-0.5779770976179033,,,,
s26,A_singleHAR,long_form,D2_gated_fusion,20,1,2026,7902,567,794,4.269535959522614,2.1960469968023844e-05,0.000988221148561073,-0.04486512237748443,False,4.128896941388561,4.194463192010529e-05,0.00213917622792537,-0.043692330229723894,False,True,True,False,1.0600974836847898,,,,,
s26,B_firmref,long_form,D2_gated_fusion,20,1,2026,7097,567,765,3.4269865504380945,0.0006429684033250852,0.02250389411637798,,False,3.4228642883481415,0.0006644422192851965,0.032172366703254594,,False,True,True,False,1.0273930054952514,-8.470679956796891,,,,
ens,A_singleHAR,long_form,D2_gated_fusion,5,3,2026+2027+2028,7951,568,809,-2.1057345588364424,0.0355354156901654,0.6041020667328117,0.763545056910133,False,-1.9733540864502266,0.0489404033190554,0.8809272597429972,0.8046761038355145,False,False,False,False,1.0730529736930154,,,,,
ens,B_firmref,long_form,D2_gated_fusion,5,3,2026+2027+2028,7550,568,792,0.7575070404422837,0.4489717453465213,1.0,,False,0.7235151095261072,0.46966184779399617,1.0,,False,False,False,False,1.052964610729674,-0.15775051291526612,,,,
ens,A_singleHAR,long_form,D2_gated_fusion,10,3,2026+2027+2028,7933,568,803,2.019279739782597,0.0437903655864381,0.6568554837965714,-0.4133259021701513,False,1.6818309663848539,0.09315224825344877,1.0,-0.48585477699902435,False,False,False,False,1.215018368735853,,,,,
ens,B_firmref,long_form,D2_gated_fusion,10,3,2026+2027+2028,7167,568,766,-0.8896646063158106,0.37392568304037527,1.0,,False,-0.8071678182520448,0.41990826328912256,1.0,,False,False,False,False,1.116046801516447,0.1959241580538286,,,,
ens,A_singleHAR,long_form,D2_gated_fusion,20,3,2026+2027+2028,7902,567,794,5.56056874133247,3.6759839665006035e-08,1.985031341910326e-06,-0.17649140650504225,False,4.686374589895209,3.487432187863726e-06,0.00019529620252036866,-0.15499038482151267,False,True,True,False,1.2164139310348872,,,,,
ens,B_firmref,long_form,D2_gated_fusion,20,3,2026+2027+2028,7097,567,765,3.6847497794153075,0.00024509045213147457,0.009803618085258982,,False,3.260928824514394,0.0011772496630665192,0.05179898517492684,,False,True,False,False,1.1595262019799735,-3.485351800733609,,,,
s26,A_singleHAR,long_form,D4_llmfused,5,1,2026,7951,568,809,-0.7537398982889586,0.4512250009813363,1.0,0.9987815877418305,False,-0.7294692197262127,0.4660159198475549,1.0,1.0620208055334408,False,False,False,False,1.0390515400852929,,,,,
s26,B_firmref,long_form,D4_llmfused,5,1,2026,7550,568,792,0.6920093441873314,0.48913453639951354,1.0,,False,0.64432161542969,0.5196274670446391,1.0,,False,False,False,False,1.0801497371971585,-0.0008496564248395374,,,,
s26,A_singleHAR,long_form,D4_llmfused,10,1,2026,7933,568,803,-0.42802344909875123,0.6687489620071749,1.0,0.8716739439709557,False,-0.3935356060645207,0.6940718677955802,1.0,0.8163056897737986,False,False,False,False,1.1006575840638493,,,,,
s26,B_firmref,long_form,D4_llmfused,10,1,2026,7167,568,766,-0.44559187922104393,0.6560181482780784,1.0,,False,-0.3966529840798469,0.6917726177254104,1.0,,False,False,False,False,1.1374870828970978,-0.1488928809151774,,,,
s26,A_singleHAR,long_form,D4_llmfused,20,1,2026,7902,567,794,-3.580978271847522,0.00036315733568915694,0.014889450763255435,-0.48979390347973,True,-3.2567295727780015,0.001194474606236631,0.048973458855701875,-0.48513279942781135,True,False,False,False,1.1272471836022473,,,,,
s26,B_firmref,long_form,D4_llmfused,20,1,2026,7097,567,765,-2.8704535321591305,0.0042121152963924356,0.12215134359538063,,False,-2.790247784488177,0.005444317253625581,0.19599542113052093,,False,False,False,False,1.055654087989404,0.08311223424904371,,,,
ens,A_singleHAR,long_form,D4_llmfused,5,1,2026,7951,568,809,-0.7537398982889586,0.4512250009813363,1.0,0.9987815877418305,False,-0.7294692197262127,0.4660159198475549,1.0,1.0620208055334408,False,False,False,False,1.0390515400852929,,,,,
ens,B_firmref,long_form,D4_llmfused,5,1,2026,7550,568,792,0.6920093441873314,0.48913453639951354,1.0,,False,0.64432161542969,0.5196274670446391,1.0,,False,False,False,False,1.0801497371971585,-0.0008496564248395374,,,,
ens,A_singleHAR,long_form,D4_llmfused,10,1,2026,7933,568,803,-0.42802344909875123,0.6687489620071749,1.0,0.8716739439709557,False,-0.3935356060645207,0.6940718677955802,1.0,0.8163056897737986,False,False,False,False,1.1006575840638493,,,,,
ens,B_firmref,long_form,D4_llmfused,10,1,2026,7167,568,766,-0.44559187922104393,0.6560181482780784,1.0,,False,-0.3966529840798469,0.6917726177254104,1.0,,False,False,False,False,1.1374870828970978,-0.1488928809151774,,,,
ens,A_singleHAR,long_form,D4_llmfused,20,1,2026,7902,567,794,-3.580978271847522,0.00036315733568915694,0.012710506749120493,-0.48979390347973,True,-3.2567295727780015,0.001194474606236631,0.04539003503699198,-0.48513279942781135,True,False,False,False,1.1272471836022473,,,,,
ens,B_firmref,long_form,D4_llmfused,20,1,2026,7097,567,765,-2.8704535321591305,0.0042121152963924356,0.09687865181702601,,False,-2.790247784488177,0.005444317253625581,0.19055110387689533,,False,False,False,False,1.055654087989404,0.08311223424904371,,,,
s26,A_singleHAR,event_driven,B1_bow_ridge,5,1,2026,25109,569,996,-3.3493598952759274,0.0008403875716078867,0.03041910001986711,0.5857072992244443,True,-3.065614429418295,0.0022754601802351055,0.086467486848934,0.5600307687999329,False,False,False,False,1.0975162504592528,,,,,
s26,B_firmref,event_driven,B1_bow_ridge,5,1,2026,23855,569,996,-3.5003178750106065,0.0004853068873740233,0.018441661720212884,,True,-3.1496098773328147,0.0017208354030481124,0.07399592233106883,,False,False,False,False,1.1163937517479303,0.46147629288483344,,,,
s26,A_singleHAR,event_driven,B1_bow_ridge,10,1,2026,25001,569,991,-3.251877154995203,0.0011851708823301266,0.0402958099992243,0.05214688269550179,True,-2.8066970789561934,0.005177004402599224,0.18119515409097284,0.02356722428611837,False,False,False,False,1.1698279548557982,,,,,
s26,B_firmref,event_driven,B1_bow_ridge,10,1,2026,22785,569,991,-4.714815232314584,2.7658425929288082e-06,0.00015765302779694208,,True,-3.8100714661635915,0.0001540821290968957,0.00862859922942616,,True,False,False,False,1.249438726898193,0.25039343855457985,,,,
s26,A_singleHAR,event_driven,B1_bow_ridge,20,1,2026,24732,568,981,-3.1035425378339445,0.0019670144723117375,0.06259386822117356,0.4536490840793202,False,-2.530909862134907,0.011645978092438098,0.37267129895801915,0.5151851789763486,False,False,False,False,1.2511252864879547,,,,,
s26,B_firmref,event_driven,B1_bow_ridge,20,1,2026,22318,568,981,5.504606871801213,4.724853536562037e-08,2.929409192668463e-06,,False,4.119816409301536,4.3571426573207496e-05,0.00261428559439245,,False,True,True,False,1.3632271358923016,-0.1929512232630929,,,,
ens,A_singleHAR,event_driven,B1_bow_ridge,5,1,2026,25109,569,996,-3.3493598952759274,0.0008403875716078867,0.0252116271482366,0.5857072992244443,True,-3.065614429418295,0.0022754601802351055,0.07936471508091787,0.5600307687999329,False,False,False,False,1.0975162504592528,,,,,
ens,B_firmref,event_driven,B1_bow_ridge,5,1,2026,23855,569,996,-3.5003178750106065,0.0004853068873740233,0.01747104794546484,,True,-3.1496098773328147,0.0017208354030481124,0.0705542515249726,,False,False,False,False,1.1163937517479303,0.46147629288483344,,,,
ens,A_singleHAR,event_driven,B1_bow_ridge,10,1,2026,25001,569,991,-3.251877154995203,0.0011851708823301266,0.033184784705243546,0.05214688269550179,True,-2.8066970789561934,0.005177004402599224,0.16048713648057594,0.02356722428611837,False,False,False,False,1.1698279548557982,,,,,
ens,B_firmref,event_driven,B1_bow_ridge,10,1,2026,22785,569,991,-4.714815232314584,2.7658425929288082e-06,0.00014935550001815565,,True,-3.8100714661635915,0.0001540821290968957,0.008012270713038576,,True,False,False,False,1.249438726898193,0.25039343855457985,,,,
ens,A_singleHAR,event_driven,B1_bow_ridge,20,1,2026,24732,568,981,-3.1035425378339445,0.0019670144723117375,0.04890145954779185,0.4536490840793202,True,-2.530909862134907,0.011645978092438098,0.3027954304033906,0.5151851789763486,False,False,False,False,1.2511252864879547,,,,,
ens,B_firmref,event_driven,B1_bow_ridge,20,1,2026,22318,568,981,5.504606871801213,4.724853536562037e-08,2.8821606573028427e-06,,False,4.119816409301536,4.3571426573207496e-05,0.0025271427412460346,,False,True,True,False,1.3632271358923016,-0.1929512232630929,,,,
s26,A_singleHAR,event_driven,B2_tfidf_ridge,5,1,2026,25109,569,996,-2.7596725469958416,0.005892177336357857,0.16498096541802,0.3855199658783398,False,-2.310925449284881,0.021194181418144272,0.6420020768209668,0.38017439911332873,False,False,False,False,1.1996050712982549,,,,,
s26,B_firmref,event_driven,B2_tfidf_ridge,5,1,2026,23855,569,996,-3.0628687169012365,0.002251214069209449,0.07203885021470237,,False,-2.616358185368633,0.009123813444697251,0.31020965711970655,,False,False,False,False,1.1759743729405079,0.4435060552205759,,,,
s26,A_singleHAR,event_driven,B2_tfidf_ridge,10,1,2026,25001,569,991,-2.9654021943241298,0.0030953952689099042,0.08976646279838722,0.3789265044485438,False,-2.251592644377829,0.024729333431903495,0.7171506695252013,0.3309052974244864,False,False,False,False,1.3297720189101525,,,,,
s26,B_firmref,event_driven,B2_tfidf_ridge,10,1,2026,22785,569,991,-4.279509994508872,2.0549043820443807e-05,0.001068550278663078,,True,-3.357199284347843,0.0008400368465762526,0.03864169494250762,,True,False,False,False,1.287064554288196,0.2812042843458857,,,,
s26,A_singleHAR,event_driven,B2_tfidf_ridge,20,1,2026,24732,568,981,-3.10521136044431,0.001956058381911674,0.06259386822117356,0.42244573352193066,False,-2.060302281426656,0.03982535557389593,1.0,0.4875366361800907,False,False,False,False,1.5377296927817028,,,,,
s26,B_firmref,event_driven,B2_tfidf_ridge,20,1,2026,22318,568,981,5.0766716391830045,4.5954202501532165e-07,2.803206352593462e-05,,False,3.6443447898648937,0.00029270032657268135,0.015805817634924793,,False,True,True,False,1.4212791756513767,-0.04511005649686018,,,,
ens,A_singleHAR,event_driven,B2_tfidf_ridge,5,1,2026,25109,569,996,-2.7596725469958416,0.005892177336357857,0.12373572406351499,0.3855199658783398,False,-2.310925449284881,0.021194181418144272,0.4970338659259097,0.38017439911332873,False,False,False,False,1.1996050712982549,,,,,
ens,B_firmref,event_driven,B2_tfidf_ridge,5,1,2026,23855,569,996,-3.0628687169012365,0.002251214069209449,0.05853156579944568,,False,-2.616358185368633,0.009123813444697251,0.29196203023031203,,False,False,False,False,1.1759743729405079,0.4435060552205759,,,,
ens,A_singleHAR,event_driven,B2_tfidf_ridge,10,1,2026,25001,569,991,-2.9654021943241298,0.0030953952689099042,0.06809869591601789,0.3789265044485438,False,-2.251592644377829,0.024729333431903495,0.5193160020699734,0.3309052974244864,False,False,False,False,1.3297720189101525,,,,,
ens,B_firmref,event_driven,B2_tfidf_ridge,10,1,2026,22785,569,991,-4.279509994508872,2.0549043820443807e-05,0.0010274521910221903,,True,-3.357199284347843,0.0008400368465762526,0.03864169494250762,,True,False,False,False,1.287064554288196,0.2812042843458857,,,,
ens,A_singleHAR,event_driven,B2_tfidf_ridge,20,1,2026,24732,568,981,-3.10521136044431,0.001956058381911674,0.04890145954779185,0.42244573352193066,True,-2.060302281426656,0.03982535557389593,0.7566817559040226,0.4875366361800907,False,False,False,False,1.5377296927817028,,,,,
ens,B_firmref,event_driven,B2_tfidf_ridge,20,1,2026,22318,568,981,5.0766716391830045,4.5954202501532165e-07,2.6653437450888654e-05,,False,3.6443447898648937,0.00029270032657268135,0.014635016328634067,,False,True,True,False,1.4212791756513767,-0.04511005649686018,,,,
s26,A_singleHAR,event_driven,B3_lm_linear,5,1,2026,25109,569,996,-2.4325521570843036,0.015168232162019343,0.3943740362125029,0.012406789417877827,False,-2.203652703500938,0.027949288757794413,0.7825800852182436,0.009987843381054873,False,False,False,False,1.1088828976550793,,,,,
s26,B_firmref,event_driven,B3_lm_linear,5,1,2026,23855,569,996,-3.000336737869756,0.002764017711626076,0.08568454906040836,,False,-2.7159836875599677,0.0068091437721936425,0.23832003202677748,,False,False,False,False,1.1097100461074112,0.11047121238274518,,,,
s26,A_singleHAR,event_driven,B3_lm_linear,10,1,2026,25001,569,991,-1.2292901838320454,0.21925511308792897,1.0,0.16291303308114483,False,-1.159728166119345,0.2466467619960211,1.0,0.162403485198785,False,False,False,False,1.07024107705631,,,,,
s26,B_firmref,event_driven,B3_lm_linear,10,1,2026,22785,569,991,-1.9136186233308208,0.0559570497471839,1.0,,False,-1.7608050158366566,0.07880949361328407,1.0,,False,False,False,False,1.097305432016725,0.10795280268982467,,,,
s26,A_singleHAR,event_driven,B3_lm_linear,20,1,2026,24732,568,981,-1.1243340904426666,0.26114663681571987,1.0,0.8379368210527648,False,-1.031827272235368,0.3025929561819593,1.0,0.9148143828035316,False,False,False,False,1.111752600329374,,,,,
s26,B_firmref,event_driven,B3_lm_linear,20,1,2026,22318,568,981,-2.1174258238559203,0.03447508162638817,0.7929268774069279,,False,-1.908139759318525,0.05687792800652868,1.0,,False,False,False,False,1.1321860565208937,0.16961912594516454,,,,
ens,A_singleHAR,event_driven,B3_lm_linear,5,1,2026,25109,569,996,-2.4325521570843036,0.015168232162019343,0.2730281789163482,0.012406789417877827,False,-2.203652703500938,0.027949288757794413,0.5589857751558882,0.009987843381054873,False,False,False,False,1.1088828976550793,,,,,
ens,B_firmref,event_driven,B3_lm_linear,5,1,2026,23855,569,996,-3.000336737869756,0.002764017711626076,0.0691004427906519,,False,-2.7159836875599677,0.0068091437721936425,0.2247017444823902,,False,False,False,False,1.1097100461074112,0.11047121238274518,,,,
ens,A_singleHAR,event_driven,B3_lm_linear,10,1,2026,25001,569,991,-1.2292901838320454,0.21925511308792897,1.0,0.16291303308114483,False,-1.159728166119345,0.2466467619960211,1.0,0.162403485198785,False,False,False,False,1.07024107705631,,,,,
ens,B_firmref,event_driven,B3_lm_linear,10,1,2026,22785,569,991,-1.9136186233308208,0.0559570497471839,0.7833986964605746,,False,-1.7608050158366566,0.07880949361328407,1.0,,False,False,False,False,1.097305432016725,0.10795280268982467,,,,
ens,A_singleHAR,event_driven,B3_lm_linear,20,1,2026,24732,568,981,-1.1243340904426666,0.26114663681571987,1.0,0.8379368210527648,False,-1.031827272235368,0.3025929561819593,1.0,0.9148143828035316,False,False,False,False,1.111752600329374,,,,,
ens,B_firmref,event_driven,B3_lm_linear,20,1,2026,22318,568,981,-2.1174258238559203,0.03447508162638817,0.5516013060222107,,False,-1.908139759318525,0.05687792800652868,0.9669247761109876,,False,False,False,False,1.1321860565208937,0.16961912594516454,,,,
s26,A_singleHAR,event_driven,B4_lm_features,5,1,2026,25109,569,996,-0.9938862558503346,0.32051988123986275,1.0,0.4641330209604565,False,-0.9225767654855955,0.35661952377854433,1.0,0.4465844506118389,False,False,False,False,1.0821833481591543,,,,,
s26,B_firmref,event_driven,B4_lm_features,5,1,2026,23855,569,996,-1.5580779021845501,0.11953277524542694,1.0,,False,-1.4039943270033926,0.16086705761268558,1.0,,False,False,False,False,1.114783392672304,0.21806115370844806,,,,
s26,A_singleHAR,event_driven,B4_lm_features,10,1,2026,25001,569,991,-2.1037986518046754,0.035647763549077574,0.8555463251778618,-0.05009193075736379,False,-1.9252427812329054,0.05469797678199961,1.0,-0.031235770260086893,False,False,False,False,1.1033214860525389,,,,,
s26,B_firmref,event_driven,B4_lm_features,10,1,2026,22785,569,991,-2.603464665906097,0.009366774972348797,0.2529029242534175,,False,-2.202988308155555,0.027996347387843602,0.7838977268596209,,False,False,False,False,1.1932265345637423,0.1304350276414691,,,,
s26,A_singleHAR,event_driven,B4_lm_features,20,1,2026,24732,568,981,-2.010255968836495,0.044677715606598396,0.9844501130681467,0.4693091454855822,False,-1.6693967066429445,0.09559076161890023,1.0,0.532315615035625,False,False,False,False,1.228603039546399,,,,,
s26,B_firmref,event_driven,B4_lm_features,20,1,2026,22318,568,981,-2.382057639690876,0.01740616681046257,0.41774800345110163,,False,-2.0121375543678846,0.044677887154840334,1.0,,False,False,False,False,1.207853819120154,0.11019050175828338,,,,
ens,A_singleHAR,event_driven,B4_lm_features,5,1,2026,25109,569,996,-0.9938862558503346,0.32051988123986275,1.0,0.4641330209604565,False,-0.9225767654855955,0.35661952377854433,1.0,0.4465844506118389,False,False,False,False,1.0821833481591543,,,,,
ens,B_firmref,event_driven,B4_lm_features,5,1,2026,23855,569,996,-1.5580779021845501,0.11953277524542694,1.0,,False,-1.4039943270033926,0.16086705761268558,1.0,,False,False,False,False,1.114783392672304,0.21806115370844806,,,,
ens,A_singleHAR,event_driven,B4_lm_features,10,1,2026,25001,569,991,-2.1037986518046754,0.035647763549077574,0.6041020667328117,-0.05009193075736379,False,-1.9252427812329054,0.05469797678199961,0.8809272597429972,-0.031235770260086893,False,False,False,False,1.1033214860525389,,,,,
ens,B_firmref,event_driven,B4_lm_features,10,1,2026,22785,569,991,-2.603464665906097,0.009366774972348797,0.18733549944697592,,False,-2.202988308155555,0.027996347387843602,0.6743745886242308,,False,False,False,False,1.1932265345637423,0.1304350276414691,,,,
ens,A_singleHAR,event_driven,B4_lm_features,20,1,2026,24732,568,981,-2.010255968836495,0.044677715606598396,0.6568554837965714,0.4693091454855822,False,-1.6693967066429445,0.09559076161890023,1.0,0.532315615035625,False,False,False,False,1.228603039546399,,,,,
ens,B_firmref,event_driven,B4_lm_features,20,1,2026,22318,568,981,-2.382057639690876,0.01740616681046257,0.3133110025883262,,False,-2.0121375543678846,0.044677887154840334,0.8935577430968067,,False,False,False,False,1.207853819120154,0.11019050175828338,,,,
s26,A_singleHAR,event_driven,C2_finbert_s1,5,1,2026,25109,569,996,-4.948555012351497,8.775784616980226e-07,4.387892308490113e-05,-0.9420252310878408,True,-4.3883777238142185,1.3617520896649479e-05,0.0007489636493157214,-0.9292690792630498,True,False,False,False,1.1327682710466545,,,,,
s26,B_firmref,event_driven,C2_finbert_s1,5,1,2026,23855,569,996,4.879995510148637,1.2349119711101502e-06,7.162489432438872e-05,,False,4.2680992043499515,2.3100357625015636e-05,0.0014091218151259539,,False,True,True,False,1.148554459162104,-0.28241072740480194,,,,
s26,A_singleHAR,event_driven,C2_finbert_s1,10,1,2026,25001,569,991,-5.518076327799122,4.376100899209823e-08,2.5381385215416972e-06,-0.15688832736586572,True,-4.506302672573846,8.013312277991952e-06,0.00044874548756754934,-0.17266194256906395,True,False,False,False,1.2363765290734505,,,,,
s26,B_firmref,event_driven,C2_finbert_s1,10,1,2026,22785,569,991,6.332910047894545,3.643919952401065e-10,2.3685479690606923e-08,,False,5.184577371560109,3.014845581248092e-07,1.9295011719987788e-05,,False,True,True,False,1.2333131618073707,-1.222864920999435,,,,
s26,A_singleHAR,event_driven,C2_finbert_s1,20,1,2026,24732,568,981,-0.4952176797162795,0.6205574871070725,1.0,-0.4694467865982953,False,-0.32016844344553774,0.7489585925096659,1.0,-0.45358803344267906,False,False,False,False,1.5781104436056126,,,,,
s26,B_firmref,event_driven,C2_finbert_s1,20,1,2026,22318,568,981,-0.8127168803072325,0.41657778494284065,1.0,,False,-0.5838585721553102,0.5595476587455515,1.0,,False,False,False,False,1.4202061759544633,0.5777402830426177,,,,
ens,A_singleHAR,event_driven,C2_finbert_s1,5,3,2026+2027+2028,25109,569,996,-5.916488835944067,4.519790960158177e-09,2.621478756891743e-07,-1.7185280711027644,True,-5.194038866164756,2.8721096168321204e-07,1.7519868662675935e-05,-1.716656342528711,True,False,False,False,1.1442621417255163,,,,,
ens,B_firmref,event_driven,C2_finbert_s1,5,3,2026+2027+2028,23855,569,996,5.704469221239293,1.538449751007294e-08,9.538388456245223e-07,,False,4.962955629895793,9.190355125261998e-07,5.8230041854036834e-05,,False,True,True,False,1.1546265079136488,-0.06144458687600648,,,,
ens,A_singleHAR,event_driven,C2_finbert_s1,10,3,2026+2027+2028,25001,569,991,-5.683191175711201,1.738235892524939e-08,9.907944587392153e-07,0.956671989777124,True,-4.623149444431973,4.682929609697987e-06,0.0002528781989236913,0.898219167589487,True,False,False,False,1.2411884912535829,,,,,
ens,B_firmref,event_driven,C2_finbert_s1,10,3,2026+2027+2028,22785,569,991,6.27934614810235,5.081371835361601e-10,3.3028916929850406e-08,,False,4.964991545045087,9.098444039693255e-07,5.8230041854036834e-05,,False,True,True,False,1.2769659521231014,-0.665345769020464,,,,
ens,A_singleHAR,event_driven,C2_finbert_s1,20,3,2026+2027+2028,24732,568,981,-1.944580950733626,0.052111238784629414,0.6568554837965714,0.32528435381232945,False,-1.6458668831890189,0.10034533092397675,1.0,0.3390244189178305,False,False,False,False,1.20545526399941,,,,,
ens,B_firmref,event_driven,C2_finbert_s1,20,3,2026+2027+2028,22318,568,981,2.7252104191223587,0.006540541177045689,0.14389190589500517,,False,2.3950377202088937,0.01694214222040054,0.4743799821712151,,False,False,False,False,1.1609338131467095,-0.6133885371116714,,,,
s26,A_singleHAR,event_driven,C6_llmtext,5,1,2026,25109,569,996,-5.0439839407429865,5.416951736539056e-07,2.7626453856349187e-05,0.09780462521601527,True,-4.563693398691714,6.163984056300886e-06,0.0003513470912091505,0.04820844359578717,True,False,False,False,1.1102579986123495,,4.875256562885151e-06,5.547585650670797e-05,True,True
s26,B_firmref,event_driven,C6_llmtext,5,1,2026,23855,569,996,-4.979985795000874,7.493155109194081e-07,4.4958930655164484e-05,,True,-4.524867500042726,7.36351962315894e-06,0.00046390173625901325,,True,False,False,False,1.1055767897242,0.5184357464578844,5.994524087355265e-06,5.890815698527152e-05,True,True
s26,A_singleHAR,event_driven,C6_llmtext,10,1,2026,25001,569,991,-3.7577488053090367,0.00018146916177945083,0.007621704794736935,0.9450247416469738,True,-3.488039859450894,0.0005242474194240734,0.024115381293507376,0.9566126072037916,True,False,False,False,1.0877515557871567,,0.0007258766471178033,0.002621237097120367,True,True
s26,B_firmref,event_driven,C6_llmtext,10,1,2026,22785,569,991,-4.431976212674084,1.0379432190378499e-05,0.0005604893382804389,,True,-4.025637186640414,6.452963199251e-05,0.0037427186555655805,,True,False,False,False,1.1115940064433727,0.2436713506495467,6.227659314227099e-05,0.00038717779195506007,True,True
s26,A_singleHAR,event_driven,C6_llmtext,20,1,2026,24732,568,981,-1.9823432496516546,0.047719784499897465,1.0,1.113324442265921,False,-1.8205120601141647,0.06920805708120283,1.0,1.11853447814526,False,False,False,False,1.1109770139282578,,0.047719784499897465,0.06920805708120283,True,False
s26,B_firmref,event_driven,C6_llmtext,20,1,2026,22318,568,981,-3.5791928700599676,0.00036154751792180883,0.014100353198950545,,True,-3.2257792366204443,0.0013286838881989057,0.05979077496895076,,False,False,False,False,1.132062063431396,0.21486513845372623,0.0010846425537654266,0.003986051664596717,True,True
ens,A_singleHAR,event_driven,C6_llmtext,5,1,2026,25109,569,996,-5.0439839407429865,5.416951736539056e-07,2.5459673161733564e-05,0.09780462521601527,True,-4.563693398691714,6.163984056300886e-06,0.0003205271709276461,0.04820844359578717,True,False,False,False,1.1102579986123495,,4.875256562885151e-06,5.547585650670797e-05,True,True
ens,B_firmref,event_driven,C6_llmtext,5,1,2026,23855,569,996,-4.979985795000874,7.493155109194081e-07,4.2710984122406264e-05,,True,-4.524867500042726,7.36351962315894e-06,0.0004565382166358543,,True,False,False,False,1.1055767897242,0.5184357464578844,5.994524087355265e-06,5.890815698527152e-05,True,True
ens,A_singleHAR,event_driven,C6_llmtext,10,1,2026,25001,569,991,-3.7577488053090367,0.00018146916177945083,0.00653288982406023,0.9450247416469738,True,-3.488039859450894,0.0005242474194240734,0.02306688645465923,0.9566126072037916,True,False,False,False,1.0877515557871567,,0.0007258766471178033,0.002621237097120367,True,True
ens,B_firmref,event_driven,C6_llmtext,10,1,2026,22785,569,991,-4.431976212674084,1.0379432190378499e-05,0.0005293510417093034,,True,-4.025637186640414,6.452963199251e-05,0.0036136593915805605,,True,False,False,False,1.1115940064433727,0.2436713506495467,6.227659314227099e-05,0.00038717779195506007,True,True
ens,A_singleHAR,event_driven,C6_llmtext,20,1,2026,24732,568,981,-1.9823432496516546,0.047719784499897465,0.6568554837965714,1.113324442265921,False,-1.8205120601141647,0.06920805708120283,1.0,1.11853447814526,False,False,False,False,1.1109770139282578,,0.047719784499897465,0.06920805708120283,True,False
ens,B_firmref,event_driven,C6_llmtext,20,1,2026,22318,568,981,-3.5791928700599676,0.00036154751792180883,0.013377258163106927,,True,-3.2257792366204443,0.0013286838881989057,0.05713340719255294,,False,False,False,False,1.132062063431396,0.21486513845372623,0.0010846425537654266,0.003986051664596717,True,True
s26,A_singleHAR,event_driven,D2_gated_fusion,5,1,2026,25109,569,996,-0.6945131570595929,0.4875225831423109,1.0,3.022144700618944,False,-0.6479568211837525,0.5172747044879894,1.0,2.9609095124823313,False,False,False,False,1.0767158011690687,,,,,
s26,B_firmref,event_driven,D2_gated_fusion,5,1,2026,23855,569,996,-1.3428369057333207,0.17963103046662937,1.0,,False,-1.2231817081827832,0.22176829928584676,1.0,,False,False,False,False,1.1028056078253416,0.37786575170661646,,,,
s26,A_singleHAR,event_driven,D2_gated_fusion,10,1,2026,25001,569,991,-0.5574436134302582,0.577350387062069,1.0,-0.18616562467284745,False,-0.5444438349714981,0.5863497563404693,1.0,-0.17842222529456758,False,False,False,False,1.0337874762695844,,,,,
s26,B_firmref,event_driven,D2_gated_fusion,10,1,2026,22785,569,991,-0.6332851064616768,0.5266937400192032,1.0,,False,-0.6091914609485274,0.5426411192207117,1.0,,False,False,False,False,1.0496122100282814,0.13734351235112682,,,,
s26,A_singleHAR,event_driven,D2_gated_fusion,20,1,2026,24732,568,981,2.9990243816931303,0.002776880963635993,0.08330642890907979,-0.35749427583488014,False,2.831892081583963,0.004791719537987704,0.17250190336755733,-0.3516917921177355,False,False,False,False,1.0804957797236383,,,,,
s26,B_firmref,event_driven,D2_gated_fusion,20,1,2026,22318,568,981,2.928236913376875,0.003487786426133455,0.10463359278400365,,False,2.801025769231716,0.005267891250564393,0.19491197627088255,,False,False,False,False,1.066617940555249,-4.597713366435835,,,,
ens,A_singleHAR,event_driven,D2_gated_fusion,5,3,2026+2027+2028,25109,569,996,-1.6982421674575823,0.08977471817764157,0.9875218999540573,2.9963847143809583,False,-1.5839641606992956,0.11375846069305488,1.0,2.9331152102707874,False,False,False,False,1.0770129975737377,,,,,
ens,B_firmref,event_driven,D2_gated_fusion,5,3,2026+2027+2028,23855,569,996,-2.146881492811954,0.03204386852559486,0.5447457649351126,,False,-1.9584640280716226,0.05066457660066849,0.9559561415111663,,False,False,False,False,1.1011821126370611,0.22594131536812959,,,,
ens,A_singleHAR,event_driven,D2_gated_fusion,10,3,2026+2027+2028,25001,569,991,-0.41684527256612947,0.6768819514991852,1.0,-0.19695597538176052,False,-0.3773683163924187,0.7060408663834628,1.0,-0.18919364021324628,False,False,False,False,1.1153029557806715,,,,,
ens,B_firmref,event_driven,D2_gated_fusion,10,3,2026+2027+2028,22785,569,991,-0.9377852647449789,0.3485834950575161,1.0,,False,-0.8180466552375713,0.4136735830194842,1.0,,False,False,False,False,1.1574673203326773,0.0497315111588186,,,,
ens,A_singleHAR,event_driven,D2_gated_fusion,20,3,2026+2027+2028,24732,568,981,3.5464633871153026,0.00040891527445036547,0.013903119331312426,-0.4378879731686508,False,3.340726619394123,0.000890557664486721,0.03698303742202758,-0.43159239036771063,False,True,True,False,1.0831143769297065,,,,,
ens,B_firmref,event_driven,D2_gated_fusion,20,3,2026+2027+2028,22318,568,981,4.004729491746128,6.6780893060631e-05,0.002938359294667764,,False,3.8255953822552042,0.00014494365345748197,0.007682013633246544,,False,True,True,False,1.0680557661749206,-7.992304558550873,,,,
s26,A_singleHAR,event_driven,D4_llmfused,5,1,2026,25109,569,996,3.374459099814402,0.0007681612578290608,0.029423334369530083,1.5790303697057624,False,3.318167594929944,0.0009640840284427127,0.040491529194593937,1.519644116883019,False,True,True,False,1.0215803389642415,,,,,
s26,B_firmref,event_driven,D4_llmfused,5,1,2026,23855,569,996,3.194192407098731,0.0014462929490719199,0.047727667319373356,,False,3.126321617684351,0.001860584457436049,0.07628396275487802,,False,True,False,False,1.0263467098354389,-0.07151316092774236,,,,
s26,A_singleHAR,event_driven,D4_llmfused,10,1,2026,25001,569,991,0.6577367535219839,0.5108602006162112,1.0,-0.07747876031786323,False,0.6405532789832856,0.5220712884982587,1.0,-0.07895426360225496,False,False,False,False,1.0367648355471857,,,,,
s26,B_firmref,event_driven,D4_llmfused,10,1,2026,22785,569,991,0.9139820344370148,0.3609488243039513,1.0,,False,0.8868598726981017,0.37552969165275635,1.0,,False,False,False,False,1.040557445398102,-0.02085847604535338,,,,
s26,A_singleHAR,event_driven,D4_llmfused,20,1,2026,24732,568,981,4.692019558122433,3.0892228686055044e-06,0.00015137192056166972,-0.18651326630597084,False,4.363897231696719,1.5183834394070994e-05,0.0008199270572798337,-0.18117350982213032,False,True,True,False,1.0969960826728045,,,,,
s26,B_firmref,event_driven,D4_llmfused,20,1,2026,22318,568,981,3.4799065321392475,0.0005236770510095761,0.019376050887354314,,False,3.2057702225066285,0.001422825743094319,0.06260433269615003,,False,True,False,False,1.1075286415604675,-0.25119337863101604,,,,
ens,A_singleHAR,event_driven,D4_llmfused,5,1,2026,25109,569,996,3.374459099814402,0.0007681612578290608,0.02414222307243494,1.5790303697057624,False,3.318167594929944,0.0009640840284427127,0.03856336113770851,1.519644116883019,False,True,True,False,1.0215803389642415,,,,,
ens,B_firmref,event_driven,D4_llmfused,5,1,2026,23855,569,996,3.194192407098731,0.0014462929490719199,0.04010853831863606,,False,3.126321617684351,0.001860584457436049,0.07256279384000591,,False,True,False,False,1.0263467098354389,-0.07151316092774236,,,,
ens,A_singleHAR,event_driven,D4_llmfused,10,1,2026,25001,569,991,0.6577367535219839,0.5108602006162112,1.0,-0.07747876031786323,False,0.6405532789832856,0.5220712884982587,1.0,-0.07895426360225496,False,False,False,False,1.0367648355471857,,,,,
ens,B_firmref,event_driven,D4_llmfused,10,1,2026,22785,569,991,0.9139820344370148,0.3609488243039513,1.0,,False,0.8868598726981017,0.37552969165275635,1.0,,False,False,False,False,1.040557445398102,-0.02085847604535338,,,,
ens,A_singleHAR,event_driven,D4_llmfused,20,1,2026,24732,568,981,4.692019558122433,3.0892228686055044e-06,0.0001359258062186422,-0.18651326630597084,False,4.363897231696719,1.5183834394070994e-05,0.0007743755540976208,-0.18117350982213032,False,True,True,False,1.0969960826728045,,,,,
ens,B_firmref,event_driven,D4_llmfused,20,1,2026,22318,568,981,3.4799065321392475,0.0005236770510095761,0.018328696785335163,,False,3.2057702225066285,0.001422825743094319,0.059758681209961396,,False,True,False,False,1.1075286415604675,-0.25119337863101604,,,,
