disclosure,horizon,loss,model,block,is_benchmark,n_obs,n_days,mean_loss_common,mean_loss_diff_vs_har,mcs_p,in_mcs90,is_spa_best_challenger,arch_in_mcs90
long_form,5,qlike,A1_hv,price,False,7550,792,0.21592687143214612,-0.09984435172367764,0.0,False,False,False
long_form,5,qlike,A2_har_rv,price,True,7550,792,0.11608251970846847,0.0,0.2025,True,False,True
long_form,5,qlike,A3_garch,price,False,7550,792,0.1315848601118696,-0.015502340403401121,0.0255,False,False,False
long_form,5,qlike,A4_egarch,price,False,7550,792,0.1237641999333148,-0.007681680224846332,0.2025,True,False,True
long_form,5,qlike,A5_arima,price,False,7550,792,0.12937019760884677,-0.013287677900378297,0.0255,False,False,False
long_form,5,qlike,A6_harq,price,False,7550,792,0.11770527220078268,-0.0016227524923142084,0.2025,True,False,True
long_form,5,qlike,A6_shar,price,False,7550,792,0.11680641088887846,-0.0007238911804099829,0.2025,True,False,True
long_form,5,qlike,A7_harx_vix,price,False,7550,792,0.11381978293542105,0.002262736773047419,0.2025,True,True,True
long_form,5,qlike,B1_bow_ridge,text,False,7550,792,0.2744563412980591,-0.15837382158959065,0.0,False,False,False
long_form,5,qlike,B2_tfidf_ridge,text,False,7550,792,0.20852975486187109,-0.09244723515340261,0.0,False,False,False
long_form,5,qlike,B3_lm_linear,text,False,7550,792,0.19713487289529616,-0.08105235318682769,0.0,False,False,False
long_form,5,qlike,B4_lm_features,text,False,7550,792,0.21227880620154824,-0.09619628649307976,0.0,False,False,False
long_form,5,qlike,C1_bert_s1,text,False,7550,792,0.23559977864158685,-0.11951725893311838,0.0,False,False,False
long_form,5,qlike,C2_finbert_s1,text,False,7550,792,0.19310936807332946,-0.07702684836486098,0.0,False,False,False
long_form,5,qlike,C3_roberta_s1,text,False,7550,792,0.23548381595755996,-0.11940129624909149,0.0,False,False,False
long_form,5,qlike,C4_longformer,text,False,7550,792,0.18053895255532668,-0.0644564328468582,0.0,False,False,False
long_form,5,qlike,C5_qwen3,text,False,7550,792,0.14272325538974573,-0.026640735681277256,0.0005,False,False,False
long_form,5,qlike,C5_gteqwen2,text,False,7550,792,0.1431536997157184,-0.027071180007249923,0.0005,False,False,False
long_form,5,qlike,C5_e5mistral,text,False,7550,792,0.1492834097471797,-0.03320089003871124,0.0005,False,False,False
long_form,5,qlike,C6_llmtext,text,False,7550,792,0.19117781588995936,-0.07509529618149088,0.0,False,False,False
long_form,5,qlike,D1_concat_mlp,fusion,False,7550,792,0.12195554023345312,-0.005873020524984646,0.2025,True,False,True
long_form,5,qlike,D2_gated_fusion,fusion,False,7550,792,0.1385477881426436,-0.022465268434175123,0.0015,False,False,False
long_form,5,qlike,D3_qwen3,fusion,False,7550,792,0.1350182564145787,-0.018935736706110234,0.004,False,False,False
long_form,5,qlike,D3_e5mistral,fusion,False,7550,792,0.12952019352655772,-0.013437673818089246,0.0255,False,False,False
long_form,5,qlike,D3_gteqwen2,fusion,False,7550,792,0.126041283611545,-0.00995876390307654,0.036,False,False,False
long_form,5,qlike,D4_llmfused,fusion,False,7550,792,0.2213100773030443,-0.10522755759457583,0.0,False,False,False
long_form,5,se,A1_hv,price,False,7550,792,0.07454415296797859,-0.05355035653272934,0.001,False,False,False
long_form,5,se,A2_har_rv,price,True,7550,792,0.020993796435249245,0.0,0.2455,True,False,True
long_form,5,se,A3_garch,price,False,7550,792,0.03831533505292534,-0.017321538617676092,0.001,False,False,False
long_form,5,se,A4_egarch,price,False,7550,792,0.03803901898125311,-0.017045222546003862,0.037,False,False,False
long_form,5,se,A5_arima,price,False,7550,792,0.02944554056715559,-0.008451744131906344,0.0065,False,False,False
long_form,5,se,A6_harq,price,False,7550,792,0.021583321196005218,-0.0005895247607559731,0.2455,True,False,True
long_form,5,se,A6_shar,price,False,7550,792,0.021159425629557183,-0.00016562919430793827,0.2455,True,False,True
long_form,5,se,A7_harx_vix,price,False,7550,792,0.020487361706058197,0.0005064347291910479,0.2455,True,True,True
long_form,5,se,B1_bow_ridge,text,False,7550,792,0.0342161946081783,-0.013222398172929053,0.001,False,False,False
long_form,5,se,B2_tfidf_ridge,text,False,7550,792,0.029105933447739485,-0.00811213701249024,0.001,False,False,False
long_form,5,se,B3_lm_linear,text,False,7550,792,0.030156342698321816,-0.009162546263072571,0.001,False,False,False
long_form,5,se,B4_lm_features,text,False,7550,792,0.03153621078481474,-0.010542414349565498,0.001,False,False,False
long_form,5,se,C1_bert_s1,text,False,7550,792,0.03223248519210646,-0.011238688756857216,0.001,False,False,False
long_form,5,se,C2_finbert_s1,text,False,7550,792,0.029719632828752666,-0.008725836393503422,0.001,False,False,False
long_form,5,se,C3_roberta_s1,text,False,7550,792,0.032296380056969325,-0.01130258362172008,0.001,False,False,False
long_form,5,se,C4_longformer,text,False,7550,792,0.028151528042060784,-0.007157731606811539,0.005,False,False,False
long_form,5,se,C5_qwen3,text,False,7550,792,0.0251744173455772,-0.004180620910327955,0.037,False,False,False
long_form,5,se,C5_gteqwen2,text,False,7550,792,0.025338366310204613,-0.004344569874955368,0.037,False,False,False
long_form,5,se,C5_e5mistral,text,False,7550,792,0.025857694346725777,-0.004863897911476532,0.037,False,False,False
long_form,5,se,C6_llmtext,text,False,7550,792,0.02926342099805219,-0.008269624562802946,0.001,False,False,False
long_form,5,se,D1_concat_mlp,fusion,False,7550,792,0.021540223381206907,-0.0005464269459576621,0.2455,True,False,True
long_form,5,se,D2_gated_fusion,fusion,False,7550,792,0.02304806581975048,-0.002054269384501234,0.037,False,False,False
long_form,5,se,D3_qwen3,fusion,False,7550,792,0.022868930510360742,-0.0018751340751114974,0.037,False,False,False
long_form,5,se,D3_e5mistral,fusion,False,7550,792,0.02233275342692765,-0.0013389569916784048,0.037,False,False,False
long_form,5,se,D3_gteqwen2,fusion,False,7550,792,0.02184531522318473,-0.0008515187879354867,0.2455,True,False,True
long_form,5,se,D4_llmfused,fusion,False,7550,792,0.06397727286217914,-0.04298347642692989,0.0,False,False,False
long_form,10,qlike,A1_hv,price,False,7167,766,0.12490532123526657,-0.043672722096996616,0.0,False,False,False
long_form,10,qlike,A2_har_rv,price,True,7167,766,0.08123259913826995,0.0,0.113,True,False,True
long_form,10,qlike,A3_garch,price,False,7167,766,0.09545985002176426,-0.014227250883494302,0.113,True,False,True
long_form,10,qlike,A4_egarch,price,False,7167,766,0.08851376941472841,-0.007281170276458457,0.113,True,False,True
long_form,10,qlike,A5_arima,price,False,7167,766,0.09007174465423941,-0.008839145515969454,0.113,True,False,True
long_form,10,qlike,A6_harq,price,False,7167,766,0.0821668408476886,-0.0009342417094186511,0.113,True,False,True
long_form,10,qlike,A6_shar,price,False,7167,766,0.08140977071695468,-0.00017717157868472888,0.113,True,False,True
long_form,10,qlike,A7_harx_vix,price,False,7167,766,0.07897497799960172,0.002257621138668231,0.113,True,True,True
long_form,10,qlike,B1_bow_ridge,text,False,7167,766,0.21763202989241423,-0.1363994307541443,0.0,False,False,False
long_form,10,qlike,B2_tfidf_ridge,text,False,7167,766,0.15580655187423528,-0.07457395273596533,0.0,False,False,False
long_form,10,qlike,B3_lm_linear,text,False,7167,766,0.14951975940812662,-0.06828716026985666,0.0,False,False,False
long_form,10,qlike,B4_lm_features,text,False,7167,766,0.15407176082690874,-0.07283916168863878,0.0,False,False,False
long_form,10,qlike,C1_bert_s1,text,False,7167,766,0.14273266211752278,-0.061500062979252826,0.0015,False,False,False
long_form,10,qlike,C2_finbert_s1,text,False,7167,766,0.17489887802931794,-0.09366627889104799,0.0,False,False,False
long_form,10,qlike,C3_roberta_s1,text,False,7167,766,0.1524957000020392,-0.07126310086376923,0.0,False,False,False
long_form,10,qlike,C4_longformer,text,False,7167,766,0.14279786423359087,-0.06156526509532091,0.0015,False,False,False
long_form,10,qlike,C5_qwen3,text,False,7167,766,0.10759288367765026,-0.026360284539380302,0.0015,False,False,False
long_form,10,qlike,C5_gteqwen2,text,False,7167,766,0.10781098989564866,-0.02657839075737871,0.0015,False,False,False
long_form,10,qlike,C5_e5mistral,text,False,7167,766,0.1056913658279475,-0.024458766689677544,0.0015,False,False,False
long_form,10,qlike,C6_llmtext,text,False,7167,766,0.16396962293058848,-0.08273702379231852,0.0,False,False,False
long_form,10,qlike,D1_concat_mlp,fusion,False,7167,766,0.09815091676584042,-0.01691831762757047,0.0395,False,False,False
long_form,10,qlike,D2_gated_fusion,fusion,False,7167,766,0.0919160556419044,-0.010683456503634448,0.113,True,False,True
long_form,10,qlike,D3_qwen3,fusion,False,7167,766,0.0946634116246019,-0.013430812486331947,0.113,True,False,True
long_form,10,qlike,D3_e5mistral,fusion,False,7167,766,0.09016897784488426,-0.008936378706614304,0.113,True,False,True
long_form,10,qlike,D3_gteqwen2,fusion,False,7167,766,0.0865841054081117,-0.005351506269841752,0.113,True,False,True
long_form,10,qlike,D4_llmfused,fusion,False,7167,766,0.12789315344803745,-0.046660554309767496,0.0015,False,False,False
long_form,10,se,A1_hv,price,False,7167,766,0.05299720020625967,-0.036338644208717456,0.004,False,False,False
long_form,10,se,A2_har_rv,price,True,7167,766,0.016658555997542214,0.0,0.577,True,False,True
long_form,10,se,A3_garch,price,False,7167,766,0.03145361829730963,-0.014795062299767417,0.017,False,False,False
long_form,10,se,A4_egarch,price,False,7167,766,0.030820114913186137,-0.014161558915643923,0.078,False,False,False
long_form,10,se,A5_arima,price,False,7167,766,0.023051316666600343,-0.006392760669058129,0.078,False,False,False
long_form,10,se,A6_harq,price,False,7167,766,0.017052837848465938,-0.00039428185092372364,0.577,True,False,True
long_form,10,se,A6_shar,price,False,7167,766,0.016760536905602415,-0.00010198090806020146,0.577,True,False,True
long_form,10,se,A7_harx_vix,price,False,7167,766,0.01614362780754118,0.0005149281900010336,0.577,True,True,True
long_form,10,se,B1_bow_ridge,text,False,7167,766,0.027996828959672038,-0.011338272962129824,0.017,False,False,False
long_form,10,se,B2_tfidf_ridge,text,False,7167,766,0.023972226282026356,-0.007313670284484142,0.0305,False,False,False
long_form,10,se,B3_lm_linear,text,False,7167,766,0.025039090179141923,-0.00838053418159971,0.017,False,False,False
long_form,10,se,B4_lm_features,text,False,7167,766,0.025462451987191524,-0.00880389598964931,0.017,False,False,False
long_form,10,se,C1_bert_s1,text,False,7167,766,0.024048814557144367,-0.007390258559602153,0.041,False,False,False
long_form,10,se,C2_finbert_s1,text,False,7167,766,0.02592377098627142,-0.009265214988729207,0.017,False,False,False
long_form,10,se,C3_roberta_s1,text,False,7167,766,0.025080768860217522,-0.008422212862675308,0.017,False,False,False
long_form,10,se,C4_longformer,text,False,7167,766,0.023152088330834587,-0.006493532333292373,0.069,False,False,False
long_form,10,se,C5_qwen3,text,False,7167,766,0.020908459466011147,-0.004249903468468933,0.078,False,False,False
long_form,10,se,C5_gteqwen2,text,False,7167,766,0.020970916304506784,-0.0043123603069645695,0.069,False,False,False
long_form,10,se,C5_e5mistral,text,False,7167,766,0.0205234516632541,-0.003864895665711885,0.078,False,False,False
long_form,10,se,C6_llmtext,text,False,7167,766,0.02625552958207606,-0.009596973584533847,0.017,False,False,False
long_form,10,se,D1_concat_mlp,fusion,False,7167,766,0.01855182551003091,-0.0018932695124886968,0.078,False,False,False
long_form,10,se,D2_gated_fusion,fusion,False,7167,766,0.0177904420088122,-0.001131886011269987,0.0965,False,False,True
long_form,10,se,D3_qwen3,fusion,False,7167,766,0.018206964104014834,-0.00154840810647262,0.078,False,False,False
long_form,10,se,D3_e5mistral,fusion,False,7167,766,0.017774279273296608,-0.001115723275754394,0.078,False,False,False
long_form,10,se,D3_gteqwen2,fusion,False,7167,766,0.017151260858627497,-0.000492704861085283,0.577,True,False,True
long_form,10,se,D4_llmfused,fusion,False,7167,766,0.03908033087967268,-0.022421774882130464,0.017,False,False,False
long_form,20,qlike,A1_hv,price,False,7097,765,0.07921268573234713,-0.019606927183488297,0.042,False,False,False
long_form,20,qlike,A2_har_rv,price,True,7097,765,0.059605758548858835,0.0,0.103,True,False,True
long_form,20,qlike,A3_garch,price,False,7097,765,0.07312150058917496,-0.01351574204031613,0.103,True,False,True
long_form,20,qlike,A4_egarch,price,False,7097,765,0.06921134593925903,-0.00960558739040019,0.103,True,False,True
long_form,20,qlike,A5_arima,price,False,7097,765,0.06470410372159277,-0.0050983451727339354,0.103,True,False,True
long_form,20,qlike,A6_harq,price,False,7097,765,0.059899744263434834,-0.00029398571457599915,0.103,True,False,True
long_form,20,qlike,A6_shar,price,False,7097,765,0.059104639308629234,0.0005011192402296014,0.103,True,False,True
long_form,20,qlike,A7_harx_vix,price,False,7097,765,0.056625086526458396,0.0029806720224004393,0.103,True,True,True
long_form,20,qlike,B1_bow_ridge,text,False,7097,765,0.16269752241198965,-0.10309176386313082,0.0005,False,False,False
long_form,20,qlike,B2_tfidf_ridge,text,False,7097,765,0.12685022700641263,-0.0672444684575538,0.0055,False,False,False
long_form,20,qlike,B3_lm_linear,text,False,7097,765,0.11743099503726867,-0.057825236488409835,0.0025,False,False,False
long_form,20,qlike,B4_lm_features,text,False,7097,765,0.11939642822998346,-0.05979066968112463,0.001,False,False,False
long_form,20,qlike,C1_bert_s1,text,False,7097,765,0.11948380035074611,-0.05987804180188728,0.0105,False,False,False
long_form,20,qlike,C2_finbert_s1,text,False,7097,765,0.11088185643894578,-0.05127609789008695,0.016,False,False,False
long_form,20,qlike,C3_roberta_s1,text,False,7097,765,0.11903403623139096,-0.05942827768253212,0.008,False,False,False
long_form,20,qlike,C4_longformer,text,False,7097,765,0.09427243639090196,-0.03466667784204313,0.042,False,False,False
long_form,20,qlike,C5_qwen3,text,False,7097,765,0.08683165014510404,-0.0272258915962452,0.0105,False,False,False
long_form,20,qlike,C5_gteqwen2,text,False,7097,765,0.08704008430013843,-0.027434325751279597,0.0105,False,False,False
long_form,20,qlike,C5_e5mistral,text,False,7097,765,0.08536201304866878,-0.025756254499809943,0.0105,False,False,False
long_form,20,qlike,C6_llmtext,text,False,7097,765,0.15620750994374386,-0.09660175139488503,0.0,False,False,False
long_form,20,qlike,D1_concat_mlp,fusion,False,7097,765,0.07664217304361845,-0.017036414494759615,0.042,False,False,False
long_form,20,qlike,D2_gated_fusion,fusion,False,7097,765,0.0769697322533411,-0.017363973704482262,0.103,True,False,True
long_form,20,qlike,D3_qwen3,fusion,False,7097,765,0.06620421998522132,-0.006598461436362481,0.103,True,False,True
long_form,20,qlike,D3_e5mistral,fusion,False,7097,765,0.0635548533075876,-0.0039490947587287675,0.103,True,False,True
long_form,20,qlike,D3_gteqwen2,fusion,False,7097,765,0.0627683666664,-0.0031626081175411616,0.103,True,False,True
long_form,20,qlike,D4_llmfused,fusion,False,7097,765,0.08911371217902721,-0.029507953630168372,0.042,False,False,False
long_form,20,se,A1_hv,price,False,7097,765,0.02411982574342234,-0.012314991511339315,0.011,False,False,False
long_form,20,se,A2_har_rv,price,True,7097,765,0.011804834232083023,0.0,0.2345,True,False,True
long_form,20,se,A3_garch,price,False,7097,765,0.023729958430851104,-0.01192512419876808,0.0185,False,False,False
long_form,20,se,A4_egarch,price,False,7097,765,0.01805537799999622,-0.006250543767913196,0.0395,False,False,False
long_form,20,se,A5_arima,price,False,7097,765,0.01589424207778112,-0.004089407845698098,0.049,False,False,False
long_form,20,se,A6_harq,price,False,7097,765,0.012104981893791967,-0.00030014766170894346,0.2345,True,False,True
long_form,20,se,A6_shar,price,False,7097,765,0.01181632862166636,-1.1494389583336859e-05,0.2345,True,False,True
long_form,20,se,A7_harx_vix,price,False,7097,765,0.011156007426912497,0.0006488268051705257,0.2345,True,True,True
long_form,20,se,B1_bow_ridge,text,False,7097,765,0.020397500391078103,-0.00859266615899508,0.011,False,False,False
long_form,20,se,B2_tfidf_ridge,text,False,7097,765,0.018477917638580546,-0.006673083406497523,0.0225,False,False,False
long_form,20,se,B3_lm_linear,text,False,7097,765,0.019073608681385423,-0.0072687744493023995,0.0185,False,False,False
long_form,20,se,B4_lm_features,text,False,7097,765,0.01923801534971888,-0.007433181117635856,0.0185,False,False,False
long_form,20,se,C1_bert_s1,text,False,7097,765,0.018593531298649053,-0.00678869706656603,0.0225,False,False,False
long_form,20,se,C2_finbert_s1,text,False,7097,765,0.01766724690690858,-0.005862412674825557,0.036,False,False,False
long_form,20,se,C3_roberta_s1,text,False,7097,765,0.01921432023951654,-0.0074094860074335155,0.0185,False,False,False
long_form,20,se,C4_longformer,text,False,7097,765,0.016409397182481324,-0.004604562950398301,0.0395,False,False,False
long_form,20,se,C5_qwen3,text,False,7097,765,0.01612764600116093,-0.004322811769077908,0.0225,False,False,False
long_form,20,se,C5_gteqwen2,text,False,7097,765,0.01617238586700735,-0.004367551634924326,0.0185,False,False,False
long_form,20,se,C5_e5mistral,text,False,7097,765,0.015783847022621356,-0.003979012790538333,0.0225,False,False,False
long_form,20,se,C6_llmtext,text,False,7097,765,0.022151450590431634,-0.01034661635834861,0.005,False,False,False
long_form,20,se,D1_concat_mlp,fusion,False,7097,765,0.013757656038649,-0.0019528218065659776,0.049,False,False,False
long_form,20,se,D2_gated_fusion,fusion,False,7097,765,0.013742182949618844,-0.0019373487175358209,0.0645,False,False,False
long_form,20,se,D3_qwen3,fusion,False,7097,765,0.012507327956379639,-0.000702493724296616,0.2345,True,False,True
long_form,20,se,D3_e5mistral,fusion,False,7097,765,0.012172155451393387,-0.0003673212193103636,0.2345,True,False,True
long_form,20,se,D3_gteqwen2,fusion,False,7097,765,0.012020092057935347,-0.00021525782585232398,0.2345,True,False,True
long_form,20,se,D4_llmfused,fusion,False,7097,765,0.024719363182250542,-0.012914528950167519,0.014,False,False,False
event_driven,5,qlike,A1_hv,price,False,23855,996,0.22081163401751522,-0.09820047962514845,0.0,False,False,False
event_driven,5,qlike,A2_har_rv,price,True,23855,996,0.12261115439236676,0.0,0.0495,False,False,False
event_driven,5,qlike,A3_garch,price,False,23855,996,0.12662914619468835,-0.004017991802321583,0.0495,False,False,False
event_driven,5,qlike,A4_egarch,price,False,23855,996,0.13065208565008946,-0.008040931257722692,0.0275,False,False,False
event_driven,5,qlike,A5_arima,price,False,23855,996,0.13319909982884665,-0.010587945436479881,0.0075,False,False,False
event_driven,5,qlike,A6_harq,price,False,23855,996,0.1220159049193342,0.0005952494730325636,0.0495,False,False,False
event_driven,5,qlike,A6_shar,price,False,23855,996,0.1222229236290152,0.0003882307633515658,0.0495,False,False,False
event_driven,5,qlike,A7_harx_vix,price,False,23855,996,0.11945503549931981,0.0031561188930469553,1.0,True,True,True
event_driven,5,qlike,B1_bow_ridge,text,False,23855,996,0.25156339756846435,-0.1289522431760976,0.0,False,False,False
event_driven,5,qlike,B2_tfidf_ridge,text,False,23855,996,0.24775613940183816,-0.1251449850094714,0.0,False,False,False
event_driven,5,qlike,B3_lm_linear,text,False,23855,996,0.22212456974014846,-0.0995134153477817,0.0,False,False,False
event_driven,5,qlike,B4_lm_features,text,False,23855,996,0.21833143476752845,-0.09572028037516168,0.0,False,False,False
event_driven,5,qlike,C1_bert_s1,text,False,23855,996,0.1967916416097458,-0.07418048721737903,0.0,False,False,False
event_driven,5,qlike,C2_finbert_s1,text,False,23855,996,0.1646982242769657,-0.04208706988459894,0.0,False,False,False
event_driven,5,qlike,C3_roberta_s1,text,False,23855,996,0.1754860904981878,-0.052874936105821044,0.0,False,False,False
event_driven,5,qlike,C4_longformer,text,False,23855,996,0.18773227210719312,-0.06512111771482636,0.0,False,False,False
event_driven,5,qlike,C5_qwen3,text,False,23855,996,0.15983412049480908,-0.037222966102442315,0.0,False,False,False
event_driven,5,qlike,C5_gteqwen2,text,False,23855,996,0.16073436234420038,-0.03812320795183362,0.0,False,False,False
event_driven,5,qlike,C5_e5mistral,text,False,23855,996,0.17349577202506286,-0.0508846176326961,0.0,False,False,False
event_driven,5,qlike,C6_llmtext,text,False,23855,996,0.19526452691218357,-0.07265337251981681,0.0,False,False,False
event_driven,5,qlike,C6_llmtext_llama70,text,False,23855,996,0.2018068026115605,-0.07919564821919374,0.0,False,False,False
event_driven,5,qlike,D1_concat_mlp,fusion,False,23855,996,0.1636473082047076,-0.04103615381234084,0.0,False,False,False
event_driven,5,qlike,D2_gated_fusion,fusion,False,23855,996,0.1577655263141285,-0.035154371921761726,0.0,False,False,False
event_driven,5,qlike,D3_qwen3,fusion,False,23855,996,0.13419612886976084,-0.01158497447739408,0.0075,False,False,False
event_driven,5,qlike,D3_e5mistral,fusion,False,23855,996,0.1348129145327753,-0.012201760140408538,0.0075,False,False,False
event_driven,5,qlike,D3_gteqwen2,fusion,False,23855,996,0.12848279690854306,-0.0058716425161762925,0.0495,False,False,False
event_driven,5,qlike,D4_llmfused,fusion,False,23855,996,0.2058141880505194,-0.08320303365815264,0.0,False,False,False
event_driven,5,se,A1_hv,price,False,23855,996,0.04082596509137596,-0.01685851138072842,0.0,False,False,False
event_driven,5,se,A2_har_rv,price,True,23855,996,0.02396745371064754,0.0,0.0425,False,False,False
event_driven,5,se,A3_garch,price,False,23855,996,0.027652484790300254,-0.0036850310796527133,0.001,False,False,False
event_driven,5,se,A4_egarch,price,False,23855,996,0.034960069027406296,-0.010992615316758755,0.0,False,False,False
event_driven,5,se,A5_arima,price,False,23855,996,0.028846365086435434,-0.0048789113757878935,0.0005,False,False,False
event_driven,5,se,A6_harq,price,False,23855,996,0.023776733215284663,0.00019072049536287758,0.2905,True,False,True
event_driven,5,se,A6_shar,price,False,23855,996,0.023882369776780623,8.508393386691751e-05,0.074,False,False,False
event_driven,5,se,A7_harx_vix,price,False,23855,996,0.023488236044412927,0.00047921766623461315,0.2905,True,True,True
event_driven,5,se,B1_bow_ridge,text,False,23855,996,0.04700387057153132,-0.023036416860883778,0.0,False,False,False
event_driven,5,se,B2_tfidf_ridge,text,False,23855,996,0.03655552595348238,-0.012588072242834841,0.0,False,False,False
event_driven,5,se,B3_lm_linear,text,False,23855,996,0.03625370459720453,-0.012286250886556986,0.0,False,False,False
event_driven,5,se,B4_lm_features,text,False,23855,996,0.03598374957329087,-0.012016295862643328,0.0,False,False,False
event_driven,5,se,C1_bert_s1,text,False,23855,996,0.033142522287650064,-0.009175068577002524,0.0,False,False,False
event_driven,5,se,C2_finbert_s1,text,False,23855,996,0.03022754411020419,-0.006260090399556651,0.0,False,False,False
event_driven,5,se,C3_roberta_s1,text,False,23855,996,0.031248128766036852,-0.0072806750553893115,0.0,False,False,False
event_driven,5,se,C4_longformer,text,False,23855,996,0.03198778786171556,-0.008020334151068016,0.0,False,False,False
event_driven,5,se,C5_qwen3,text,False,23855,996,0.030460216930696424,-0.006492763220048884,0.0,False,False,False
event_driven,5,se,C5_gteqwen2,text,False,23855,996,0.030559576653140828,-0.006592122942493287,0.0,False,False,False
event_driven,5,se,C5_e5mistral,text,False,23855,996,0.03202711794978888,-0.00805966423914134,0.0,False,False,False
event_driven,5,se,C6_llmtext,text,False,23855,996,0.03354213842168973,-0.00957468471104219,0.0,False,False,False
event_driven,5,se,C6_llmtext_llama70,text,False,23855,996,0.03387209433093989,-0.009904640620292351,0.0,False,False,False
event_driven,5,se,D1_concat_mlp,fusion,False,23855,996,0.02827344884664535,-0.00430599513599781,0.0,False,False,False
event_driven,5,se,D2_gated_fusion,fusion,False,23855,996,0.027943164210519636,-0.0039757104998720955,0.0005,False,False,False
event_driven,5,se,D3_qwen3,fusion,False,23855,996,0.025305980214376238,-0.0013385265037286972,0.0015,False,False,False
event_driven,5,se,D3_e5mistral,fusion,False,23855,996,0.025374636512281536,-0.0014071828016339952,0.001,False,False,False
event_driven,5,se,D3_gteqwen2,fusion,False,23855,996,0.02466044496872957,-0.0006929912580820284,0.0325,False,False,False
event_driven,5,se,D4_llmfused,fusion,False,23855,996,0.04371670241650019,-0.01974924870585265,0.0,False,False,False
event_driven,10,qlike,A1_hv,price,False,22785,991,0.12341249514743377,-0.03336637527400517,0.0,False,False,False
event_driven,10,qlike,A2_har_rv,price,True,22785,991,0.0900461198734286,0.0,0.135,True,False,True
event_driven,10,qlike,A3_garch,price,False,22785,991,0.09112031239141005,-0.001074192517981451,0.135,True,False,True
event_driven,10,qlike,A4_egarch,price,False,22785,991,0.0944046502836688,-0.004358530410240202,0.135,True,False,True
event_driven,10,qlike,A5_arima,price,False,22785,991,0.09744360766003086,-0.007397487786602264,0.0175,False,False,False
event_driven,10,qlike,A6_harq,price,False,22785,991,0.08886063660069944,0.0011854832727291598,0.135,True,False,True
event_driven,10,qlike,A6_shar,price,False,22785,991,0.0891893258777853,0.0008567939956432985,0.135,True,True,True
event_driven,10,qlike,A7_harx_vix,price,False,22785,991,0.08749246750436757,0.002553652369061035,0.135,True,False,True
event_driven,10,qlike,B1_bow_ridge,text,False,22785,991,0.2080851222273699,-0.11803900235394131,0.0,False,False,False
event_driven,10,qlike,B2_tfidf_ridge,text,False,22785,991,0.20869080217323754,-0.11864468229980894,0.0,False,False,False
event_driven,10,qlike,B3_lm_linear,text,False,22785,991,0.17909177694475778,-0.08904565707132918,0.0,False,False,False
event_driven,10,qlike,B4_lm_features,text,False,22785,991,0.17395393258670858,-0.08390781271327998,0.0,False,False,False
event_driven,10,qlike,C1_bert_s1,text,False,22785,991,0.16784101204745186,-0.07779489217402326,0.0,False,False,False
event_driven,10,qlike,C2_finbert_s1,text,False,22785,991,0.1748436566795589,-0.0847975368061303,0.0,False,False,False
event_driven,10,qlike,C3_roberta_s1,text,False,22785,991,0.16500388213622114,-0.07495776226279253,0.0,False,False,False
event_driven,10,qlike,C4_longformer,text,False,22785,991,0.1495229252609414,-0.05947680538751281,0.0,False,False,False
event_driven,10,qlike,C5_qwen3,text,False,22785,991,0.12372727438525825,-0.03368115451182965,0.0,False,False,False
event_driven,10,qlike,C5_gteqwen2,text,False,22785,991,0.12514406288144575,-0.03509794300801715,0.0,False,False,False
event_driven,10,qlike,C5_e5mistral,text,False,22785,991,0.13591220913149218,-0.04586608925806358,0.0,False,False,False
event_driven,10,qlike,C6_llmtext,text,False,22785,991,0.19441367218536157,-0.10436755231193297,0.0,False,False,False
event_driven,10,qlike,C6_llmtext_llama70,text,False,22785,991,0.22625722793934075,-0.13621110806591213,0.0,False,False,False
event_driven,10,qlike,D1_concat_mlp,fusion,False,22785,991,0.13168533860917453,-0.04163921873574593,0.0,False,False,False
event_driven,10,qlike,D2_gated_fusion,fusion,False,22785,991,0.1184210618969893,-0.028374942023560695,0.0,False,False,False
event_driven,10,qlike,D3_qwen3,fusion,False,22785,991,0.09636323863562586,-0.00631711876219726,0.0605,False,False,False
event_driven,10,qlike,D3_e5mistral,fusion,False,22785,991,0.09650543233229045,-0.006459312458861846,0.0475,False,False,False
event_driven,10,qlike,D3_gteqwen2,fusion,False,22785,991,0.09510077465379074,-0.005054654780362142,0.135,True,False,True
event_driven,10,qlike,D4_llmfused,fusion,False,22785,991,0.1258353993566316,-0.035789279483203,0.0,False,False,False
event_driven,10,se,A1_hv,price,False,22785,991,0.030680886405361867,-0.010016809620883124,0.002,False,False,False
event_driven,10,se,A2_har_rv,price,True,22785,991,0.020664076784478742,0.0,0.0225,False,False,False
event_driven,10,se,A3_garch,price,False,22785,991,0.023273090378543464,-0.0026090135940647213,0.008,False,False,False
event_driven,10,se,A4_egarch,price,False,22785,991,0.029584855249964407,-0.008920778465485665,0.002,False,False,False
event_driven,10,se,A5_arima,price,False,22785,991,0.023865651943277087,-0.003201575158798344,0.004,False,False,False
event_driven,10,se,A6_harq,price,False,22785,991,0.02033300806127393,0.00033106872320481234,0.865,True,True,True
event_driven,10,se,A6_shar,price,False,22785,991,0.02050605516392717,0.00015802162055157318,0.0875,False,False,False
event_driven,10,se,A7_harx_vix,price,False,22785,991,0.02029855183668712,0.000365524947791622,0.865,True,False,True
event_driven,10,se,B1_bow_ridge,text,False,22785,991,0.043121859572671124,-0.022457782788192382,0.002,False,False,False
event_driven,10,se,B2_tfidf_ridge,text,False,22785,991,0.0334084043452326,-0.01274432756075386,0.0,False,False,False
event_driven,10,se,B3_lm_linear,text,False,22785,991,0.03259890995596842,-0.011934833171489675,0.0,False,False,False
event_driven,10,se,B4_lm_features,text,False,22785,991,0.03218334386292621,-0.01151926707844747,0.0,False,False,False
event_driven,10,se,C1_bert_s1,text,False,22785,991,0.03007395790755706,-0.009409881123078317,0.002,False,False,False
event_driven,10,se,C2_finbert_s1,text,False,22785,991,0.030576959273793017,-0.009912882489314274,0.002,False,False,False
event_driven,10,se,C3_roberta_s1,text,False,22785,991,0.030057836945353075,-0.009393760160874332,0.002,False,False,False
event_driven,10,se,C4_longformer,text,False,22785,991,0.02846562272478983,-0.007801545940311086,0.002,False,False,False
event_driven,10,se,C5_qwen3,text,False,22785,991,0.026930589998046886,-0.006266513213568144,0.002,False,False,False
event_driven,10,se,C5_gteqwen2,text,False,22785,991,0.027108931441601477,-0.0064448546571227346,0.002,False,False,False
event_driven,10,se,C5_e5mistral,text,False,22785,991,0.028459017158406368,-0.007794940373927625,0.002,False,False,False
event_driven,10,se,C6_llmtext,text,False,22785,991,0.03334617880606999,-0.01268210202159125,0.0,False,False,False
event_driven,10,se,C6_llmtext_llama70,text,False,22785,991,0.03312523685417264,-0.012461160069693895,0.0,False,False,False
event_driven,10,se,D1_concat_mlp,fusion,False,22785,991,0.025558496387052022,-0.00489441960257328,0.002,False,False,False
event_driven,10,se,D2_gated_fusion,fusion,False,22785,991,0.023896547573778452,-0.00323247078929971,0.002,False,False,False
event_driven,10,se,D3_qwen3,fusion,False,22785,991,0.021391433366704217,-0.0007273565822254746,0.009,False,False,False
event_driven,10,se,D3_e5mistral,fusion,False,22785,991,0.021403099639759473,-0.0007390228552807306,0.008,False,False,False
event_driven,10,se,D3_gteqwen2,fusion,False,22785,991,0.021267237240142116,-0.0006031604556633735,0.02,False,False,False
event_driven,10,se,D4_llmfused,fusion,False,22785,991,0.028725444496582327,-0.008061367712103584,0.002,False,False,False
event_driven,20,qlike,A1_hv,price,False,22318,981,0.08531821161576672,-0.015759687595530092,0.0,False,False,False
event_driven,20,qlike,A2_har_rv,price,True,22318,981,0.06955852402023663,0.0,0.125,True,False,True
event_driven,20,qlike,A3_garch,price,False,22318,981,0.06785384688379192,0.0017046771364447044,0.125,True,False,True
event_driven,20,qlike,A4_egarch,price,False,22318,981,0.07120836623880493,-0.001649842218568301,0.125,True,False,True
event_driven,20,qlike,A5_arima,price,False,22318,981,0.07377624497870669,-0.0042177209584700615,0.0345,False,False,False
event_driven,20,qlike,A6_harq,price,False,22318,981,0.06763151165751036,0.0019270123627262714,0.125,True,False,True
event_driven,20,qlike,A6_shar,price,False,22318,981,0.06800980686376314,0.001548717156473492,0.125,True,True,True
event_driven,20,qlike,A7_harx_vix,price,False,22318,981,0.06729931242526545,0.0022592115949711805,0.125,True,False,True
event_driven,20,qlike,B1_bow_ridge,text,False,22318,981,0.18688137065340577,-0.11732284663316914,0.0,False,False,False
event_driven,20,qlike,B2_tfidf_ridge,text,False,22318,981,0.1856138334447472,-0.11605530942451056,0.0,False,False,False
event_driven,20,qlike,B3_lm_linear,text,False,22318,981,0.15182117316354068,-0.08226264914330406,0.0,False,False,False
event_driven,20,qlike,B4_lm_features,text,False,22318,981,0.14651633882039528,-0.07695781480015865,0.0,False,False,False
event_driven,20,qlike,C1_bert_s1,text,False,22318,981,0.12817245614918793,-0.0586139321289513,0.0,False,False,False
event_driven,20,qlike,C2_finbert_s1,text,False,22318,981,0.11784661577478485,-0.04828809175454822,0.0,False,False,False
event_driven,20,qlike,C3_roberta_s1,text,False,22318,981,0.14661523334602217,-0.07705670932578554,0.0,False,False,False
event_driven,20,qlike,C4_longformer,text,False,22318,981,0.1391708227840631,-0.06961229876382646,0.0,False,False,False
event_driven,20,qlike,C5_qwen3,text,False,22318,981,0.09939069370873568,-0.029832169688499055,0.0,False,False,False
event_driven,20,qlike,C5_gteqwen2,text,False,22318,981,0.09922645020090679,-0.029667926180670157,0.0,False,False,False
event_driven,20,qlike,C5_e5mistral,text,False,22318,981,0.11263023279362884,-0.04307170877339221,0.0,False,False,False
event_driven,20,qlike,C6_llmtext,text,False,22318,981,0.2233984505660077,-0.15383992654577108,0.0,False,False,False
event_driven,20,qlike,C6_llmtext_llama70,text,False,22318,981,0.33601961314663176,-0.2664610891263951,0.0,False,False,False
event_driven,20,qlike,D1_concat_mlp,fusion,False,22318,981,0.10098826885114175,-0.03142974483090512,0.0,False,False,False
event_driven,20,qlike,D2_gated_fusion,fusion,False,22318,981,0.09440679641189002,-0.024848272391653395,0.0,False,False,False
event_driven,20,qlike,D3_qwen3,fusion,False,22318,981,0.073641663459529,-0.004083139439292366,0.125,True,False,True
event_driven,20,qlike,D3_e5mistral,fusion,False,22318,981,0.07384139635094736,-0.00428287233071073,0.0795,False,False,False
event_driven,20,qlike,D3_gteqwen2,fusion,False,22318,981,0.07246038017227892,-0.0029018561520422897,0.125,True,False,True
event_driven,20,qlike,D4_llmfused,fusion,False,22318,981,0.09446880897068685,-0.024910284950450223,0.0,False,False,False
event_driven,20,se,A1_hv,price,False,22318,981,0.021988594333394142,-0.005848740616624829,0.0075,False,False,False
event_driven,20,se,A2_har_rv,price,True,22318,981,0.016139853716769313,0.0,0.0615,False,False,False
event_driven,20,se,A3_garch,price,False,22318,981,0.018031697701836706,-0.001891843985067393,0.049,False,False,False
event_driven,20,se,A4_egarch,price,False,22318,981,0.022473903362333052,-0.006334049645563739,0.0115,False,False,False
event_driven,20,se,A5_arima,price,False,22318,981,0.01776647213015782,-0.0016266184133885073,0.0615,False,False,False
event_driven,20,se,A6_harq,price,False,22318,981,0.015787956149977057,0.0003518975667922558,0.2575,True,True,True
event_driven,20,se,A6_shar,price,False,22318,981,0.01592034746402713,0.0002195062527421826,0.2575,True,False,True
event_driven,20,se,A7_harx_vix,price,False,22318,981,0.0158241088181083,0.0003157448986610134,0.2575,True,False,True
event_driven,20,se,B1_bow_ridge,text,False,22318,981,0.03280795853260144,-0.016668104815832127,0.0,False,False,False
event_driven,20,se,B2_tfidf_ridge,text,False,22318,981,0.028819506263352723,-0.01267965254658341,0.0,False,False,False
event_driven,20,se,B3_lm_linear,text,False,22318,981,0.027518161214206447,-0.011378307497437134,0.0,False,False,False
event_driven,20,se,B4_lm_features,text,False,22318,981,0.027045086688847825,-0.010905232972078512,0.0,False,False,False
event_driven,20,se,C1_bert_s1,text,False,22318,981,0.02365175522232652,-0.007511901505557205,0.0075,False,False,False
event_driven,20,se,C2_finbert_s1,text,False,22318,981,0.02286852991039789,-0.006728676193628578,0.0075,False,False,False
event_driven,20,se,C3_roberta_s1,text,False,22318,981,0.02566247651537464,-0.009522622798605326,0.0015,False,False,False
event_driven,20,se,C4_longformer,text,False,22318,981,0.024782479880038677,-0.008642626163269364,0.0025,False,False,False
event_driven,20,se,C5_qwen3,text,False,22318,981,0.02179081373019779,-0.005650960013428477,0.0015,False,False,False
event_driven,20,se,C5_gteqwen2,text,False,22318,981,0.02177192372795007,-0.005632070011180757,0.0,False,False,False
event_driven,20,se,C5_e5mistral,text,False,22318,981,0.023539618756461652,-0.007399765039692339,0.0005,False,False,False
event_driven,20,se,C6_llmtext,text,False,22318,981,0.0324422969771229,-0.016302443260353586,0.0,False,False,False
event_driven,20,se,C6_llmtext_llama70,text,False,22318,981,0.034490661826269364,-0.01835080810950005,0.0,False,False,False
event_driven,20,se,D1_concat_mlp,fusion,False,22318,981,0.02010842730338061,-0.003968573586611297,0.0115,False,False,False
event_driven,20,se,D2_gated_fusion,fusion,False,22318,981,0.01925492940132225,-0.003115075684552937,0.0115,False,False,False
event_driven,20,se,D3_qwen3,fusion,False,22318,981,0.016596568890607084,-0.00045671517383777047,0.0615,False,False,False
event_driven,20,se,D3_e5mistral,fusion,False,22318,981,0.01661921564888634,-0.000479361932117027,0.0615,False,False,False
event_driven,20,se,D3_gteqwen2,fusion,False,22318,981,0.01643703391732677,-0.0002971802005574571,0.082,False,False,False
event_driven,20,se,D4_llmfused,fusion,False,22318,981,0.021718531035319653,-0.0055786773185503395,0.0075,False,False,False
combined,5,qlike,A1_hv,price,False,31405,996,0.21935775533918653,-0.09798622977653847,0.0,False,False,False
combined,5,qlike,A2_har_rv,price,True,31405,996,0.12137152556264806,0.0,0.077,False,False,False
combined,5,qlike,A3_garch,price,False,31405,996,0.1274912691217444,-0.0061197435590963495,0.022,False,False,False
combined,5,qlike,A4_egarch,price,False,31405,996,0.1296137087960889,-0.00824218323344085,0.022,False,False,False
combined,5,qlike,A5_arima,price,False,31405,996,0.13216259080498927,-0.010791065242341205,0.011,False,False,False
combined,5,qlike,A6_harq,price,False,31405,996,0.12119863386307436,0.000172891699573699,0.077,False,False,False
combined,5,qlike,A6_shar,price,False,31405,996,0.12107304142214664,0.0002984841405014177,0.077,False,False,False
combined,5,qlike,A7_harx_vix,price,False,31405,996,0.11812198173852205,0.003249543824126011,1.0,True,True,True
combined,5,qlike,B1_bow_ridge,text,False,31405,996,0.2261257131117743,-0.10475418754912623,0.0,False,False,False
combined,5,qlike,B2_tfidf_ridge,text,False,31405,996,0.23407462264224466,-0.1127030970795966,0.0,False,False,False
combined,5,qlike,B3_lm_linear,text,False,31405,996,0.21770055757257883,-0.09632903200993077,0.0,False,False,False
combined,5,qlike,B4_lm_features,text,False,31405,996,0.21344988158265202,-0.09207835602000396,0.0,False,False,False
combined,5,qlike,C1_bert_s1,text,False,31405,996,0.22985091640117633,-0.10847939083852827,0.0,False,False,False
combined,5,qlike,C2_finbert_s1,text,False,31405,996,0.21075954261254065,-0.08938801704989259,0.0,False,False,False
combined,5,qlike,C3_roberta_s1,text,False,31405,996,0.2097259213956459,-0.08835439583299783,0.0,False,False,False
combined,5,qlike,C4_longformer,text,False,31405,996,0.21444481339301913,-0.09307328783037107,0.0,False,False,False
combined,5,qlike,C5_qwen3,text,False,31405,996,0.1810233530252995,-0.05965182746265145,0.0,False,False,False
combined,5,qlike,C5_gteqwen2,text,False,31405,996,0.18186959756922969,-0.060498072006581624,0.0,False,False,False
combined,5,qlike,C5_e5mistral,text,False,31405,996,0.19777804457599496,-0.0764065190133469,0.0,False,False,False
combined,5,qlike,C6_llmtext,text,False,31405,996,0.19424838089884447,-0.07287685533619641,0.0,False,False,False
combined,5,qlike,D1_concat_mlp,fusion,False,31405,996,0.16078571652261123,-0.039414190959963166,0.0,False,False,False
combined,5,qlike,D2_gated_fusion,fusion,False,31405,996,0.16480378952127347,-0.043432263958625414,0.0,False,False,False
combined,5,qlike,D3_qwen3,fusion,False,31405,996,0.13237509451906487,-0.011003568956416812,0.011,False,False,False
combined,5,qlike,D3_e5mistral,fusion,False,31405,996,0.1339691550728565,-0.012597629510208444,0.011,False,False,False
combined,5,qlike,D3_gteqwen2,fusion,False,31405,996,0.12876575564232395,-0.0073942300796758925,0.022,False,False,False
combined,5,qlike,D4_llmfused,fusion,False,31405,996,0.2055833429229579,-0.08421181736030985,0.0,False,False,False
combined,5,se,A1_hv,price,False,31405,996,0.04481850726976881,-0.021559268692158202,0.0,False,False,False
combined,5,se,A2_har_rv,price,True,31405,996,0.02325923857761061,0.0,0.096,False,False,True
combined,5,se,A3_garch,price,False,31405,996,0.028872947267933935,-0.005613708690323325,0.0,False,False,False
combined,5,se,A4_egarch,price,False,31405,996,0.034738455982137054,-0.011479217404526443,0.0,False,False,False
combined,5,se,A5_arima,price,False,31405,996,0.028599589809609156,-0.0053403512319985455,0.0,False,False,False
combined,5,se,A6_harq,price,False,31405,996,0.023168283824627822,9.095475298278796e-05,0.116,True,False,True
combined,5,se,A6_shar,price,False,31405,996,0.02320052073528617,5.871784232443916e-05,0.116,True,False,True
combined,5,se,A7_harx_vix,price,False,31405,996,0.02272857710979112,0.0005306614678194897,0.116,True,True,True
combined,5,se,B1_bow_ridge,text,False,31405,996,0.03617017496299337,-0.012910936385382762,0.0,False,False,False
combined,5,se,B2_tfidf_ridge,text,False,31405,996,0.03475227307011811,-0.011493034492507503,0.0,False,False,False
combined,5,se,B3_lm_linear,text,False,31405,996,0.03497775386460352,-0.011718515286992911,0.0,False,False,False
combined,5,se,B4_lm_features,text,False,31405,996,0.03466966494927458,-0.011410426371663968,0.0,False,False,False
combined,5,se,C1_bert_s1,text,False,31405,996,0.03369941759246936,-0.01044017901485875,0.0,False,False,False
combined,5,se,C2_finbert_s1,text,False,31405,996,0.032236034655304786,-0.008976796077694176,0.0,False,False,False
combined,5,se,C3_roberta_s1,text,False,31405,996,0.03282690779690005,-0.009567669219289438,0.0,False,False,False
combined,5,se,C4_longformer,text,False,31405,996,0.033927582112387694,-0.010668343534777084,0.0,False,False,False
combined,5,se,C5_qwen3,text,False,31405,996,0.03176718077041834,-0.008507942192807729,0.0,False,False,False
combined,5,se,C5_gteqwen2,text,False,31405,996,0.031824070483214895,-0.008564831905604284,0.0,False,False,False
combined,5,se,C5_e5mistral,text,False,31405,996,0.033358338366914514,-0.010099099789303904,0.0,False,False,False
combined,5,se,C6_llmtext,text,False,31405,996,0.03253781563771363,-0.00927857706010302,0.0,False,False,False
combined,5,se,D1_concat_mlp,fusion,False,31405,996,0.027320007707064605,-0.004060769129453995,0.0,False,False,False
combined,5,se,D2_gated_fusion,fusion,False,31405,996,0.02775286725921383,-0.004493628681603221,0.0,False,False,False
combined,5,se,D3_qwen3,fusion,False,31405,996,0.02447166433814977,-0.001212425760539159,0.0015,False,False,False
combined,5,se,D3_e5mistral,fusion,False,31405,996,0.02464443359504387,-0.0013851950174332585,0.0005,False,False,False
combined,5,se,D3_gteqwen2,fusion,False,31405,996,0.024052928409153285,-0.0007936898315426752,0.021,False,False,False
combined,5,se,D4_llmfused,fusion,False,31405,996,0.04654659100920739,-0.02328735243159678,0.0,False,False,False
combined,10,qlike,A1_hv,price,False,29952,991,0.12359647198326097,-0.034588469553084686,0.0,False,False,False
combined,10,qlike,A2_har_rv,price,True,29952,991,0.08900800243017629,0.0,0.1545,True,False,True
combined,10,qlike,A3_garch,price,False,29952,991,0.09204599111646315,-0.003037988686286866,0.1545,True,False,True
combined,10,qlike,A4_egarch,price,False,29952,991,0.09367761501525926,-0.004669612585082972,0.1545,True,False,True
combined,10,qlike,A5_arima,price,False,29952,991,0.09621103589658798,-0.0072030334664116985,0.0305,False,False,False
combined,10,qlike,A6_harq,price,False,29952,991,0.08809283775220787,0.0009151646779684136,0.1545,True,False,True
combined,10,qlike,A6_shar,price,False,29952,991,0.0882001949413474,0.0008078074888288878,0.1545,True,True,True
combined,10,qlike,A7_harx_vix,price,False,29952,991,0.08626213473404402,0.002745867696132262,0.1545,True,False,True
combined,10,qlike,B1_bow_ridge,text,False,29952,991,0.17960403460566648,-0.0905960321754902,0.0,False,False,False
combined,10,qlike,B2_tfidf_ridge,text,False,29952,991,0.19217840939953845,-0.10317040696936217,0.0,False,False,False
combined,10,qlike,B3_lm_linear,text,False,29952,991,0.17473566271607827,-0.08572766028590198,0.0,False,False,False
combined,10,qlike,B4_lm_features,text,False,29952,991,0.16945646950678292,-0.08044846707660663,0.0,False,False,False
combined,10,qlike,C1_bert_s1,text,False,29952,991,0.1270860613525047,-0.038078058922328406,0.0005,False,False,False
combined,10,qlike,C2_finbert_s1,text,False,29952,991,0.13088428293498344,-0.041876280504807156,0.0,False,False,False
combined,10,qlike,C3_roberta_s1,text,False,29952,991,0.18362958756108996,-0.09462158513091368,0.0,False,False,False
combined,10,qlike,C4_longformer,text,False,29952,991,0.1543496649599965,-0.06534166252982021,0.0,False,False,False
combined,10,qlike,C5_qwen3,text,False,29952,991,0.14128432523743803,-0.052276322807261744,0.0,False,False,False
combined,10,qlike,C5_gteqwen2,text,False,29952,991,0.14376678920387487,-0.05475878677369858,0.0,False,False,False
combined,10,qlike,C5_e5mistral,text,False,29952,991,0.15620232278098165,-0.06719432035080536,0.0,False,False,False
combined,10,qlike,C6_llmtext,text,False,29952,991,0.18861854883128515,-0.09961054640110886,0.0,False,False,False
combined,10,qlike,D1_concat_mlp,fusion,False,29952,991,0.11093375833582278,-0.021925755905646493,0.001,False,False,False
combined,10,qlike,D2_gated_fusion,fusion,False,29952,991,0.11689585237049975,-0.027887849940323464,0.0,False,False,False
combined,10,qlike,D3_qwen3,fusion,False,29952,991,0.09407508834040906,-0.005067085910232777,0.1545,True,False,True
combined,10,qlike,D3_e5mistral,fusion,False,29952,991,0.09531363935764697,-0.006305636927470687,0.0805,False,False,False
combined,10,qlike,D3_gteqwen2,fusion,False,29952,991,0.09214524562916793,-0.0031372431989916405,0.1545,True,False,True
combined,10,qlike,D4_llmfused,fusion,False,29952,991,0.1253733347108406,-0.036365332280664325,0.0,False,False,False
combined,10,se,A1_hv,price,False,29952,991,0.03326535771807113,-0.01338052928869678,0.0,False,False,False
combined,10,se,A2_har_rv,price,True,29952,991,0.019884828429374352,0.0,0.0995,False,False,False
combined,10,se,A3_garch,price,False,29952,991,0.02430592183195704,-0.004421093402582687,0.0035,False,False,False
combined,10,se,A4_egarch,price,False,29952,991,0.02939852317682902,-0.009513694747454667,0.0015,False,False,False
combined,10,se,A5_arima,price,False,29952,991,0.02348851920117271,-0.0036036907717983575,0.0035,False,False,False
combined,10,se,A6_harq,price,False,29952,991,0.019654289279745916,0.00023053914962843647,0.1315,True,True,True
combined,10,se,A6_shar,price,False,29952,991,0.019754096705111256,0.00013073172426309593,0.1315,True,False,True
combined,10,se,A7_harx_vix,price,False,29952,991,0.019463815039772663,0.00042101338960168905,0.1315,True,False,True
combined,10,se,B1_bow_ridge,text,False,29952,991,0.031943376415959714,-0.012058547986585361,0.0,False,False,False
combined,10,se,B2_tfidf_ridge,text,False,29952,991,0.03116361620609372,-0.011278787776719368,0.0,False,False,False
combined,10,se,B3_lm_linear,text,False,29952,991,0.031153891269741454,-0.011269062840367102,0.0,False,False,False
combined,10,se,B4_lm_features,text,False,29952,991,0.030725403299147375,-0.010840574869773023,0.0,False,False,False
combined,10,se,C1_bert_s1,text,False,29952,991,0.025675986232320026,-0.005791157802945673,0.0015,False,False,False
combined,10,se,C2_finbert_s1,text,False,29952,991,0.026077199730408392,-0.00619237130103404,0.0015,False,False,False
combined,10,se,C3_roberta_s1,text,False,29952,991,0.030564482446968255,-0.010679654017593902,0.0,False,False,False
combined,10,se,C4_longformer,text,False,29952,991,0.02811370087793648,-0.008228872448562127,0.0,False,False,False
combined,10,se,C5_qwen3,text,False,29952,991,0.027931852542737202,-0.00804702411336285,0.0,False,False,False
combined,10,se,C5_gteqwen2,text,False,29952,991,0.02816406710023834,-0.008279238670863987,0.0,False,False,False
combined,10,se,C5_e5mistral,text,False,29952,991,0.029497440347053344,-0.009612611917678992,0.0,False,False,False
combined,10,se,C6_llmtext,text,False,29952,991,0.031823325709165094,-0.011938497279790742,0.0,False,False,False
combined,10,se,D1_concat_mlp,fusion,False,29952,991,0.022831474744154673,-0.0029466463147803205,0.0035,False,False,False
combined,10,se,D2_gated_fusion,fusion,False,29952,991,0.0232514500365643,-0.003366621607189948,0.0035,False,False,False
combined,10,se,D3_qwen3,fusion,False,29952,991,0.02039784530170445,-0.0005130168723300986,0.0365,False,False,False
combined,10,se,D3_e5mistral,fusion,False,29952,991,0.02053280655649585,-0.0006479781271214978,0.0155,False,False,False
combined,10,se,D3_gteqwen2,fusion,False,29952,991,0.02015119038719613,-0.00026636195782177643,0.1315,True,False,True
combined,10,se,D4_llmfused,fusion,False,29952,991,0.029617629934263614,-0.009732801504889262,0.0,False,False,False
combined,20,qlike,A1_hv,price,False,29415,981,0.08477428397254946,-0.015013512548527688,0.0005,False,False,False
combined,20,qlike,A2_har_rv,price,True,29415,981,0.06976077142402178,0.0,0.182,True,False,True
combined,20,qlike,A3_garch,price,False,29415,981,0.06914951998598404,0.0006112514380377382,0.182,True,False,True
combined,20,qlike,A4_egarch,price,False,29415,981,0.07133718712811565,-0.001576415704093878,0.182,True,False,True
combined,20,qlike,A5_arima,price,False,29415,981,0.07299590685884386,-0.003235135434822081,0.0895,False,False,False
combined,20,qlike,A6_harq,price,False,29415,981,0.06793946030629111,0.0018213111177306646,0.182,True,False,True
combined,20,qlike,A6_shar,price,False,29415,981,0.06816174934629436,0.0015990220777274133,0.182,True,True,True
combined,20,qlike,A7_harx_vix,price,False,29415,981,0.0670478816134884,0.0027128898105333726,0.182,True,False,True
combined,20,qlike,B1_bow_ridge,text,False,29415,981,0.15339088458989952,-0.08363011316587775,0.0,False,False,False
combined,20,qlike,B2_tfidf_ridge,text,False,29415,981,0.16874302724282106,-0.09898225581879928,0.0,False,False,False
combined,20,qlike,B3_lm_linear,text,False,29415,981,0.14935525293959945,-0.07959448151557767,0.0,False,False,False
combined,20,qlike,B4_lm_features,text,False,29415,981,0.14230528410931295,-0.07254451268529118,0.0,False,False,False
combined,20,qlike,C1_bert_s1,text,False,29415,981,0.15407750977590032,-0.08431673835187854,0.0,False,False,False
combined,20,qlike,C2_finbert_s1,text,False,29415,981,0.13563057013099514,-0.06586979870697336,0.0,False,False,False
combined,20,qlike,C3_roberta_s1,text,False,29415,981,0.14447082648051013,-0.07471005505648835,0.0,False,False,False
combined,20,qlike,C4_longformer,text,False,29415,981,0.1264215281600011,-0.056660756735979326,0.0,False,False,False
combined,20,qlike,C5_qwen3,text,False,29415,981,0.1186311774966963,-0.048870406072674524,0.0,False,False,False
combined,20,qlike,C5_gteqwen2,text,False,29415,981,0.117327252311511,-0.04756648088748923,0.0,False,False,False
combined,20,qlike,C5_e5mistral,text,False,29415,981,0.1331585683239624,-0.06339779689994061,0.0,False,False,False
combined,20,qlike,C6_llmtext,text,False,29415,981,0.2140444995383589,-0.14428372811433715,0.0,False,False,False
combined,20,qlike,D1_concat_mlp,fusion,False,29415,981,0.09855271252180868,-0.028791941097786905,0.0015,False,False,False
combined,20,qlike,D2_gated_fusion,fusion,False,29415,981,0.1196635703042652,-0.04990279888024342,0.0,False,False,False
combined,20,qlike,D3_qwen3,fusion,False,29415,981,0.07332701882826101,-0.003566247404239234,0.182,True,False,True
combined,20,qlike,D3_e5mistral,fusion,False,29415,981,0.0752866762313824,-0.005525904807360621,0.0895,False,False,False
combined,20,qlike,D3_gteqwen2,fusion,False,29415,981,0.07147591770094322,-0.0017151462769214448,0.182,True,False,True
combined,20,qlike,D4_llmfused,fusion,False,29415,981,0.09393450801433939,-0.024173736590317615,0.0,False,False,False
combined,20,se,A1_hv,price,False,29415,981,0.022226501822696986,-0.00646042308284988,0.006,False,False,False
combined,20,se,A2_har_rv,price,True,29415,981,0.015766078739847107,0.0,0.061,False,False,False
combined,20,se,A3_garch,price,False,29415,981,0.019035443273051456,-0.003269364533204349,0.0135,False,False,False
combined,20,se,A4_egarch,price,False,29415,981,0.021944607154957125,-0.006178528415110018,0.006,False,False,False
combined,20,se,A5_arima,price,False,29415,981,0.0175784903379023,-0.001812411598055192,0.061,False,False,False
combined,20,se,A6_harq,price,False,29415,981,0.015473163867844012,0.00029291487200309475,0.3405,True,True,True
combined,20,se,A6_shar,price,False,29415,981,0.015554361572757696,0.00021171716708941017,0.3405,True,False,True
combined,20,se,A7_harx_vix,price,False,29415,981,0.015361778745554182,0.00040429999429292436,0.3405,True,False,True
combined,20,se,B1_bow_ridge,text,False,29415,981,0.027126064851135754,-0.011359986111288647,0.0,False,False,False
combined,20,se,B2_tfidf_ridge,text,False,29415,981,0.02679294417642835,-0.011026865436581244,0.0,False,False,False
combined,20,se,B3_lm_linear,text,False,29415,981,0.026542253317384707,-0.0107761745775376,0.0,False,False,False
combined,20,se,B4_lm_features,text,False,29415,981,0.02592463133340993,-0.010158552593562825,0.0,False,False,False
combined,20,se,C1_bert_s1,text,False,29415,981,0.025198086109081714,-0.009432007369234607,0.001,False,False,False
combined,20,se,C2_finbert_s1,text,False,29415,981,0.023438017317003557,-0.007671938577156451,0.006,False,False,False
combined,20,se,C3_roberta_s1,text,False,29415,981,0.024646747592039456,-0.00888066885219235,0.002,False,False,False
combined,20,se,C4_longformer,text,False,29415,981,0.022742636794926618,-0.006976558055079511,0.006,False,False,False
combined,20,se,C5_qwen3,text,False,29415,981,0.023415071928100342,-0.007648993188253236,0.0025,False,False,False
combined,20,se,C5_gteqwen2,text,False,29415,981,0.023278073354218637,-0.00751199461437153,0.002,False,False,False
combined,20,se,C5_e5mistral,text,False,29415,981,0.025018096541272454,-0.009252017801425347,0.0,False,False,False
combined,20,se,C6_llmtext,text,False,29415,981,0.03096227730675824,-0.015196198566911134,0.0,False,False,False
combined,20,se,D1_concat_mlp,fusion,False,29415,981,0.01939110307103065,-0.0036250243311835434,0.0135,False,False,False
combined,20,se,D2_gated_fusion,fusion,False,29415,981,0.02132978906033078,-0.005563710320483674,0.006,False,False,False
combined,20,se,D3_qwen3,fusion,False,29415,981,0.016252814677009682,-0.00048673593716257527,0.061,False,False,False
combined,20,se,D3_e5mistral,fusion,False,29415,981,0.016490737761320175,-0.0007246590214730689,0.061,False,False,False
combined,20,se,D3_gteqwen2,fusion,False,29415,981,0.015869276169754264,-0.0001031974299071578,0.3405,True,False,True
combined,20,se,D4_llmfused,fusion,False,29415,981,0.022124032136048112,-0.0063579533962010056,0.0055,False,False,False
