model_id,disclosure,dataset,seed,lr,batch_size,max_epochs,es_patience,es_min_delta,warmup_ratio,weight_decay,mixed_precision,val_qlike,val_qlike_h5,val_qlike_h10,val_qlike_h20,epochs_ran_h5,epochs_ran_h10,epochs_ran_h20,best_epoch_h5,best_epoch_h10,best_epoch_h20,n_val_rows,gpu_hours,selected,tuned_run_id,run_id
C2_finbert_s1,long_form,full,2026,5e-06,128,5,1,0.0,0.06,0.01,bf16,4.671091917435693,4.584389311362583,4.120018259861758,5.310132357973931,2,2,5,1,1,4,11849,0.537,False,,C2_finbert_s1_full_long_form_lr5e-6_seed2026
C2_finbert_s1,long_form,full,2026,1e-05,128,5,1,0.0,0.06,0.01,bf16,4.113139704410977,3.949694772945433,3.009141174348582,5.383081967313375,2,5,3,1,4,2,11849,0.532,False,,C2_finbert_s1_full_long_form_lr1e-5_seed2026
C2_finbert_s1,long_form,full,2026,2e-05,128,5,1,0.0,0.06,0.01,bf16,3.539770657900289,2.7927992797850676,2.6880260658578887,5.142461479708885,5,2,2,4,1,1,11849,0.522,True,C2t_finbert_s1_full_long_form_seed2026,C2_finbert_s1_full_long_form_lr2e-5_seed2026
C2_finbert_s1,event_driven,full,2026,5e-06,128,5,1,0.0,0.06,0.01,bf16,4.175437172267842,5.300853064752791,3.4532779828789533,3.7696894873763545,,,2,,,1,42565,0.696,True,C2t_finbert_s1_full_event_driven_seed2026,C2_finbert_s1_full_event_driven_lr5e-6_seed2026
C2_finbert_s1,event_driven,full,2026,1e-05,128,5,1,0.0,0.06,0.01,bf16,4.444057348356997,3.848495714177992,3.5778094036447787,5.910712712140615,4,2,3,3,1,2,42565,1.165,False,,C2_finbert_s1_full_event_driven_lr1e-5_seed2026
C2_finbert_s1,event_driven,full,2026,2e-05,128,5,1,0.0,0.06,0.01,bf16,4.672252245763895,3.8914334159728643,4.7512761814329885,5.376967860136704,3,3,2,2,2,1,42565,1.099,False,,C2_finbert_s1_full_event_driven_lr2e-5_seed2026
D2_gated_fusion,long_form,full,2026,5e-06,128,5,1,0.0,0.06,0.01,bf16,1.4368481512565876,1.2251808317122082,1.9243920055080437,1.1608039442630087,3,3,2,2,2,1,11849,0.482,True,D2t_gated_fusion_full_long_form_seed2026,D2_gated_fusion_full_long_form_lr5e-6_seed2026
D2_gated_fusion,long_form,full,2026,1e-05,128,5,1,0.0,0.06,0.01,bf16,1.6541770540277598,1.2887826930713941,1.9493150489168878,1.7251141608325604,2,2,2,1,1,1,11849,0.542,False,,D2_gated_fusion_full_long_form_lr1e-5_seed2026
D2_gated_fusion,long_form,full,2026,2e-05,128,5,1,0.0,0.06,0.01,bf16,1.9983908076380366,1.361332657195913,1.7248922916469684,2.911533384689459,5,5,5,4,5,5,11849,0.652,False,,D2_gated_fusion_full_long_form_lr2e-5_seed2026
