disclosure,model,horizon,alpha,mu_mode,forecast,n,viol_rate,kupiec_lr,kupiec_p,cc_lr,cc_p,tick_loss,dm_tick_vs_fR_stat,dm_tick_vs_fR_p
long_form,B2_tfidf_ridge,5,0.01,pooled,rawHAR,7550,0.03165562913907285,227.41699471797074,2.1810545258968248e-51,230.88270057402588,7.319115268309293e-51,0.001808098441018817,5.862815994353093,4.742486649659247e-09
long_form,B2_tfidf_ridge,5,0.01,pooled,fR,7550,0.02609271523178808,136.8598069109487,1.2940627348662836e-31,138.30374832140546,9.283732937516565e-31,0.0016716757896970038,0.0,1.0
long_form,B2_tfidf_ridge,5,0.01,pooled,fU,7550,0.026357615894039736,140.7824267852602,1.795222888694761e-32,143.1386798494782,8.276192760108929e-32,0.0016658977516725805,-0.5854796666287918,0.5582427358896588
long_form,B2_tfidf_ridge,5,0.01,zero,rawHAR,7550,0.028741721854304635,177.8976852961432,1.3946187869291514e-40,182.3986705581301,2.469630244119273e-40,0.0017481258140282431,5.284859471606235,1.2932058085026526e-07
long_form,B2_tfidf_ridge,5,0.01,zero,fR,7550,0.023311258278145695,98.27306307355025,3.644904900990012e-23,99.0817647190479,3.052587789154851e-22,0.0016281765255728089,0.0,1.0
long_form,B2_tfidf_ridge,5,0.01,zero,fU,7550,0.024105960264900663,108.79886551471759,1.7961827029738894e-25,110.1916991114947,1.1808005918710469e-24,0.0016203990614142053,-0.8261189898940391,0.4087627042562607
long_form,B2_tfidf_ridge,5,0.05,pooled,rawHAR,7550,0.07589403973509934,92.62096602959036,6.3332923078480525e-22,95.99961368039976,1.425439393738943e-21,0.00523141799019725,3.7908600427227883,0.0001512961171154593
long_form,B2_tfidf_ridge,5,0.05,pooled,fR,7550,0.0652980132450331,34.07144591157112,5.312514908209179e-09,36.67694416359154,1.0856823270116753e-08,0.005145065138654407,0.0,1.0
long_form,B2_tfidf_ridge,5,0.05,pooled,fU,7550,0.06675496688741722,40.56203423283205,1.9047181378846654e-10,41.2055694376254,1.128039441274777e-09,0.00511412364734308,-2.9767273405964993,0.0029226744664177557
long_form,B2_tfidf_ridge,5,0.05,zero,rawHAR,7550,0.0666225165562914,39.950561814483535,2.6047264180270537e-10,41.31759720380887,1.0665906308748773e-09,0.005168800770629961,2.6322221707460165,0.008500102360541818
long_form,B2_tfidf_ridge,5,0.05,zero,fR,7550,0.05827814569536424,10.365862908362942,0.0012836688481720952,13.181747475871362,0.001372839937110541,0.005110541390549537,0.0,1.0
long_form,B2_tfidf_ridge,5,0.05,zero,fU,7550,0.058675496688741724,11.359274224595083,0.0007507215476555947,13.34007594261493,0.001268350589162666,0.005076426532458826,-3.485456577294458,0.0004940899235477268
long_form,B2_tfidf_ridge,10,0.01,pooled,rawHAR,7167,0.02804520719966513,158.2673436813925,2.70536201144898e-36,158.3466212008036,4.125419264043512e-35,0.0023603617520852093,5.53022251138909,3.310978563500402e-08
long_form,B2_tfidf_ridge,10,0.01,pooled,fR,7167,0.01772010604157946,35.089762543319466,3.148517085778234e-09,35.32444255085579,2.134984674691692e-08,0.002126983874731644,0.0,1.0
long_form,B2_tfidf_ridge,10,0.01,pooled,fU,7167,0.0182782196176922,39.85626562723564,2.7335588769224805e-10,39.927692992476295,2.137034970947505e-09,0.0021199802575651355,-0.862329046495103,0.388535329356371
long_form,B2_tfidf_ridge,10,0.01,zero,rawHAR,7167,0.02623133807729873,131.86078590332113,1.604881705020248e-30,131.86176515822922,2.3258489628753347e-29,0.0022974530569101707,4.936042351142001,8.152439275737136e-07
long_form,B2_tfidf_ridge,10,0.01,zero,fR,7167,0.016324822101297615,24.314013130453077,8.184150303211939e-07,24.863631416226326,3.989615458139434e-06,0.0021019381232938133,0.0,1.0
long_form,B2_tfidf_ridge,10,0.01,zero,fU,7167,0.01618529370726943,23.329704653063573,1.3647594550008723e-06,23.83864071616199,6.660470980756915e-06,0.0020941964085418817,-1.0063111642591813,0.31429988944384274
long_form,B2_tfidf_ridge,10,0.05,pooled,rawHAR,7167,0.07562438956327612,86.21007701241342,1.618010752554655e-20,87.6501834768219,9.268394036467821e-20,0.0071334365491374785,2.756889112881359,0.005850183823668195
long_form,B2_tfidf_ridge,10,0.05,pooled,fR,7167,0.054555602065020234,3.0451846008022585,0.08097690905808333,4.096430277268155,0.12896488272304632,0.0069759838661148,0.0,1.0
long_form,B2_tfidf_ridge,10,0.05,pooled,fU,7167,0.05497418724710479,3.6214980893241773,0.05703749097565204,4.332359545310737,0.11461463558896386,0.006942738369125661,-3.214790131580767,0.0013111874029233385
long_form,B2_tfidf_ridge,10,0.05,zero,rawHAR,7167,0.06725268592158504,40.721621172441246,1.7553420328296964e-10,43.45198588000767,3.668775627564273e-10,0.007053518344448276,1.539254840298918,0.12378624662917535
long_form,B2_tfidf_ridge,10,0.05,zero,fR,7167,0.04981163666806195,0.005359865072932735,0.9416381340611156,0.21012397215190504,0.9002687167316374,0.006969883187654301,0.0,1.0
long_form,B2_tfidf_ridge,10,0.05,zero,fU,7167,0.05023022185014651,0.007985578671650728,0.9287941705134909,0.6241341885302063,0.731932418113129,0.006933016897169863,-3.741188022094628,0.0001845827904653411
long_form,B2_tfidf_ridge,20,0.01,pooled,rawHAR,7097,0.022262927997745527,79.92924034398288,3.8806101994859314e-19,80.0130795410837,4.22066164364222e-18,0.003068498938898549,2.584177418357003,0.009780949819508177
long_form,B2_tfidf_ridge,20,0.01,pooled,fR,7097,0.011554177821614766,1.6490919423581545,0.19908256765657462,2.5598341579120643,0.2780603565523144,0.00287263330516439,0.0,1.0
long_form,B2_tfidf_ridge,20,0.01,pooled,fU,7097,0.0114132732140341,1.3694132776612378,0.24191271628871702,1.3755433689933625,0.5026949849827034,0.0028403551791746904,-2.991803998516012,0.002782879234044071
long_form,B2_tfidf_ridge,20,0.01,zero,rawHAR,7097,0.019163026630970834,47.45191234798176,5.636992662007089e-12,47.510870476059836,4.821093574016498e-11,0.0029831047225170122,1.7055902073506335,0.08812816815885556
long_form,B2_tfidf_ridge,20,0.01,zero,fR,7097,0.010426940960969423,0.12886730472985164,0.7196093589165353,0.19201718526255718,0.9084562100059236,0.002864275741010176,0.0,1.0
long_form,B2_tfidf_ridge,20,0.01,zero,fU,7097,0.010286036353388756,0.05810611276115196,0.809514740300264,0.13454173559114224,0.9349419213784024,0.0028319099248714976,-3.0135356622793408,0.002591344345091723
long_form,B2_tfidf_ridge,20,0.05,pooled,rawHAR,7097,0.06397069184162323,26.898345698352387,2.1444235676602915e-07,29.680988432953654,3.5880232872179466e-07,0.009266728986731757,-1.022651317783673,0.3065075983531292
long_form,B2_tfidf_ridge,20,0.05,pooled,fR,7097,0.03677610257855432,28.655138648116008,8.6484191561753e-08,30.31960961507002,2.6072364877119144e-07,0.009373693794225552,0.0,1.0
long_form,B2_tfidf_ridge,20,0.05,pooled,fU,7097,0.03748062561645766,25.543989648220304,4.3241092461402007e-07,26.603390750239214,1.6716567204448794e-06,0.00928548553905355,-6.181574016760008,6.69812480175904e-10
long_form,B2_tfidf_ridge,20,0.05,zero,rawHAR,7097,0.052839227842750455,1.1834273501494863,0.2766593581272047,3.2830582042765855,0.1936836536554371,0.009203798152464098,-3.1413965948496787,0.001688356338113891
long_form,B2_tfidf_ridge,20,0.05,zero,fR,7097,0.031280822882908274,60.056807267593285,9.215871405276428e-15,60.20017743862263,8.466376241688937e-14,0.00949966740624566,0.0,1.0
long_form,B2_tfidf_ridge,20,0.05,zero,fU,7097,0.03156263209806961,58.12123104849343,2.4645209448427006e-14,58.303060374080815,2.1860057538390326e-13,0.009408278280347623,-6.904697252031504,5.466662710319146e-12
long_form,C2_finbert_s1,5,0.01,pooled,rawHAR,7550,0.03165562913907285,227.41699471797074,2.1810545258968248e-51,230.88270057402588,7.319115268309293e-51,0.001808098441018817,5.862815994353093,4.742486649659247e-09
long_form,C2_finbert_s1,5,0.01,pooled,fR,7550,0.02609271523178808,136.8598069109487,1.2940627348662836e-31,138.30374832140546,9.283732937516565e-31,0.0016716757896970038,0.0,1.0
long_form,C2_finbert_s1,5,0.01,pooled,fU,7550,0.025695364238410595,131.0541902609043,2.4093832034692908e-30,132.68957481627308,1.537534698679627e-29,0.0016534221047827494,-4.693872594280082,2.7280766039708502e-06
long_form,C2_finbert_s1,5,0.01,zero,rawHAR,7550,0.028741721854304635,177.8976852961432,1.3946187869291514e-40,182.3986705581301,2.469630244119273e-40,0.0017481258140282431,5.284859471606235,1.2932058085026526e-07
long_form,C2_finbert_s1,5,0.01,zero,fR,7550,0.023311258278145695,98.27306307355025,3.644904900990012e-23,99.0817647190479,3.052587789154851e-22,0.0016281765255728089,0.0,1.0
long_form,C2_finbert_s1,5,0.01,zero,fU,7550,0.022781456953642386,91.48773206673377,1.1228615938583835e-21,92.48922980013049,8.245536740570603e-21,0.0016118739305211094,-4.30400711606128,1.698543296939294e-05
long_form,C2_finbert_s1,5,0.05,pooled,rawHAR,7550,0.07589403973509934,92.62096602959036,6.3332923078480525e-22,95.99961368039976,1.425439393738943e-21,0.00523141799019725,3.7908600427227883,0.0001512961171154593
long_form,C2_finbert_s1,5,0.05,pooled,fR,7550,0.0652980132450331,34.07144591157112,5.312514908209179e-09,36.67694416359154,1.0856823270116753e-08,0.005145065138654407,0.0,1.0
long_form,C2_finbert_s1,5,0.05,pooled,fU,7550,0.06344370860927152,26.571745409930372,2.539303753927531e-07,29.191749804844676,4.582390240377511e-07,0.0051362634816651724,-2.2050268990337294,0.02748224855661477
long_form,C2_finbert_s1,5,0.05,zero,rawHAR,7550,0.0666225165562914,39.950561814483535,2.6047264180270537e-10,41.31759720380887,1.0665906308748773e-09,0.005168800770629961,2.6322221707460165,0.008500102360541818
long_form,C2_finbert_s1,5,0.05,zero,fR,7550,0.05827814569536424,10.365862908362942,0.0012836688481720952,13.181747475871362,0.001372839937110541,0.005110541390549537,0.0,1.0
long_form,C2_finbert_s1,5,0.05,zero,fU,7550,0.057748344370860925,9.10893770466646,0.002543635496819392,12.281837825205912,0.0021529443413568906,0.00510487287365205,-1.4645756320821433,0.1430783763109929
long_form,C2_finbert_s1,10,0.01,pooled,rawHAR,7167,0.02804520719966513,158.2673436813925,2.70536201144898e-36,158.3466212008036,4.125419264043512e-35,0.0023603617520852093,5.53022251138909,3.310978563500402e-08
long_form,C2_finbert_s1,10,0.01,pooled,fR,7167,0.01772010604157946,35.089762543319466,3.148517085778234e-09,35.32444255085579,2.134984674691692e-08,0.002126983874731644,0.0,1.0
long_form,C2_finbert_s1,10,0.01,pooled,fU,7167,0.019115389981861308,47.47035555526554,5.58420593027238e-12,47.5254048650047,4.786184747693111e-11,0.0021230092228343165,-0.346471095152166,0.7289988758473559
long_form,C2_finbert_s1,10,0.01,zero,rawHAR,7167,0.02623133807729873,131.86078590332113,1.604881705020248e-30,131.86176515822922,2.3258489628753347e-29,0.0022974530569101707,4.936042351142001,8.152439275737136e-07
long_form,C2_finbert_s1,10,0.01,zero,fR,7167,0.016324822101297615,24.314013130453077,8.184150303211939e-07,24.863631416226326,3.989615458139434e-06,0.0021019381232938133,0.0,1.0
long_form,C2_finbert_s1,10,0.01,zero,fU,7167,0.0164643504953258,25.315699521009947,4.867309707269708e-07,25.888709174696032,2.3896716477256365e-06,0.002094445048454959,-0.6804715307361034,0.4962279263941411
long_form,C2_finbert_s1,10,0.05,pooled,rawHAR,7167,0.07562438956327612,86.21007701241342,1.618010752554655e-20,87.6501834768219,9.268394036467821e-20,0.0071334365491374785,2.756889112881359,0.005850183823668195
long_form,C2_finbert_s1,10,0.05,pooled,fR,7167,0.054555602065020234,3.0451846008022585,0.08097690905808333,4.096430277268155,0.12896488272304632,0.0069759838661148,0.0,1.0
long_form,C2_finbert_s1,10,0.05,pooled,fU,7167,0.05720664155155574,7.503346007530126,0.0061584470819710845,9.04320267707726,0.010871600609137323,0.006933805540948255,-2.9757314228718403,0.0029326660843365243
long_form,C2_finbert_s1,10,0.05,zero,rawHAR,7167,0.06725268592158504,40.721621172441246,1.7553420328296964e-10,43.45198588000767,3.668775627564273e-10,0.007053518344448276,1.539254840298918,0.12378624662917535
long_form,C2_finbert_s1,10,0.05,zero,fR,7167,0.04981163666806195,0.005359865072932735,0.9416381340611156,0.21012397215190504,0.9002687167316374,0.006969883187654301,0.0,1.0
long_form,C2_finbert_s1,10,0.05,zero,fU,7167,0.05050927863820288,0.03900880723267619,0.8434312157828202,1.2425793454508494,0.537251112503043,0.006919995717123682,-3.7109613065284264,0.00020803760775306722
long_form,C2_finbert_s1,20,0.01,pooled,rawHAR,7097,0.022262927997745527,79.92924034398288,3.8806101994859314e-19,80.0130795410837,4.22066164364222e-18,0.003068498938898549,2.584177418357003,0.009780949819508177
long_form,C2_finbert_s1,20,0.01,pooled,fR,7097,0.011554177821614766,1.6490919423581545,0.19908256765657462,2.5598341579120643,0.2780603565523144,0.00287263330516439,0.0,1.0
long_form,C2_finbert_s1,20,0.01,pooled,fU,7097,0.011554177821614766,1.6490919423581545,0.19908256765657462,2.5598341579120643,0.2780603565523144,0.0028725895480293537,-0.07483859429321543,0.9403452436681738
long_form,C2_finbert_s1,20,0.01,zero,rawHAR,7097,0.019163026630970834,47.45191234798176,5.636992662007089e-12,47.510870476059836,4.821093574016498e-11,0.0029831047225170122,1.7055902073506335,0.08812816815885556
long_form,C2_finbert_s1,20,0.01,zero,fR,7097,0.010426940960969423,0.12886730472985164,0.7196093589165353,0.19201718526255718,0.9084562100059236,0.002864275741010176,0.0,1.0
long_form,C2_finbert_s1,20,0.01,zero,fU,7097,0.010426940960969423,0.12886730472985164,0.7196093589165353,0.19201718526255718,0.9084562100059236,0.0028641510055135927,-0.21871079617222872,0.8268816282206904
long_form,C2_finbert_s1,20,0.05,pooled,rawHAR,7097,0.06397069184162323,26.898345698352387,2.1444235676602915e-07,29.680988432953654,3.5880232872179466e-07,0.009266728986731757,-1.022651317783673,0.3065075983531292
long_form,C2_finbert_s1,20,0.05,pooled,fR,7097,0.03677610257855432,28.655138648116008,8.6484191561753e-08,30.31960961507002,2.6072364877119144e-07,0.009373693794225552,0.0,1.0
long_form,C2_finbert_s1,20,0.05,pooled,fU,7097,0.03663519797097365,29.301118561126714,6.195991561896511e-08,30.90702609057189,1.9436790713821893e-07,0.009374274887959015,0.8345081591648995,0.4040227840427971
long_form,C2_finbert_s1,20,0.05,zero,rawHAR,7097,0.052839227842750455,1.1834273501494863,0.2766593581272047,3.2830582042765855,0.1936836536554371,0.009203798152464098,-3.1413965948496787,0.001688356338113891
long_form,C2_finbert_s1,20,0.05,zero,fR,7097,0.031280822882908274,60.056807267593285,9.215871405276428e-15,60.20017743862263,8.466376241688937e-14,0.00949966740624566,0.0,1.0
long_form,C2_finbert_s1,20,0.05,zero,fU,7097,0.031139918275327604,61.03852512137769,5.596878859768087e-15,61.1643438304352,5.2279508096503834e-14,0.009500108869252124,0.6952753111339888,0.48690555021195325
long_form,C2_finbert_s2,5,0.01,pooled,rawHAR,7550,0.03165562913907285,227.41699471797074,2.1810545258968248e-51,230.88270057402588,7.319115268309293e-51,0.001808098441018817,5.862815994353093,4.742486649659247e-09
long_form,C2_finbert_s2,5,0.01,pooled,fR,7550,0.02609271523178808,136.8598069109487,1.2940627348662836e-31,138.30374832140546,9.283732937516565e-31,0.0016716757896970038,0.0,1.0
long_form,C2_finbert_s2,5,0.01,pooled,fU,7550,0.026490066225165563,142.75924563172998,6.635459514626265e-33,145.03589804293733,3.205198280151105e-32,0.0016691502578265252,-0.2965505112404272,0.7668178564095847
long_form,C2_finbert_s2,5,0.01,zero,rawHAR,7550,0.028741721854304635,177.8976852961432,1.3946187869291514e-40,182.3986705581301,2.469630244119273e-40,0.0017481258140282431,5.284859471606235,1.2932058085026526e-07
long_form,C2_finbert_s2,5,0.01,zero,fR,7550,0.023311258278145695,98.27306307355025,3.644904900990012e-23,99.0817647190479,3.052587789154851e-22,0.0016281765255728089,0.0,1.0
long_form,C2_finbert_s2,5,0.01,zero,fU,7550,0.023708609271523177,103.48446160917797,2.6244440372701345e-24,106.27926172286311,8.351251187280509e-24,0.0016242656500895626,-0.4873895674273813,0.625996437939091
long_form,C2_finbert_s2,5,0.05,pooled,rawHAR,7550,0.07589403973509934,92.62096602959036,6.3332923078480525e-22,95.99961368039976,1.425439393738943e-21,0.00523141799019725,3.7908600427227883,0.0001512961171154593
long_form,C2_finbert_s2,5,0.05,pooled,fR,7550,0.0652980132450331,34.07144591157112,5.312514908209179e-09,36.67694416359154,1.0856823270116753e-08,0.005145065138654407,0.0,1.0
long_form,C2_finbert_s2,5,0.05,pooled,fU,7550,0.06516556291390728,33.507271694159044,7.099805469545494e-09,34.73049718048969,2.8732165568311282e-08,0.005134068192033283,-1.3125357508732804,0.18937933448834612
long_form,C2_finbert_s2,5,0.05,zero,rawHAR,7550,0.0666225165562914,39.950561814483535,2.6047264180270537e-10,41.31759720380887,1.0665906308748773e-09,0.005168800770629961,2.6322221707460165,0.008500102360541818
long_form,C2_finbert_s2,5,0.05,zero,fR,7550,0.05827814569536424,10.365862908362942,0.0012836688481720952,13.181747475871362,0.001372839937110541,0.005110541390549537,0.0,1.0
long_form,C2_finbert_s2,5,0.05,zero,fU,7550,0.05894039735099338,12.045545916102583,0.0005191628048162455,14.4464601534346,0.0007294424544105969,0.005099177747232706,-1.4142898750940334,0.15731804930094778
long_form,C2_finbert_s2,10,0.01,pooled,rawHAR,7167,0.02804520719966513,158.2673436813925,2.70536201144898e-36,158.3466212008036,4.125419264043512e-35,0.0023603617520852093,5.53022251138909,3.310978563500402e-08
long_form,C2_finbert_s2,10,0.01,pooled,fR,7167,0.01772010604157946,35.089762543319466,3.148517085778234e-09,35.32444255085579,2.134984674691692e-08,0.002126983874731644,0.0,1.0
long_form,C2_finbert_s2,10,0.01,pooled,fU,7167,0.017859634435607646,36.25764500040464,1.7288050442650681e-09,36.46846887484094,1.2049599218715914e-08,0.0021267090043108144,-0.2796082104691754,0.7797861769753047
long_form,C2_finbert_s2,10,0.01,zero,rawHAR,7167,0.02623133807729873,131.86078590332113,1.604881705020248e-30,131.86176515822922,2.3258489628753347e-29,0.0022974530569101707,4.936042351142001,8.152439275737136e-07
long_form,C2_finbert_s2,10,0.01,zero,fR,7167,0.016324822101297615,24.314013130453077,8.184150303211939e-07,24.863631416226326,3.989615458139434e-06,0.0021019381232938133,0.0,1.0
long_form,C2_finbert_s2,10,0.01,zero,fU,7167,0.01618529370726943,23.329704653063573,1.3647594550008723e-06,23.918751519036732,6.3989556569303e-06,0.0021012490314225997,-0.7390716642823411,0.45988768890541787
long_form,C2_finbert_s2,10,0.05,pooled,rawHAR,7167,0.07562438956327612,86.21007701241342,1.618010752554655e-20,87.6501834768219,9.268394036467821e-20,0.0071334365491374785,2.756889112881359,0.005850183823668195
long_form,C2_finbert_s2,10,0.05,pooled,fR,7167,0.054555602065020234,3.0451846008022585,0.08097690905808333,4.096430277268155,0.12896488272304632,0.0069759838661148,0.0,1.0
long_form,C2_finbert_s2,10,0.05,pooled,fU,7167,0.053997488488907494,2.3525719652111547,0.12507649446089808,3.2155018005109923,0.2003376871968392,0.006974606228471904,-1.0925769116487383,0.2746163333551901
long_form,C2_finbert_s2,10,0.05,zero,rawHAR,7167,0.06725268592158504,40.721621172441246,1.7553420328296964e-10,43.45198588000767,3.668775627564273e-10,0.007053518344448276,1.539254840298918,0.12378624662917535
long_form,C2_finbert_s2,10,0.05,zero,fR,7167,0.04981163666806195,0.005359865072932735,0.9416381340611156,0.21012397215190504,0.9002687167316374,0.006969883187654301,0.0,1.0
long_form,C2_finbert_s2,10,0.05,zero,fU,7167,0.04953257988000558,0.033063195884096785,0.8557138809197936,0.4742158961353198,0.7889061225294753,0.006968936111561118,-0.7738724232579385,0.43903176766370794
long_form,C2_finbert_s2,20,0.01,pooled,rawHAR,7097,0.022262927997745527,79.92924034398288,3.8806101994859314e-19,80.0130795410837,4.22066164364222e-18,0.003068498938898549,2.584177418357003,0.009780949819508177
long_form,C2_finbert_s2,20,0.01,pooled,fR,7097,0.011554177821614766,1.6490919423581545,0.19908256765657462,2.5598341579120643,0.2780603565523144,0.00287263330516439,0.0,1.0
long_form,C2_finbert_s2,20,0.01,pooled,fU,7097,0.011695082429195435,1.9534465588997136,0.16221593480520982,1.9543353205800713,0.3763756142031765,0.00283936527493733,-1.581015419610809,0.11391908079921075
long_form,C2_finbert_s2,20,0.01,zero,rawHAR,7097,0.019163026630970834,47.45191234798176,5.636992662007089e-12,47.510870476059836,4.821093574016498e-11,0.0029831047225170122,1.7055902073506335,0.08812816815885556
long_form,C2_finbert_s2,20,0.01,zero,fR,7097,0.010426940960969423,0.12886730472985164,0.7196093589165353,0.19201718526255718,0.9084562100059236,0.002864275741010176,0.0,1.0
long_form,C2_finbert_s2,20,0.01,zero,fU,7097,0.01000422713822742,1.2807722896468476e-05,0.9971445464764584,0.10706849832297394,0.9478734765760981,0.0028320177071485876,-1.6635262664728248,0.09625129538460116
long_form,C2_finbert_s2,20,0.05,pooled,rawHAR,7097,0.06397069184162323,26.898345698352387,2.1444235676602915e-07,29.680988432953654,3.5880232872179466e-07,0.009266728986731757,-1.022651317783673,0.3065075983531292
long_form,C2_finbert_s2,20,0.05,pooled,fR,7097,0.03677610257855432,28.655138648116008,8.6484191561753e-08,30.31960961507002,2.6072364877119144e-07,0.009373693794225552,0.0,1.0
long_form,C2_finbert_s2,20,0.05,pooled,fU,7097,0.03804424404678033,23.195854951485217,1.4631235680351982e-06,23.781257954693046,6.8543369314924345e-06,0.00937860007268105,0.16800368493160248,0.8665851679373303
long_form,C2_finbert_s2,20,0.05,zero,rawHAR,7097,0.052839227842750455,1.1834273501494863,0.2766593581272047,3.2830582042765855,0.1936836536554371,0.009203798152464098,-3.1413965948496787,0.001688356338113891
long_form,C2_finbert_s2,20,0.05,zero,fR,7097,0.031280822882908274,60.056807267593285,9.215871405276428e-15,60.20017743862263,8.466376241688937e-14,0.00949966740624566,0.0,1.0
long_form,C2_finbert_s2,20,0.05,zero,fU,7097,0.032830773566295615,49.86300371799689,1.6486411771092857e-12,49.92379433263841,1.4427324591613045e-11,0.009495397371258669,-0.15817233886186738,0.874325500521389
long_form,C4_longformer,5,0.01,pooled,rawHAR,7550,0.03165562913907285,227.41699471797074,2.1810545258968248e-51,230.88270057402588,7.319115268309293e-51,0.001808098441018817,5.862815994353093,4.742486649659247e-09
long_form,C4_longformer,5,0.01,pooled,fR,7550,0.02609271523178808,136.8598069109487,1.2940627348662836e-31,138.30374832140546,9.283732937516565e-31,0.0016716757896970038,0.0,1.0
long_form,C4_longformer,5,0.01,pooled,fU,7550,0.02609271523178808,136.8598069109487,1.2940627348662836e-31,138.30374832140546,9.283732937516565e-31,0.0016667863118008958,-0.688095237878621,0.49141395168990454
long_form,C4_longformer,5,0.01,zero,rawHAR,7550,0.028741721854304635,177.8976852961432,1.3946187869291514e-40,182.3986705581301,2.469630244119273e-40,0.0017481258140282431,5.284859471606235,1.2932058085026526e-07
long_form,C4_longformer,5,0.01,zero,fR,7550,0.023311258278145695,98.27306307355025,3.644904900990012e-23,99.0817647190479,3.052587789154851e-22,0.0016281765255728089,0.0,1.0
long_form,C4_longformer,5,0.01,zero,fU,7550,0.023443708609271523,99.99864631167748,1.5250125697724697e-23,100.76259765111399,1.3172855533270055e-22,0.0016236177800555743,-0.6569993600688067,0.5112013565213572
long_form,C4_longformer,5,0.05,pooled,rawHAR,7550,0.07589403973509934,92.62096602959036,6.3332923078480525e-22,95.99961368039976,1.425439393738943e-21,0.00523141799019725,3.7908600427227883,0.0001512961171154593
long_form,C4_longformer,5,0.05,pooled,fR,7550,0.0652980132450331,34.07144591157112,5.312514908209179e-09,36.67694416359154,1.0856823270116753e-08,0.005145065138654407,0.0,1.0
long_form,C4_longformer,5,0.05,pooled,fU,7550,0.06397350993377483,28.62637800935272,8.7778264347134e-08,30.92392295107902,1.9273272053727983e-07,0.005129233899021525,-2.2391210007780984,0.02517705590402415
long_form,C4_longformer,5,0.05,zero,rawHAR,7550,0.0666225165562914,39.950561814483535,2.6047264180270537e-10,41.31759720380887,1.0665906308748773e-09,0.005168800770629961,2.6322221707460165,0.008500102360541818
long_form,C4_longformer,5,0.05,zero,fR,7550,0.05827814569536424,10.365862908362942,0.0012836688481720952,13.181747475871362,0.001372839937110541,0.005110541390549537,0.0,1.0
long_form,C4_longformer,5,0.05,zero,fU,7550,0.05708609271523179,7.647398281500955,0.005685425888110856,10.590148376444176,0.005016242215593955,0.005098672108561185,-1.7543106067492755,0.07941786980214442
long_form,C4_longformer,10,0.01,pooled,rawHAR,7167,0.02804520719966513,158.2673436813925,2.70536201144898e-36,158.3466212008036,4.125419264043512e-35,0.0023603617520852093,5.53022251138909,3.310978563500402e-08
long_form,C4_longformer,10,0.01,pooled,fR,7167,0.01772010604157946,35.089762543319466,3.148517085778234e-09,35.32444255085579,2.134984674691692e-08,0.002126983874731644,0.0,1.0
long_form,C4_longformer,10,0.01,pooled,fU,7167,0.01772010604157946,35.089762543319466,3.148517085778234e-09,35.32444255085579,2.134984674691692e-08,0.0021306666325393384,0.7338719136697365,0.4630508155467559
long_form,C4_longformer,10,0.01,zero,rawHAR,7167,0.02623133807729873,131.86078590332113,1.604881705020248e-30,131.86176515822922,2.3258489628753347e-29,0.0022974530569101707,4.936042351142001,8.152439275737136e-07
long_form,C4_longformer,10,0.01,zero,fR,7167,0.016324822101297615,24.314013130453077,8.184150303211939e-07,24.863631416226326,3.989615458139434e-06,0.0021019381232938133,0.0,1.0
long_form,C4_longformer,10,0.01,zero,fU,7167,0.01590623691921306,21.41381331045818,3.700952180232255e-06,21.432979147548167,2.2176229770777833e-05,0.0021058585560487808,0.8357996337440512,0.4032954991045129
long_form,C4_longformer,10,0.05,pooled,rawHAR,7167,0.07562438956327612,86.21007701241342,1.618010752554655e-20,87.6501834768219,9.268394036467821e-20,0.0071334365491374785,2.756889112881359,0.005850183823668195
long_form,C4_longformer,10,0.05,pooled,fR,7167,0.054555602065020234,3.0451846008022585,0.08097690905808333,4.096430277268155,0.12896488272304632,0.0069759838661148,0.0,1.0
long_form,C4_longformer,10,0.05,pooled,fU,7167,0.05497418724710479,3.6214980893241773,0.05703749097565204,4.002230666549167,0.13518442343710954,0.00699980966022635,3.8784931818898456,0.00010604607466873611
long_form,C4_longformer,10,0.05,zero,rawHAR,7167,0.06725268592158504,40.721621172441246,1.7553420328296964e-10,43.45198588000767,3.668775627564273e-10,0.007053518344448276,1.539254840298918,0.12378624662917535
long_form,C4_longformer,10,0.05,zero,fR,7167,0.04981163666806195,0.005359865072932735,0.9416381340611156,0.21012397215190504,0.9002687167316374,0.006969883187654301,0.0,1.0
long_form,C4_longformer,10,0.05,zero,fU,7167,0.04953257988000558,0.033063195884096785,0.8557138809197936,0.19598103052612714,0.906657503121048,0.006992902247055842,3.8329661052337474,0.00012769091725129601
long_form,C4_longformer,20,0.01,pooled,rawHAR,7097,0.022262927997745527,79.92924034398288,3.8806101994859314e-19,80.0130795410837,4.22066164364222e-18,0.003068498938898549,2.584177418357003,0.009780949819508177
long_form,C4_longformer,20,0.01,pooled,fR,7097,0.011554177821614766,1.6490919423581545,0.19908256765657462,2.5598341579120643,0.2780603565523144,0.00287263330516439,0.0,1.0
long_form,C4_longformer,20,0.01,pooled,fU,7097,0.011695082429195435,1.9534465588997136,0.16221593480520982,4.766233635024946,0.09226256332655616,0.0028027279394720263,-1.9493704000922625,0.05129054898968499
long_form,C4_longformer,20,0.01,zero,rawHAR,7097,0.019163026630970834,47.45191234798176,5.636992662007089e-12,47.510870476059836,4.821093574016498e-11,0.0029831047225170122,1.7055902073506335,0.08812816815885556
long_form,C4_longformer,20,0.01,zero,fR,7097,0.010426940960969423,0.12886730472985164,0.7196093589165353,0.19201718526255718,0.9084562100059236,0.002864275741010176,0.0,1.0
long_form,C4_longformer,20,0.01,zero,fU,7097,0.01000422713822742,1.2807722896468476e-05,0.9971445464764584,1.6089606988629157,0.44732031643011627,0.002796920827550231,-2.101187513577919,0.0356596871026711
long_form,C4_longformer,20,0.05,pooled,rawHAR,7097,0.06397069184162323,26.898345698352387,2.1444235676602915e-07,29.680988432953654,3.5880232872179466e-07,0.009266728986731757,-1.022651317783673,0.3065075983531292
long_form,C4_longformer,20,0.05,pooled,fR,7097,0.03677610257855432,28.655138648116008,8.6484191561753e-08,30.31960961507002,2.6072364877119144e-07,0.009373693794225552,0.0,1.0
long_form,C4_longformer,20,0.05,pooled,fU,7097,0.03550796111032831,34.758933140628415,3.7316248409747005e-09,35.93232648566209,1.575413064585225e-08,0.009304686446420381,-1.437167430110025,0.15071451582572148
long_form,C4_longformer,20,0.05,zero,rawHAR,7097,0.052839227842750455,1.1834273501494863,0.2766593581272047,3.2830582042765855,0.1936836536554371,0.009203798152464098,-3.1413965948496787,0.001688356338113891
long_form,C4_longformer,20,0.05,zero,fR,7097,0.031280822882908274,60.056807267593285,9.215871405276428e-15,60.20017743862263,8.466376241688937e-14,0.00949966740624566,0.0,1.0
long_form,C4_longformer,20,0.05,zero,fU,7097,0.030576299845004932,65.05921606895663,7.268084169966346e-16,65.52627933923668,5.904039190847681e-15,0.009441275817744678,-1.2870700733183924,0.19811184647881946
long_form,C5_qwen3,5,0.01,pooled,rawHAR,7550,0.03165562913907285,227.41699471797074,2.1810545258968248e-51,230.88270057402588,7.319115268309293e-51,0.001808098441018817,5.862815994353093,4.742486649659247e-09
long_form,C5_qwen3,5,0.01,pooled,fR,7550,0.02609271523178808,136.8598069109487,1.2940627348662836e-31,138.30374832140546,9.283732937516565e-31,0.0016716757896970038,0.0,1.0
long_form,C5_qwen3,5,0.01,pooled,fU,7550,0.02609271523178808,136.8598069109487,1.2940627348662836e-31,138.30374832140546,9.283732937516565e-31,0.0016674365705740242,-0.4224971499569052,0.6726742135950293
long_form,C5_qwen3,5,0.01,zero,rawHAR,7550,0.028741721854304635,177.8976852961432,1.3946187869291514e-40,182.3986705581301,2.469630244119273e-40,0.0017481258140282431,5.284859471606235,1.2932058085026526e-07
long_form,C5_qwen3,5,0.01,zero,fR,7550,0.023311258278145695,98.27306307355025,3.644904900990012e-23,99.0817647190479,3.052587789154851e-22,0.0016281765255728089,0.0,1.0
long_form,C5_qwen3,5,0.01,zero,fU,7550,0.02357615894039735,101.73580030494713,6.344335075335785e-24,104.62039604728216,1.914122159572182e-23,0.0016235973165837005,-0.4965956713576046,0.6194886661140699
long_form,C5_qwen3,5,0.05,pooled,rawHAR,7550,0.07589403973509934,92.62096602959036,6.3332923078480525e-22,95.99961368039976,1.425439393738943e-21,0.00523141799019725,3.7908600427227883,0.0001512961171154593
long_form,C5_qwen3,5,0.05,pooled,fR,7550,0.0652980132450331,34.07144591157112,5.312514908209179e-09,36.67694416359154,1.0856823270116753e-08,0.005145065138654407,0.0,1.0
long_form,C5_qwen3,5,0.05,pooled,fU,7550,0.0633112582781457,26.069211193028423,3.2939494713649747e-07,27.27258256739924,1.1962830294922302e-06,0.005131227456538161,-1.3069966612796258,0.19125365589325202
long_form,C5_qwen3,5,0.05,zero,rawHAR,7550,0.0666225165562914,39.950561814483535,2.6047264180270537e-10,41.31759720380887,1.0665906308748773e-09,0.005168800770629961,2.6322221707460165,0.008500102360541818
long_form,C5_qwen3,5,0.05,zero,fR,7550,0.05827814569536424,10.365862908362942,0.0012836688481720952,13.181747475871362,0.001372839937110541,0.005110541390549537,0.0,1.0
long_form,C5_qwen3,5,0.05,zero,fU,7550,0.056821192052980134,7.097157140116906,0.007720631287357829,8.055866632742436,0.01781110185524246,0.005102522433952493,-0.8079783063123116,0.41912852989963034
long_form,C5_qwen3,10,0.01,pooled,rawHAR,7167,0.02804520719966513,158.2673436813925,2.70536201144898e-36,158.3466212008036,4.125419264043512e-35,0.0023603617520852093,5.53022251138909,3.310978563500402e-08
long_form,C5_qwen3,10,0.01,pooled,fR,7167,0.01772010604157946,35.089762543319466,3.148517085778234e-09,35.32444255085579,2.134984674691692e-08,0.002126983874731644,0.0,1.0
long_form,C5_qwen3,10,0.01,pooled,fU,7167,0.018138691223664016,38.64101669790489,5.093715836777933e-10,38.80813359983881,3.740424235805254e-09,0.0021053122152966904,-1.1477723345706161,0.251100876490343
long_form,C5_qwen3,10,0.01,zero,rawHAR,7167,0.02623133807729873,131.86078590332113,1.604881705020248e-30,131.86176515822922,2.3258489628753347e-29,0.0022974530569101707,4.936042351142001,8.152439275737136e-07
long_form,C5_qwen3,10,0.01,zero,fR,7167,0.016324822101297615,24.314013130453077,8.184150303211939e-07,24.863631416226326,3.989615458139434e-06,0.0021019381232938133,0.0,1.0
long_form,C5_qwen3,10,0.01,zero,fU,7167,0.01562718013115669,19.569235275862184,9.701895903208786e-06,19.6043606389419,5.533082893721378e-05,0.0020794919753888063,-1.2817514833661765,0.19997130728043355
long_form,C5_qwen3,10,0.05,pooled,rawHAR,7167,0.07562438956327612,86.21007701241342,1.618010752554655e-20,87.6501834768219,9.268394036467821e-20,0.0071334365491374785,2.756889112881359,0.005850183823668195
long_form,C5_qwen3,10,0.05,pooled,fR,7167,0.054555602065020234,3.0451846008022585,0.08097690905808333,4.096430277268155,0.12896488272304632,0.0069759838661148,0.0,1.0
long_form,C5_qwen3,10,0.05,pooled,fU,7167,0.052881261336682014,1.2304332584435542,0.2673227961695372,1.458549724211025,0.4822585672911307,0.006919799580014776,-2.1078668267635745,0.03507714671011833
long_form,C5_qwen3,10,0.05,zero,rawHAR,7167,0.06725268592158504,40.721621172441246,1.7553420328296964e-10,43.45198588000767,3.668775627564273e-10,0.007053518344448276,1.539254840298918,0.12378624662917535
long_form,C5_qwen3,10,0.05,zero,fR,7167,0.04981163666806195,0.005359865072932735,0.9416381340611156,0.21012397215190504,0.9002687167316374,0.006969883187654301,0.0,1.0
long_form,C5_qwen3,10,0.05,zero,fU,7167,0.04757918236361099,0.8980929919198388,0.3432935652294218,1.6319607784562322,0.4422055811876455,0.006918409150454026,-2.0690103134625657,0.03858089069808695
long_form,C5_qwen3,20,0.01,pooled,rawHAR,7097,0.022262927997745527,79.92924034398288,3.8806101994859314e-19,80.0130795410837,4.22066164364222e-18,0.003068498938898549,2.584177418357003,0.009780949819508177
long_form,C5_qwen3,20,0.01,pooled,fR,7097,0.011554177821614766,1.6490919423581545,0.19908256765657462,2.5598341579120643,0.2780603565523144,0.00287263330516439,0.0,1.0
long_form,C5_qwen3,20,0.01,pooled,fU,7097,0.009863322530646753,0.01345244189224104,0.9076646974503999,0.13788576073966397,0.9333799928755832,0.00274869011112457,-2.463352575991164,0.013788007962720412
long_form,C5_qwen3,20,0.01,zero,rawHAR,7097,0.019163026630970834,47.45191234798176,5.636992662007089e-12,47.510870476059836,4.821093574016498e-11,0.0029831047225170122,1.7055902073506335,0.08812816815885556
long_form,C5_qwen3,20,0.01,zero,fR,7097,0.010426940960969423,0.12886730472985164,0.7196093589165353,0.19201718526255718,0.9084562100059236,0.002864275741010176,0.0,1.0
long_form,C5_qwen3,20,0.01,zero,fU,7097,0.009017894885162745,0.71501847684317,0.3977828164856979,0.9741869962077772,0.614409584127868,0.0027522274486262046,-2.4037365271250866,0.01625395096746093
long_form,C5_qwen3,20,0.05,pooled,rawHAR,7097,0.06397069184162323,26.898345698352387,2.1444235676602915e-07,29.680988432953654,3.5880232872179466e-07,0.009266728986731757,-1.022651317783673,0.3065075983531292
long_form,C5_qwen3,20,0.05,pooled,fR,7097,0.03677610257855432,28.655138648116008,8.6484191561753e-08,30.31960961507002,2.6072364877119144e-07,0.009373693794225552,0.0,1.0
long_form,C5_qwen3,20,0.05,pooled,fU,7097,0.0350852472875863,36.94053866192917,1.217872435028852e-09,37.96841439950822,5.691982679069403e-09,0.009230572554871872,-2.006354299771716,0.044856336362285774
long_form,C5_qwen3,20,0.05,zero,rawHAR,7097,0.052839227842750455,1.1834273501494863,0.2766593581272047,3.2830582042765855,0.1936836536554371,0.009203798152464098,-3.1413965948496787,0.001688356338113891
long_form,C5_qwen3,20,0.05,zero,fR,7097,0.031280822882908274,60.056807267593285,9.215871405276428e-15,60.20017743862263,8.466376241688937e-14,0.00949966740624566,0.0,1.0
long_form,C5_qwen3,20,0.05,zero,fU,7097,0.028462730731294912,81.51464268249038,1.7396784125407157e-19,81.62291035105773,1.8871665010868774e-18,0.009376665483538648,-1.8586281205889528,0.06312124297482175
long_form,D2_gated_fusion,5,0.01,pooled,rawHAR,7550,0.03165562913907285,227.41699471797074,2.1810545258968248e-51,230.88270057402588,7.319115268309293e-51,0.001808098441018817,5.862815994353093,4.742486649659247e-09
long_form,D2_gated_fusion,5,0.01,pooled,fR,7550,0.02609271523178808,136.8598069109487,1.2940627348662836e-31,138.30374832140546,9.283732937516565e-31,0.0016716757896970038,0.0,1.0
long_form,D2_gated_fusion,5,0.01,pooled,fU,7550,0.025960264900662253,134.91410784341474,3.4476536298139367e-31,136.42041968681724,2.380577121737165e-30,0.0016903513049072898,4.01171833300524,6.086037106990708e-05
long_form,D2_gated_fusion,5,0.01,zero,rawHAR,7550,0.028741721854304635,177.8976852961432,1.3946187869291514e-40,182.3986705581301,2.469630244119273e-40,0.0017481258140282431,5.284859471606235,1.2932058085026526e-07
long_form,D2_gated_fusion,5,0.01,zero,fR,7550,0.023311258278145695,98.27306307355025,3.644904900990012e-23,99.0817647190479,3.052587789154851e-22,0.0016281765255728089,0.0,1.0
long_form,D2_gated_fusion,5,0.01,zero,fU,7550,0.02384105960264901,105.2445674894916,1.0795430128765167e-24,105.88240076250031,1.0184244310489507e-23,0.0016451106185263519,3.7126109876416344,0.00020660928706004616
long_form,D2_gated_fusion,5,0.05,pooled,rawHAR,7550,0.07589403973509934,92.62096602959036,6.3332923078480525e-22,95.99961368039976,1.425439393738943e-21,0.00523141799019725,3.7908600427227883,0.0001512961171154593
long_form,D2_gated_fusion,5,0.05,pooled,fR,7550,0.0652980132450331,34.07144591157112,5.312514908209179e-09,36.67694416359154,1.0856823270116753e-08,0.005145065138654407,0.0,1.0
long_form,D2_gated_fusion,5,0.05,pooled,fU,7550,0.06556291390728476,35.21280678779203,2.9557340388286588e-09,37.65468944096392,6.658678999561433e-09,0.00515806196136801,3.005586643639712,0.0026594031808344796
long_form,D2_gated_fusion,5,0.05,zero,rawHAR,7550,0.0666225165562914,39.950561814483535,2.6047264180270537e-10,41.31759720380887,1.0665906308748773e-09,0.005168800770629961,2.6322221707460165,0.008500102360541818
long_form,D2_gated_fusion,5,0.05,zero,fR,7550,0.05827814569536424,10.365862908362942,0.0012836688481720952,13.181747475871362,0.001372839937110541,0.005110541390549537,0.0,1.0
long_form,D2_gated_fusion,5,0.05,zero,fU,7550,0.059072847682119206,12.395850619874182,0.0004302889373588199,14.717911165934765,0.0006368632631514493,0.00512177059507228,2.670994957946669,0.007578896713876264
long_form,D2_gated_fusion,10,0.01,pooled,rawHAR,7167,0.02804520719966513,158.2673436813925,2.70536201144898e-36,158.3466212008036,4.125419264043512e-35,0.0023603617520852093,5.53022251138909,3.310978563500402e-08
long_form,D2_gated_fusion,10,0.01,pooled,fR,7167,0.01772010604157946,35.089762543319466,3.148517085778234e-09,35.32444255085579,2.134984674691692e-08,0.002126983874731644,0.0,1.0
long_form,D2_gated_fusion,10,0.01,pooled,fU,7167,0.018417748011720386,41.08706613283198,1.4559663175207475e-10,41.215741364251926,1.1223168388690395e-09,0.002122736752193597,-0.5055758845177712,0.6131699643733788
long_form,D2_gated_fusion,10,0.01,zero,rawHAR,7167,0.02623133807729873,131.86078590332113,1.604881705020248e-30,131.86176515822922,2.3258489628753347e-29,0.0022974530569101707,4.936042351142001,8.152439275737136e-07
long_form,D2_gated_fusion,10,0.01,zero,fR,7167,0.016324822101297615,24.314013130453077,8.184150303211939e-07,24.863631416226326,3.989615458139434e-06,0.0021019381232938133,0.0,1.0
long_form,D2_gated_fusion,10,0.01,zero,fU,7167,0.016743407283382167,27.370629158298698,1.6796301953577256e-07,27.810816561319825,9.140246644695479e-07,0.002095934253716929,-0.7661948171128654,0.44358562921725925
long_form,D2_gated_fusion,10,0.05,pooled,rawHAR,7167,0.07562438956327612,86.21007701241342,1.618010752554655e-20,87.6501834768219,9.268394036467821e-20,0.0071334365491374785,2.756889112881359,0.005850183823668195
long_form,D2_gated_fusion,10,0.05,pooled,fR,7167,0.054555602065020234,3.0451846008022585,0.08097690905808333,4.096430277268155,0.12896488272304632,0.0069759838661148,0.0,1.0
long_form,D2_gated_fusion,10,0.05,pooled,fU,7167,0.054834658853076604,3.424004969683665,0.0642549535146361,5.1664075816261175,0.07553162843255062,0.00696989454488818,-0.6361317696538311,0.5247108561456807
long_form,D2_gated_fusion,10,0.05,zero,rawHAR,7167,0.06725268592158504,40.721621172441246,1.7553420328296964e-10,43.45198588000767,3.668775627564273e-10,0.007053518344448276,1.539254840298918,0.12378624662917535
long_form,D2_gated_fusion,10,0.05,zero,fR,7167,0.04981163666806195,0.005359865072932735,0.9416381340611156,0.21012397215190504,0.9002687167316374,0.006969883187654301,0.0,1.0
long_form,D2_gated_fusion,10,0.05,zero,fU,7167,0.05023022185014651,0.007985578671650728,0.9287941705134909,0.6241341885302063,0.731932418113129,0.006961617020380033,-0.8998259432528083,0.3682431222035272
long_form,D2_gated_fusion,20,0.01,pooled,rawHAR,7097,0.022262927997745527,79.92924034398288,3.8806101994859314e-19,80.0130795410837,4.22066164364222e-18,0.003068498938898549,2.584177418357003,0.009780949819508177
long_form,D2_gated_fusion,20,0.01,pooled,fR,7097,0.011554177821614766,1.6490919423581545,0.19908256765657462,2.5598341579120643,0.2780603565523144,0.00287263330516439,0.0,1.0
long_form,D2_gated_fusion,20,0.01,pooled,fU,7097,0.012963223897421446,5.756772665994504,0.01642521481242332,7.749159558313977,0.020763061111772032,0.0028137148021735287,-1.4445969213614827,0.14861529106584698
long_form,D2_gated_fusion,20,0.01,zero,rawHAR,7097,0.019163026630970834,47.45191234798176,5.636992662007089e-12,47.510870476059836,4.821093574016498e-11,0.0029831047225170122,1.7055902073506335,0.08812816815885556
long_form,D2_gated_fusion,20,0.01,zero,fR,7097,0.010426940960969423,0.12886730472985164,0.7196093589165353,0.19201718526255718,0.9084562100059236,0.002864275741010176,0.0,1.0
long_form,D2_gated_fusion,20,0.01,zero,fU,7097,0.010426940960969423,0.12886730472985164,0.7196093589165353,3.9566069221070848,0.13830367596021703,0.0027993281701548284,-1.8301326559220072,0.06727203011356343
long_form,D2_gated_fusion,20,0.05,pooled,rawHAR,7097,0.06397069184162323,26.898345698352387,2.1444235676602915e-07,29.680988432953654,3.5880232872179466e-07,0.009266728986731757,-1.022651317783673,0.3065075983531292
long_form,D2_gated_fusion,20,0.05,pooled,fR,7097,0.03677610257855432,28.655138648116008,8.6484191561753e-08,30.31960961507002,2.6072364877119144e-07,0.009373693794225552,0.0,1.0
long_form,D2_gated_fusion,20,0.05,pooled,fU,7097,0.040439622375651685,14.570300336105447,0.00013502601739501734,14.823191279623643,0.0006042058300746956,0.009284162481504137,-1.4047953452352688,0.1601259156343872
long_form,D2_gated_fusion,20,0.05,zero,rawHAR,7097,0.052839227842750455,1.1834273501494863,0.2766593581272047,3.2830582042765855,0.1936836536554371,0.009203798152464098,-3.1413965948496787,0.001688356338113891
long_form,D2_gated_fusion,20,0.05,zero,fR,7097,0.031280822882908274,60.056807267593285,9.215871405276428e-15,60.20017743862263,8.466376241688937e-14,0.00949966740624566,0.0,1.0
long_form,D2_gated_fusion,20,0.05,zero,fU,7097,0.03325348738903762,47.27136773633629,6.180850816876472e-12,47.27446052426285,5.426019243703073e-11,0.009392343040050427,-1.8247752430449005,0.06807697696666132
event_driven,B2_tfidf_ridge,5,0.01,pooled,rawHAR,23855,0.03202682875707399,739.4535625867456,7.881308644482106e-163,879.7242271063578,9.339234613105106e-192,0.0019992487271924993,0.1657161512383083,0.8683817393307114
event_driven,B2_tfidf_ridge,5,0.01,pooled,fR,23855,0.033326346677845314,814.298721299614,4.200450164071903e-179,929.7841329636403,1.2587539498711216e-202,0.0019982833850841508,0.0,1.0
event_driven,B2_tfidf_ridge,5,0.01,pooled,fU,23855,0.033200586879060995,806.9448035646901,1.6677997861181102e-177,912.0962745210318,8.725905503148023e-199,0.001989022393490538,-1.7677537962521992,0.07711485378108096
event_driven,B2_tfidf_ridge,5,0.01,zero,rawHAR,23855,0.03110459023265563,687.9086593375087,1.273732480952635e-151,818.374104374363,1.9602938113512984e-178,0.001980576403102387,0.3691609464074797,0.712011039998572
event_driven,B2_tfidf_ridge,5,0.01,zero,fR,23855,0.03219450848878642,748.9670769252543,6.729711472871233e-165,871.9728739384509,4.502940823420782e-190,0.0019784546982273064,0.0,1.0
event_driven,B2_tfidf_ridge,5,0.01,zero,fU,23855,0.03202682875707399,739.4535625867456,7.881308644482106e-163,849.0789942494994,4.215402499850766e-185,0.0019692809230177468,-1.7729259934366977,0.07625372937408834
event_driven,B2_tfidf_ridge,5,0.05,pooled,rawHAR,23855,0.07512051980716832,276.42886877036835,4.506351483112544e-62,438.1725611405218,7.112745795995344e-96,0.005431553593406163,-1.5865127967746144,0.1126362863076536
event_driven,B2_tfidf_ridge,5,0.05,pooled,fR,23855,0.07809683504506393,341.0436617673895,3.7807733935217543e-76,511.06245048427445,1.0573016826366807e-111,0.0054422881281492985,0.0,1.0
event_driven,B2_tfidf_ridge,5,0.05,pooled,fU,23855,0.07579123873401802,290.4667260580409,3.934243258294068e-65,443.7230403794565,4.4336972545991775e-97,0.00542978950598306,-2.10842758993607,0.03500441936862665
event_driven,B2_tfidf_ridge,5,0.05,zero,rawHAR,23855,0.07239572416684133,222.60390538445245,2.4457961583876435e-50,394.28524954670866,2.4101602140059663e-86,0.0054107627370428395,-1.2604930692759762,0.20750387608569917
event_driven,B2_tfidf_ridge,5,0.05,zero,fR,23855,0.07533011947180884,280.7826328744686,5.070464095574672e-63,450.1137441116116,1.8156927178160428e-98,0.005419210502482188,0.0,1.0
event_driven,B2_tfidf_ridge,5,0.05,zero,fU,23855,0.0733598826241878,241.05590688943448,2.3145829831228721e-54,395.17707096103004,1.5430832372073021e-86,0.00540843638776089,-1.8477358957602281,0.06465293041528224
event_driven,B2_tfidf_ridge,10,0.01,pooled,rawHAR,22785,0.029098090849242923,554.4329735894516,1.366611958152434e-122,763.0568148085713,2.0151991670568848e-166,0.002544047440330282,8.10827418976205,5.390969558797606e-16
event_driven,B2_tfidf_ridge,10,0.01,pooled,fR,22785,0.02576256308975203,398.4488927777875,1.198375206358319e-88,615.872640383338,1.8405828164420308e-134,0.002442435399041254,0.0,1.0
event_driven,B2_tfidf_ridge,10,0.01,pooled,fU,22785,0.025148123765635286,371.8474668834915,7.412180251758999e-83,567.8771685193678,4.86451622870141e-124,0.002430856997070992,-1.7602886991286373,0.07837228506745265
event_driven,B2_tfidf_ridge,10,0.01,zero,rawHAR,22785,0.02760588106210226,482.3048316329405,6.733175468307244e-107,674.7683698150349,2.9916460747996906e-147,0.002511766578686793,7.86145118758185,3.964631058946205e-15
event_driven,B2_tfidf_ridge,10,0.01,zero,fR,22785,0.024709238534123327,353.27516045371067,8.202313489037673e-79,559.5723969084356,3.0931280446625696e-122,0.002415551218708581,0.0,1.0
event_driven,B2_tfidf_ridge,10,0.01,zero,fU,22785,0.023963133640552997,322.5416419091498,4.0483992643494327e-72,526.126153047524,5.664446421004733e-115,0.002405339395547431,-1.5799227582908475,0.11413843828060288
event_driven,B2_tfidf_ridge,10,0.05,pooled,rawHAR,22785,0.07245995172262454,213.77367919270364,2.063431168996391e-48,547.020889326519,1.644080732900527e-119,0.007340725572712589,3.937694276647788,8.251300443672399e-05
event_driven,B2_tfidf_ridge,10,0.05,pooled,fR,22785,0.0653061224489796,102.92822949166839,3.475123588537447e-24,409.39627010114964,1.2610418266923015e-89,0.007275969189033014,0.0,1.0
event_driven,B2_tfidf_ridge,10,0.05,pooled,fU,22785,0.06491112574061883,97.88707531321415,4.429353581240802e-23,401.65201763133155,6.058603741315617e-88,0.007257154114865642,-2.501345564349579,0.01237919853239413
event_driven,B2_tfidf_ridge,10,0.05,zero,rawHAR,22785,0.06899275839368005,155.51047933552218,1.0830276282942193e-35,485.85502053550226,3.147188736081372e-106,0.0073044137003685965,3.2908986635898962,0.001000196007180403
event_driven,B2_tfidf_ridge,10,0.05,zero,fR,22785,0.062453368444151856,69.17832515425835,8.99511822651238e-17,368.69627755678266,8.682015951010229e-81,0.007251349627384297,0.0,1.0
event_driven,B2_tfidf_ridge,10,0.05,zero,fU,22785,0.06144393241167435,58.73958675036556,1.7998358688650634e-14,355.5417463318099,6.238651714439399e-78,0.007234122880570164,-2.3431284637163943,0.019131351073820663
event_driven,B2_tfidf_ridge,20,0.01,pooled,rawHAR,22318,0.024733399050094095,347.02667577720877,1.882048743015332e-77,749.7745802840936,1.5435423712348625e-163,0.0030478793825287785,7.248567745238189,4.3491681362680287e-13
event_driven,B2_tfidf_ridge,20,0.01,pooled,fR,22318,0.016085670759028586,70.49344611888546,4.617981148168823e-17,401.6411589178924,6.091587521579769e-88,0.002874484616025335,0.0,1.0
event_driven,B2_tfidf_ridge,20,0.01,pooled,fU,22318,0.01648893270006273,79.38807774523957,5.103313859894494e-19,433.1698110912075,8.677021189426645e-95,0.002855827716717754,-2.0559689032904584,0.03979711862795878
event_driven,B2_tfidf_ridge,20,0.01,zero,rawHAR,22318,0.023075544403620397,281.50525758331696,3.528397595645903e-63,687.8988606154726,4.2136684807569746e-150,0.0029978452668152464,6.326267500224722,2.5593084878941257e-10
event_driven,B2_tfidf_ridge,20,0.01,zero,fR,22318,0.014920691818263285,47.415892382439324,5.741530624161401e-12,359.8921607281163,7.0861486376946e-79,0.002854491753278329,0.0,1.0
event_driven,B2_tfidf_ridge,20,0.01,zero,fU,22318,0.014875884935926158,46.60865056384,8.667677351678037e-12,366.6081156054461,2.466375432831935e-80,0.002835707339895144,-2.139425939831559,0.03241200371861511
event_driven,B2_tfidf_ridge,20,0.05,pooled,rawHAR,22318,0.06622457209427368,112.74008060730557,2.459989033091991e-26,786.2973541447082,1.8100850436713797e-171,0.009578842139621672,2.1384714905615727,0.03248932067015004
event_driven,B2_tfidf_ridge,20,0.05,pooled,fR,22318,0.05076619768796487,0.2745065447925299,0.6003246392532414,597.6818419645479,1.6407297410962274e-130,0.009501370435499106,0.0,1.0
event_driven,B2_tfidf_ridge,20,0.05,pooled,fU,22318,0.050138901335245095,0.00905719824550033,0.92418034355234,565.0490277459921,2.0006108626924984e-123,0.009474940306125487,-2.2116357516448284,0.027001936828144397
event_driven,B2_tfidf_ridge,20,0.05,zero,rawHAR,22318,0.060354870508110045,47.38918563894367,5.820290134206949e-12,698.1203049213418,2.5415691717248366e-152,0.009531770997927203,0.7831869377094325,0.4335256552482175
event_driven,B2_tfidf_ridge,20,0.05,zero,fR,22318,0.04731606774800609,3.4435482775406854,0.06349918260181933,563.4814066864428,4.380939044129577e-123,0.009504462057367673,0.0,1.0
event_driven,B2_tfidf_ridge,20,0.05,zero,fU,22318,0.04646473698360068,6.008229391438363,0.014239308706322921,546.1143350446455,2.5868955927654155e-119,0.009480709844797023,-2.0283235311619956,0.04253909100759572
event_driven,C2_finbert_s1,5,0.01,pooled,rawHAR,23855,0.03202682875707399,739.4535625867456,7.881308644482106e-163,879.7242271063578,9.339234613105106e-192,0.0019992487271924993,0.1657161512383083,0.8683817393307114
event_driven,C2_finbert_s1,5,0.01,pooled,fR,23855,0.033326346677845314,814.298721299614,4.200450164071903e-179,929.7841329636403,1.2587539498711216e-202,0.0019982833850841508,0.0,1.0
event_driven,C2_finbert_s1,5,0.01,pooled,fU,23855,0.03194298889121777,734.7130182696874,8.460329464022548e-162,836.4010165942991,2.3868598404539317e-182,0.0019570379726099995,-7.761594140525481,8.722335711367892e-15
event_driven,C2_finbert_s1,5,0.01,zero,rawHAR,23855,0.03110459023265563,687.9086593375087,1.273732480952635e-151,818.374104374363,1.9602938113512984e-178,0.001980576403102387,0.3691609464074797,0.712011039998572
event_driven,C2_finbert_s1,5,0.01,zero,fR,23855,0.03219450848878642,748.9670769252543,6.729711472871233e-165,871.9728739384509,4.502940823420782e-190,0.0019784546982273064,0.0,1.0
event_driven,C2_finbert_s1,5,0.01,zero,fU,23855,0.03076923076923077,669.4968957065385,1.2853333203628019e-147,778.427674384995,9.259301524469819e-170,0.0019384812653392251,-7.623268285371735,2.5653807029435148e-14
event_driven,C2_finbert_s1,5,0.05,pooled,rawHAR,23855,0.07512051980716832,276.42886877036835,4.506351483112544e-62,438.1725611405218,7.112745795995344e-96,0.005431553593406163,-1.5865127967746144,0.1126362863076536
event_driven,C2_finbert_s1,5,0.05,pooled,fR,23855,0.07809683504506393,341.0436617673895,3.7807733935217543e-76,511.06245048427445,1.0573016826366807e-111,0.0054422881281492985,0.0,1.0
event_driven,C2_finbert_s1,5,0.05,pooled,fU,23855,0.0750785998742402,275.56173364118695,6.963032956791037e-62,447.48122536711526,6.771525743568917e-98,0.005409429944714523,-5.736240754901064,9.797136663884653e-09
event_driven,C2_finbert_s1,5,0.05,zero,rawHAR,23855,0.07239572416684133,222.60390538445245,2.4457961583876435e-50,394.28524954670866,2.4101602140059663e-86,0.0054107627370428395,-1.2604930692759762,0.20750387608569917
event_driven,C2_finbert_s1,5,0.05,zero,fR,23855,0.07533011947180884,280.7826328744686,5.070464095574672e-63,450.1137441116116,1.8156927178160428e-98,0.005419210502482188,0.0,1.0
event_driven,C2_finbert_s1,5,0.05,zero,fU,23855,0.07268916369733809,228.15018869884807,1.5092546458322e-51,381.10119792734986,1.7576255077814693e-83,0.005388586041368789,-5.412261050521984,6.283361734055707e-08
event_driven,C2_finbert_s1,10,0.01,pooled,rawHAR,22785,0.029098090849242923,554.4329735894516,1.366611958152434e-122,763.0568148085713,2.0151991670568848e-166,0.002544047440330282,8.10827418976205,5.390969558797606e-16
event_driven,C2_finbert_s1,10,0.01,pooled,fR,22785,0.02576256308975203,398.4488927777875,1.198375206358319e-88,615.872640383338,1.8405828164420308e-134,0.002442435399041254,0.0,1.0
event_driven,C2_finbert_s1,10,0.01,pooled,fU,22785,0.025192012288786484,373.7244913001896,2.892462396028737e-83,599.4016240931778,6.943702513420352e-131,0.0024180953834542444,-4.232560680880393,2.319495634311038e-05
event_driven,C2_finbert_s1,10,0.01,zero,rawHAR,22785,0.02760588106210226,482.3048316329405,6.733175468307244e-107,674.7683698150349,2.9916460747996906e-147,0.002511766578686793,7.86145118758185,3.964631058946205e-15
event_driven,C2_finbert_s1,10,0.01,zero,fR,22785,0.024709238534123327,353.27516045371067,8.202313489037673e-79,559.5723969084356,3.0931280446625696e-122,0.002415551218708581,0.0,1.0
event_driven,C2_finbert_s1,10,0.01,zero,fU,22785,0.024050910686855387,326.101683027573,6.789864142854885e-73,537.2813498857104,2.1420877497325393e-117,0.0023921948023883613,-4.110907960877801,3.954863096126523e-05
event_driven,C2_finbert_s1,10,0.05,pooled,rawHAR,22785,0.07245995172262454,213.77367919270364,2.063431168996391e-48,547.020889326519,1.644080732900527e-119,0.007340725572712589,3.937694276647788,8.251300443672399e-05
event_driven,C2_finbert_s1,10,0.05,pooled,fR,22785,0.0653061224489796,102.92822949166839,3.475123588537447e-24,409.39627010114964,1.2610418266923015e-89,0.007275969189033014,0.0,1.0
event_driven,C2_finbert_s1,10,0.05,pooled,fU,22785,0.06394557823129252,86.05874367053912,1.746691281410034e-20,370.1225727816436,4.255048420773681e-81,0.007250650099052568,-4.0120109330518,6.0395911126628734e-05
event_driven,C2_finbert_s1,10,0.05,zero,rawHAR,22785,0.06899275839368005,155.51047933552218,1.0830276282942193e-35,485.85502053550226,3.147188736081372e-106,0.0073044137003685965,3.2908986635898962,0.001000196007180403
event_driven,C2_finbert_s1,10,0.05,zero,fR,22785,0.062453368444151856,69.17832515425835,8.99511822651238e-17,368.69627755678266,8.682015951010229e-81,0.007251349627384297,0.0,1.0
event_driven,C2_finbert_s1,10,0.05,zero,fU,22785,0.061224489795918366,56.57641940130634,5.40562058999155e-14,328.1479443684875,5.540886529473732e-72,0.007228490652817801,-3.6911270225388866,0.00022378298057740696
event_driven,C2_finbert_s1,20,0.01,pooled,rawHAR,22318,0.024733399050094095,347.02667577720877,1.882048743015332e-77,749.7745802840936,1.5435423712348625e-163,0.0030478793825287785,7.248567745238189,4.3491681362680287e-13
event_driven,C2_finbert_s1,20,0.01,pooled,fR,22318,0.016085670759028586,70.49344611888546,4.617981148168823e-17,401.6411589178924,6.091587521579769e-88,0.002874484616025335,0.0,1.0
event_driven,C2_finbert_s1,20,0.01,pooled,fU,22318,0.015368760641634555,55.82071342732934,7.939064759054033e-14,364.77782040536704,6.158894128532806e-80,0.0028321258812469925,-2.2070705025646005,0.02731927438979428
event_driven,C2_finbert_s1,20,0.01,zero,rawHAR,22318,0.023075544403620397,281.50525758331696,3.528397595645903e-63,687.8988606154726,4.2136684807569746e-150,0.0029978452668152464,6.326267500224722,2.5593084878941257e-10
event_driven,C2_finbert_s1,20,0.01,zero,fR,22318,0.014920691818263285,47.415892382439324,5.741530624161401e-12,359.8921607281163,7.0861486376946e-79,0.002854491753278329,0.0,1.0
event_driven,C2_finbert_s1,20,0.01,zero,fU,22318,0.014383009230217762,38.13664378948033,6.595969528045868e-10,343.12469667670666,3.1004077534121016e-75,0.002814587514638749,-2.128558798761518,0.033301702013993975
event_driven,C2_finbert_s1,20,0.05,pooled,rawHAR,22318,0.06622457209427368,112.74008060730557,2.459989033091991e-26,786.2973541447082,1.8100850436713797e-171,0.009578842139621672,2.1384714905615727,0.03248932067015004
event_driven,C2_finbert_s1,20,0.05,pooled,fR,22318,0.05076619768796487,0.2745065447925299,0.6003246392532414,597.6818419645479,1.6407297410962274e-130,0.009501370435499106,0.0,1.0
event_driven,C2_finbert_s1,20,0.05,pooled,fU,22318,0.04736087463034322,3.328553426632425,0.06808673390999119,532.3796002744539,2.4844980571767927e-116,0.009480967225496432,-0.8115710088258669,0.4170464878145931
event_driven,C2_finbert_s1,20,0.05,zero,rawHAR,22318,0.060354870508110045,47.38918563894367,5.820290134206949e-12,698.1203049213418,2.5415691717248366e-152,0.009531770997927203,0.7831869377094325,0.4335256552482175
event_driven,C2_finbert_s1,20,0.05,zero,fR,22318,0.04731606774800609,3.4435482775406854,0.06349918260181933,563.4814066864428,4.380939044129577e-123,0.009504462057367673,0.0,1.0
event_driven,C2_finbert_s1,20,0.05,zero,fU,22318,0.04319383457299041,22.770620387140298,1.825349781413552e-06,547.5002854885443,1.293670234993224e-119,0.0094985531548244,-0.243004242323176,0.8080043443584874
event_driven,C2_finbert_s2,5,0.01,pooled,rawHAR,23855,0.03202682875707399,739.4535625867456,7.881308644482106e-163,879.7242271063578,9.339234613105106e-192,0.0019992487271924993,0.1657161512383083,0.8683817393307114
event_driven,C2_finbert_s2,5,0.01,pooled,fR,23855,0.033326346677845314,814.298721299614,4.200450164071903e-179,929.7841329636403,1.2587539498711216e-202,0.0019982833850841508,0.0,1.0
event_driven,C2_finbert_s2,5,0.01,pooled,fU,23855,0.03118843009851184,692.5394927419648,1.2532936342940666e-152,789.1372899648813,4.3753696712915675e-172,0.0019644035954745876,-4.540650888674397,5.635499763765555e-06
event_driven,C2_finbert_s2,5,0.01,zero,rawHAR,23855,0.03110459023265563,687.9086593375087,1.273732480952635e-151,818.374104374363,1.9602938113512984e-178,0.001980576403102387,0.3691609464074797,0.712011039998572
event_driven,C2_finbert_s2,5,0.01,zero,fR,23855,0.03219450848878642,748.9670769252543,6.729711472871233e-165,871.9728739384509,4.502940823420782e-190,0.0019784546982273064,0.0,1.0
event_driven,C2_finbert_s2,5,0.01,zero,fU,23855,0.030391951372877802,648.9988251315253,3.6884782790375006e-143,749.3546394294481,1.9041780455307564e-163,0.0019463188950418872,-4.363319510989687,1.2864130486986392e-05
event_driven,C2_finbert_s2,5,0.05,pooled,rawHAR,23855,0.07512051980716832,276.42886877036835,4.506351483112544e-62,438.1725611405218,7.112745795995344e-96,0.005431553593406163,-1.5865127967746144,0.1126362863076536
event_driven,C2_finbert_s2,5,0.05,pooled,fR,23855,0.07809683504506393,341.0436617673895,3.7807733935217543e-76,511.06245048427445,1.0573016826366807e-111,0.0054422881281492985,0.0,1.0
event_driven,C2_finbert_s2,5,0.05,pooled,fU,23855,0.07545587927059316,283.409339905209,1.357243144956283e-63,443.73265681739576,4.412430236566411e-97,0.005412901670436185,-3.5283714993849022,0.00041891104591055623
event_driven,C2_finbert_s2,5,0.05,zero,rawHAR,23855,0.07239572416684133,222.60390538445245,2.4457961583876435e-50,394.28524954670866,2.4101602140059663e-86,0.0054107627370428395,-1.2604930692759762,0.20750387608569917
event_driven,C2_finbert_s2,5,0.05,zero,fR,23855,0.07533011947180884,280.7826328744686,5.070464095574672e-63,450.1137441116116,1.8156927178160428e-98,0.005419210502482188,0.0,1.0
event_driven,C2_finbert_s2,5,0.05,zero,fU,23855,0.07289876336197862,232.1491473651713,2.0260896112996565e-52,386.9146879941527,9.606009646108843e-85,0.005391976343135787,-3.3153238827386424,0.0009167350965417706
event_driven,C2_finbert_s2,10,0.01,pooled,rawHAR,22785,0.029098090849242923,554.4329735894516,1.366611958152434e-122,763.0568148085713,2.0151991670568848e-166,0.002544047440330282,8.10827418976205,5.390969558797606e-16
event_driven,C2_finbert_s2,10,0.01,pooled,fR,22785,0.02576256308975203,398.4488927777875,1.198375206358319e-88,615.872640383338,1.8405828164420308e-134,0.002442435399041254,0.0,1.0
event_driven,C2_finbert_s2,10,0.01,pooled,fU,22785,0.025587008997147245,390.777835315258,5.6045661445799865e-87,606.3807360436376,2.1188304319220757e-132,0.0024305413963737247,-2.4038580303797734,0.016231007095609574
event_driven,C2_finbert_s2,10,0.01,zero,rawHAR,22785,0.02760588106210226,482.3048316329405,6.733175468307244e-107,674.7683698150349,2.9916460747996906e-147,0.002511766578686793,7.86145118758185,3.964631058946205e-15
event_driven,C2_finbert_s2,10,0.01,zero,fR,22785,0.024709238534123327,353.27516045371067,8.202313489037673e-79,559.5723969084356,3.0931280446625696e-122,0.002415551218708581,0.0,1.0
event_driven,C2_finbert_s2,10,0.01,zero,fU,22785,0.02475312705727452,355.11610342333734,3.2588046690302387e-79,565.1479346814785,1.904080276539328e-123,0.0024038674873201856,-2.3989015657188832,0.016452319736817385
event_driven,C2_finbert_s2,10,0.05,pooled,rawHAR,22785,0.07245995172262454,213.77367919270364,2.063431168996391e-48,547.020889326519,1.644080732900527e-119,0.007340725572712589,3.937694276647788,8.251300443672399e-05
event_driven,C2_finbert_s2,10,0.05,pooled,fR,22785,0.0653061224489796,102.92822949166839,3.475123588537447e-24,409.39627010114964,1.2610418266923015e-89,0.007275969189033014,0.0,1.0
event_driven,C2_finbert_s2,10,0.05,pooled,fU,22785,0.06596445029624753,111.58867190273122,4.396928733488735e-26,411.37547173168423,4.687608340277606e-90,0.007252480143187826,-4.106385695511877,4.032996314990971e-05
event_driven,C2_finbert_s2,10,0.05,zero,rawHAR,22785,0.06899275839368005,155.51047933552218,1.0830276282942193e-35,485.85502053550226,3.147188736081372e-106,0.0073044137003685965,3.2908986635898962,0.001000196007180403
event_driven,C2_finbert_s2,10,0.05,zero,fR,22785,0.062453368444151856,69.17832515425835,8.99511822651238e-17,368.69627755678266,8.682015951010229e-81,0.007251349627384297,0.0,1.0
event_driven,C2_finbert_s2,10,0.05,zero,fU,22785,0.06227781435154707,67.30558725739866,2.325214947441413e-16,357.95451269565274,1.867089694980829e-78,0.007228091264507769,-4.163837314905987,3.140935818952332e-05
event_driven,C2_finbert_s2,20,0.01,pooled,rawHAR,22318,0.024733399050094095,347.02667577720877,1.882048743015332e-77,749.7745802840936,1.5435423712348625e-163,0.0030478793825287785,7.248567745238189,4.3491681362680287e-13
event_driven,C2_finbert_s2,20,0.01,pooled,fR,22318,0.016085670759028586,70.49344611888546,4.617981148168823e-17,401.6411589178924,6.091587521579769e-88,0.002874484616025335,0.0,1.0
event_driven,C2_finbert_s2,20,0.01,pooled,fU,22318,0.015772022582668698,63.89192509915074,1.3143527544548682e-15,383.0125578721154,6.7589589413891265e-84,0.002861995425676967,-3.5402207813108606,0.0004006060383630857
event_driven,C2_finbert_s2,20,0.01,zero,rawHAR,22318,0.023075544403620397,281.50525758331696,3.528397595645903e-63,687.8988606154726,4.2136684807569746e-150,0.0029978452668152464,6.326267500224722,2.5593084878941257e-10
event_driven,C2_finbert_s2,20,0.01,zero,fR,22318,0.014920691818263285,47.415892382439324,5.741530624161401e-12,359.8921607281163,7.0861486376946e-79,0.002854491753278329,0.0,1.0
event_driven,C2_finbert_s2,20,0.01,zero,fU,22318,0.01456223675956627,41.13020659617814,1.4241821959025238e-10,348.63887892822277,1.9680192959528654e-76,0.0028430009909242333,-3.307776333464846,0.0009418852827883745
event_driven,C2_finbert_s2,20,0.05,pooled,rawHAR,22318,0.06622457209427368,112.74008060730557,2.459989033091991e-26,786.2973541447082,1.8100850436713797e-171,0.009578842139621672,2.1384714905615727,0.03248932067015004
event_driven,C2_finbert_s2,20,0.05,pooled,fR,22318,0.05076619768796487,0.2745065447925299,0.6003246392532414,597.6818419645479,1.6407297410962274e-130,0.009501370435499106,0.0,1.0
event_driven,C2_finbert_s2,20,0.05,pooled,fU,22318,0.04946679810018819,0.1340333751650178,0.714286212935183,593.2405680209249,1.5116367221623912e-129,0.009494629840398795,-1.3880359937268114,0.16513994128686688
event_driven,C2_finbert_s2,20,0.05,zero,rawHAR,22318,0.060354870508110045,47.38918563894367,5.820290134206949e-12,698.1203049213418,2.5415691717248366e-152,0.009531770997927203,0.7831869377094325,0.4335256552482175
event_driven,C2_finbert_s2,20,0.05,zero,fR,22318,0.04731606774800609,3.4435482775406854,0.06349918260181933,563.4814066864428,4.380939044129577e-123,0.009504462057367673,0.0,1.0
event_driven,C2_finbert_s2,20,0.05,zero,fU,22318,0.04597186127789228,7.825974191111527,0.005150068069016284,558.9096636148661,4.308326466347207e-122,0.009502567452895494,-0.4058865329068388,0.6848298649557655
event_driven,C4_longformer,5,0.01,pooled,rawHAR,23855,0.03202682875707399,739.4535625867456,7.881308644482106e-163,879.7242271063578,9.339234613105106e-192,0.0019992487271924993,0.1657161512383083,0.8683817393307114
event_driven,C4_longformer,5,0.01,pooled,fR,23855,0.033326346677845314,814.298721299614,4.200450164071903e-179,929.7841329636403,1.2587539498711216e-202,0.0019982833850841508,0.0,1.0
event_driven,C4_longformer,5,0.01,pooled,fU,23855,0.033619786208342065,831.548801912103,7.463584046356228e-183,941.5443198086814,3.5176183638693615e-205,0.0019819553726552848,-3.863305441217323,0.00011215866329391898
event_driven,C4_longformer,5,0.01,zero,rawHAR,23855,0.03110459023265563,687.9086593375087,1.273732480952635e-151,818.374104374363,1.9602938113512984e-178,0.001980576403102387,0.3691609464074797,0.712011039998572
event_driven,C4_longformer,5,0.01,zero,fR,23855,0.03219450848878642,748.9670769252543,6.729711472871233e-165,871.9728739384509,4.502940823420782e-190,0.0019784546982273064,0.0,1.0
event_driven,C4_longformer,5,0.01,zero,fU,23855,0.03252986795221128,768.1230486995146,4.601086075922113e-169,876.2290549342397,5.361400856406148e-191,0.0019618943490052627,-3.958350079809732,7.568796070935545e-05
event_driven,C4_longformer,5,0.05,pooled,rawHAR,23855,0.07512051980716832,276.42886877036835,4.506351483112544e-62,438.1725611405218,7.112745795995344e-96,0.005431553593406163,-1.5865127967746144,0.1126362863076536
event_driven,C4_longformer,5,0.05,pooled,fR,23855,0.07809683504506393,341.0436617673895,3.7807733935217543e-76,511.06245048427445,1.0573016826366807e-111,0.0054422881281492985,0.0,1.0
event_driven,C4_longformer,5,0.05,pooled,fU,23855,0.07771955564871096,332.5238231077419,2.7108254971400086e-74,489.36283609111706,5.447664064652273e-107,0.005427233120602988,-3.29317871994987,0.0009920559342605371
event_driven,C4_longformer,5,0.05,zero,rawHAR,23855,0.07239572416684133,222.60390538445245,2.4457961583876435e-50,394.28524954670866,2.4101602140059663e-86,0.0054107627370428395,-1.2604930692759762,0.20750387608569917
event_driven,C4_longformer,5,0.05,zero,fR,23855,0.07533011947180884,280.7826328744686,5.070464095574672e-63,450.1137441116116,1.8156927178160428e-98,0.005419210502482188,0.0,1.0
event_driven,C4_longformer,5,0.05,zero,fU,23855,0.07524627960595263,279.03751201111845,1.2171390966839063e-62,435.71662545599247,2.4284935004549605e-95,0.005404141786459741,-3.3396699152065352,0.0008400654805241372
event_driven,C4_longformer,10,0.01,pooled,rawHAR,22785,0.029098090849242923,554.4329735894516,1.366611958152434e-122,763.0568148085713,2.0151991670568848e-166,0.002544047440330282,8.10827418976205,5.390969558797606e-16
event_driven,C4_longformer,10,0.01,pooled,fR,22785,0.02576256308975203,398.4488927777875,1.198375206358319e-88,615.872640383338,1.8405828164420308e-134,0.002442435399041254,0.0,1.0
event_driven,C4_longformer,10,0.01,pooled,fU,22785,0.025279789335088874,377.4892571813316,4.381210473359839e-84,593.1257178814894,1.6009833840638602e-129,0.002426663783870809,-4.399640886421664,1.0892201700641466e-05
event_driven,C4_longformer,10,0.01,zero,rawHAR,22785,0.02760588106210226,482.3048316329405,6.733175468307244e-107,674.7683698150349,2.9916460747996906e-147,0.002511766578686793,7.86145118758185,3.964631058946205e-15
event_driven,C4_longformer,10,0.01,zero,fR,22785,0.024709238534123327,353.27516045371067,8.202313489037673e-79,559.5723969084356,3.0931280446625696e-122,0.002415551218708581,0.0,1.0
event_driven,C4_longformer,10,0.01,zero,fU,22785,0.024358130348913758,338.6792765983664,1.2373776905936863e-75,558.7881406364249,4.578223437172063e-122,0.0024006729941580883,-4.216406604885734,2.4918321002379704e-05
event_driven,C4_longformer,10,0.05,pooled,rawHAR,22785,0.07245995172262454,213.77367919270364,2.063431168996391e-48,547.020889326519,1.644080732900527e-119,0.007340725572712589,3.937694276647788,8.251300443672399e-05
event_driven,C4_longformer,10,0.05,pooled,fR,22785,0.0653061224489796,102.92822949166839,3.475123588537447e-24,409.39627010114964,1.2610418266923015e-89,0.007275969189033014,0.0,1.0
event_driven,C4_longformer,10,0.05,pooled,fU,22785,0.06565723063418916,107.50706003076994,3.4467541773665664e-25,411.69821046040306,3.989050127442515e-90,0.007260896953276778,-3.6021549223121028,0.000316261432029162
event_driven,C4_longformer,10,0.05,zero,rawHAR,22785,0.06899275839368005,155.51047933552218,1.0830276282942193e-35,485.85502053550226,3.147188736081372e-106,0.0073044137003685965,3.2908986635898962,0.001000196007180403
event_driven,C4_longformer,10,0.05,zero,fR,22785,0.062453368444151856,69.17832515425835,8.99511822651238e-17,368.69627755678266,8.682015951010229e-81,0.007251349627384297,0.0,1.0
event_driven,C4_longformer,10,0.05,zero,fU,22785,0.06179504059688391,62.279750920115475,2.9797321978603868e-15,359.7953059835818,7.437757221958504e-79,0.007236875171481747,-3.5118858414961616,0.00044579976566912704
event_driven,C4_longformer,20,0.01,pooled,rawHAR,22318,0.024733399050094095,347.02667577720877,1.882048743015332e-77,749.7745802840936,1.5435423712348625e-163,0.0030478793825287785,7.248567745238189,4.3491681362680287e-13
event_driven,C4_longformer,20,0.01,pooled,fR,22318,0.016085670759028586,70.49344611888546,4.617981148168823e-17,401.6411589178924,6.091587521579769e-88,0.002874484616025335,0.0,1.0
event_driven,C4_longformer,20,0.01,pooled,fU,22318,0.01604086387669146,69.5332600001475,7.513675452665882e-17,401.69856472194624,5.919226742258375e-88,0.002886365461914538,3.5580399013962176,0.00037440734432270717
event_driven,C4_longformer,20,0.01,zero,rawHAR,22318,0.023075544403620397,281.50525758331696,3.528397595645903e-63,687.8988606154726,4.2136684807569746e-150,0.0029978452668152464,6.326267500224722,2.5593084878941257e-10
event_driven,C4_longformer,20,0.01,zero,fR,22318,0.014920691818263285,47.415892382439324,5.741530624161401e-12,359.8921607281163,7.0861486376946e-79,0.002854491753278329,0.0,1.0
event_driven,C4_longformer,20,0.01,zero,fU,22318,0.015099919347611793,50.70565027418752,1.0731018568973066e-12,359.19201907982597,1.0056435789507528e-78,0.0028664667914586658,3.761972318858599,0.00016900958867190462
event_driven,C4_longformer,20,0.05,pooled,rawHAR,22318,0.06622457209427368,112.74008060730557,2.459989033091991e-26,786.2973541447082,1.8100850436713797e-171,0.009578842139621672,2.1384714905615727,0.03248932067015004
event_driven,C4_longformer,20,0.05,pooled,fR,22318,0.05076619768796487,0.2745065447925299,0.6003246392532414,597.6818419645479,1.6407297410962274e-130,0.009501370435499106,0.0,1.0
event_driven,C4_longformer,20,0.05,pooled,fU,22318,0.05094542521731338,0.4174836717902508,0.5181953210871356,593.6960837356328,1.2037421085843116e-129,0.009524693418679496,5.640247501735858,1.7186092297685873e-08
event_driven,C4_longformer,20,0.05,zero,rawHAR,22318,0.060354870508110045,47.38918563894367,5.820290134206949e-12,698.1203049213418,2.5415691717248366e-152,0.009531770997927203,0.7831869377094325,0.4335256552482175
event_driven,C4_longformer,20,0.05,zero,fR,22318,0.04731606774800609,3.4435482775406854,0.06349918260181933,563.4814066864428,4.380939044129577e-123,0.009504462057367673,0.0,1.0
event_driven,C4_longformer,20,0.05,zero,fU,22318,0.047136840218657584,3.923425648077682,0.047617756387748116,572.370489373202,5.144313540055825e-125,0.00952784291831385,5.776912383767147,7.709500130398588e-09
event_driven,C5_qwen3,5,0.01,pooled,rawHAR,23855,0.03202682875707399,739.4535625867456,7.881308644482106e-163,879.7242271063578,9.339234613105106e-192,0.0019992487271924993,0.1657161512383083,0.8683817393307114
event_driven,C5_qwen3,5,0.01,pooled,fR,23855,0.033326346677845314,814.298721299614,4.200450164071903e-179,929.7841329636403,1.2587539498711216e-202,0.0019982833850841508,0.0,1.0
event_driven,C5_qwen3,5,0.01,pooled,fU,23855,0.03328442674491721,811.844808711563,1.4348613903304988e-178,927.710499301098,3.5499699343283963e-202,0.0020047929132323795,3.4292776599382693,0.0006062132548755831
event_driven,C5_qwen3,5,0.01,zero,rawHAR,23855,0.03110459023265563,687.9086593375087,1.273732480952635e-151,818.374104374363,1.9602938113512984e-178,0.001980576403102387,0.3691609464074797,0.712011039998572
event_driven,C5_qwen3,5,0.01,zero,fR,23855,0.03219450848878642,748.9670769252543,6.729711472871233e-165,871.9728739384509,4.502940823420782e-190,0.0019784546982273064,0.0,1.0
event_driven,C5_qwen3,5,0.01,zero,fU,23855,0.03252986795221128,768.1230486995146,4.601086075922113e-169,887.9766376702128,1.5077283479540035e-193,0.0019848086559850933,3.396745393445714,0.0006830366074835561
event_driven,C5_qwen3,5,0.05,pooled,rawHAR,23855,0.07512051980716832,276.42886877036835,4.506351483112544e-62,438.1725611405218,7.112745795995344e-96,0.005431553593406163,-1.5865127967746144,0.1126362863076536
event_driven,C5_qwen3,5,0.05,pooled,fR,23855,0.07809683504506393,341.0436617673895,3.7807733935217543e-76,511.06245048427445,1.0573016826366807e-111,0.0054422881281492985,0.0,1.0
event_driven,C5_qwen3,5,0.05,pooled,fU,23855,0.07771955564871096,332.5238231077419,2.7108254971400086e-74,498.75415304711896,4.976359565587005e-109,0.005448504756421067,3.2883408824108384,0.0010092554726595366
event_driven,C5_qwen3,5,0.05,zero,rawHAR,23855,0.07239572416684133,222.60390538445245,2.4457961583876435e-50,394.28524954670866,2.4101602140059663e-86,0.0054107627370428395,-1.2604930692759762,0.20750387608569917
event_driven,C5_qwen3,5,0.05,zero,fR,23855,0.07533011947180884,280.7826328744686,5.070464095574672e-63,450.1137441116116,1.8156927178160428e-98,0.005419210502482188,0.0,1.0
event_driven,C5_qwen3,5,0.05,zero,fU,23855,0.07570739886816182,288.695185877059,9.568980627702337e-65,456.12449473587367,8.991340355937676e-100,0.005425312172447543,3.2681232823200776,0.0010841630374203528
event_driven,C5_qwen3,10,0.01,pooled,rawHAR,22785,0.029098090849242923,554.4329735894516,1.366611958152434e-122,763.0568148085713,2.0151991670568848e-166,0.002544047440330282,8.10827418976205,5.390969558797606e-16
event_driven,C5_qwen3,10,0.01,pooled,fR,22785,0.02576256308975203,398.4488927777875,1.198375206358319e-88,615.872640383338,1.8405828164420308e-134,0.002442435399041254,0.0,1.0
event_driven,C5_qwen3,10,0.01,pooled,fU,22785,0.02589422865920562,404.23892756005625,6.579386565215069e-90,615.5208044015344,2.194601015793575e-134,0.002445700050564311,2.123225678073434,0.03374569359908441
event_driven,C5_qwen3,10,0.01,zero,rawHAR,22785,0.02760588106210226,482.3048316329405,6.733175468307244e-107,674.7683698150349,2.9916460747996906e-147,0.002511766578686793,7.86145118758185,3.964631058946205e-15
event_driven,C5_qwen3,10,0.01,zero,fR,22785,0.024709238534123327,353.27516045371067,8.202313489037673e-79,559.5723969084356,3.0931280446625696e-122,0.002415551218708581,0.0,1.0
event_driven,C5_qwen3,10,0.01,zero,fU,22785,0.024928681149879308,362.5161737511871,7.9744288676959e-81,574.4298673385692,1.8371270306238553e-125,0.0024186614759368445,2.0608163092607503,0.03933189175440173
event_driven,C5_qwen3,10,0.05,pooled,rawHAR,22785,0.07245995172262454,213.77367919270364,2.063431168996391e-48,547.020889326519,1.644080732900527e-119,0.007340725572712589,3.937694276647788,8.251300443672399e-05
event_driven,C5_qwen3,10,0.05,pooled,fR,22785,0.0653061224489796,102.92822949166839,3.475123588537447e-24,409.39627010114964,1.2610418266923015e-89,0.007275969189033014,0.0,1.0
event_driven,C5_qwen3,10,0.05,pooled,fU,22785,0.06578889620364274,109.24775493750712,1.4321781037529048e-25,411.54620826766586,4.304040512759998e-90,0.007280804900143554,2.6564551116808586,0.007902197087463994
event_driven,C5_qwen3,10,0.05,zero,rawHAR,22785,0.06899275839368005,155.51047933552218,1.0830276282942193e-35,485.85502053550226,3.147188736081372e-106,0.0073044137003685965,3.2908986635898962,0.001000196007180403
event_driven,C5_qwen3,10,0.05,zero,fR,22785,0.062453368444151856,69.17832515425835,8.99511822651238e-17,368.69627755678266,8.682015951010229e-81,0.007251349627384297,0.0,1.0
event_driven,C5_qwen3,10,0.05,zero,fU,22785,0.06284836515251262,73.47958763722636,1.0168229381421917e-17,367.35692938212014,1.6961190821956177e-80,0.007255710267630494,2.4370200374505773,0.014816458476176114
event_driven,C5_qwen3,20,0.01,pooled,rawHAR,22318,0.024733399050094095,347.02667577720877,1.882048743015332e-77,749.7745802840936,1.5435423712348625e-163,0.0030478793825287785,7.248567745238189,4.3491681362680287e-13
event_driven,C5_qwen3,20,0.01,pooled,fR,22318,0.016085670759028586,70.49344611888546,4.617981148168823e-17,401.6411589178924,6.091587521579769e-88,0.002874484616025335,0.0,1.0
event_driven,C5_qwen3,20,0.01,pooled,fU,22318,0.01662335334707411,82.45296033886916,1.0821508497081156e-19,420.40295306719736,5.1363978266794425e-92,0.0028842381109900916,3.6186702194808933,0.0002967748413071272
event_driven,C5_qwen3,20,0.01,zero,rawHAR,22318,0.023075544403620397,281.50525758331696,3.528397595645903e-63,687.8988606154726,4.2136684807569746e-150,0.0029978452668152464,6.326267500224722,2.5593084878941257e-10
event_driven,C5_qwen3,20,0.01,zero,fR,22318,0.014920691818263285,47.415892382439324,5.741530624161401e-12,359.8921607281163,7.0861486376946e-79,0.002854491753278329,0.0,1.0
event_driven,C5_qwen3,20,0.01,zero,fU,22318,0.015189533112286047,52.38675451073095,4.557877661469571e-13,352.5353513824998,2.804924070566775e-77,0.002863056408996191,3.4217936655746386,0.0006232101920503264
event_driven,C5_qwen3,20,0.05,pooled,rawHAR,22318,0.06622457209427368,112.74008060730557,2.459989033091991e-26,786.2973541447082,1.8100850436713797e-171,0.009578842139621672,2.1384714905615727,0.03248932067015004
event_driven,C5_qwen3,20,0.05,pooled,fR,22318,0.05076619768796487,0.2745065447925299,0.6003246392532414,597.6818419645479,1.6407297410962274e-130,0.009501370435499106,0.0,1.0
event_driven,C5_qwen3,20,0.05,pooled,fU,22318,0.051438300923021776,0.9632842836199416,0.3263607897260169,587.2048882469226,3.0908550868898497e-128,0.009516292126435955,4.476138997922411,7.638102435811666e-06
event_driven,C5_qwen3,20,0.05,zero,rawHAR,22318,0.060354870508110045,47.38918563894367,5.820290134206949e-12,698.1203049213418,2.5415691717248366e-152,0.009531770997927203,0.7831869377094325,0.4335256552482175
event_driven,C5_qwen3,20,0.05,zero,fR,22318,0.04731606774800609,3.4435482775406854,0.06349918260181933,563.4814066864428,4.380939044129577e-123,0.009504462057367673,0.0,1.0
event_driven,C5_qwen3,20,0.05,zero,fU,22318,0.047495295277354604,2.995479042232546,0.08349721479077592,567.6556982806369,5.434146067551917e-124,0.00951756875713778,4.107309361441393,4.0172123415768254e-05
event_driven,D2_gated_fusion,5,0.01,pooled,rawHAR,23855,0.03202682875707399,739.4535625867456,7.881308644482106e-163,879.7242271063578,9.339234613105106e-192,0.0019992487271924993,0.1657161512383083,0.8683817393307114
event_driven,D2_gated_fusion,5,0.01,pooled,fR,23855,0.033326346677845314,814.298721299614,4.200450164071903e-179,929.7841329636403,1.2587539498711216e-202,0.0019982833850841508,0.0,1.0
event_driven,D2_gated_fusion,5,0.01,pooled,fU,23855,0.033200586879060995,806.9448035646901,1.6677997861181102e-177,923.5736362754051,2.80887923238985e-201,0.0019960960925896457,-0.6927830368069899,0.48845246352710187
event_driven,D2_gated_fusion,5,0.01,zero,rawHAR,23855,0.03110459023265563,687.9086593375087,1.273732480952635e-151,818.374104374363,1.9602938113512984e-178,0.001980576403102387,0.3691609464074797,0.712011039998572
event_driven,D2_gated_fusion,5,0.01,zero,fR,23855,0.03219450848878642,748.9670769252543,6.729711472871233e-165,871.9728739384509,4.502940823420782e-190,0.0019784546982273064,0.0,1.0
event_driven,D2_gated_fusion,5,0.01,zero,fU,23855,0.03232026828757074,756.1304779873599,1.8638978931593104e-166,874.9385868156905,1.0221152566637721e-190,0.0019763657773368827,-0.6703120528188382,0.5026653744965944
event_driven,D2_gated_fusion,5,0.05,pooled,rawHAR,23855,0.07512051980716832,276.42886877036835,4.506351483112544e-62,438.1725611405218,7.112745795995344e-96,0.005431553593406163,-1.5865127967746144,0.1126362863076536
event_driven,D2_gated_fusion,5,0.05,pooled,fR,23855,0.07809683504506393,341.0436617673895,3.7807733935217543e-76,511.06245048427445,1.0573016826366807e-111,0.0054422881281492985,0.0,1.0
event_driven,D2_gated_fusion,5,0.05,pooled,fU,23855,0.07759379584992664,329.70490991419865,1.1144445325747948e-73,501.04861220376733,1.5800698176794278e-109,0.0054389198372577306,-1.00283334183514,0.3159514512208622
event_driven,D2_gated_fusion,5,0.05,zero,rawHAR,23855,0.07239572416684133,222.60390538445245,2.4457961583876435e-50,394.28524954670866,2.4101602140059663e-86,0.0054107627370428395,-1.2604930692759762,0.20750387608569917
event_driven,D2_gated_fusion,5,0.05,zero,fR,23855,0.07533011947180884,280.7826328744686,5.070464095574672e-63,450.1137441116116,1.8156927178160428e-98,0.005419210502482188,0.0,1.0
event_driven,D2_gated_fusion,5,0.05,zero,fU,23855,0.07545587927059316,283.409339905209,1.357243144956283e-63,447.57455055289756,6.46280760379339e-98,0.0054158101187489075,-1.0232934052666143,0.3061795180429966
event_driven,D2_gated_fusion,10,0.01,pooled,rawHAR,22785,0.029098090849242923,554.4329735894516,1.366611958152434e-122,763.0568148085713,2.0151991670568848e-166,0.002544047440330282,8.10827418976205,5.390969558797606e-16
event_driven,D2_gated_fusion,10,0.01,pooled,fR,22785,0.02576256308975203,398.4488927777875,1.198375206358319e-88,615.872640383338,1.8405828164420308e-134,0.002442435399041254,0.0,1.0
event_driven,D2_gated_fusion,10,0.01,pooled,fU,22785,0.025806451612903226,400.3754148310136,4.5625922475534744e-89,617.175072885022,9.597005393992036e-135,0.0024514520721984193,2.8185400791786988,0.004828416456190977
event_driven,D2_gated_fusion,10,0.01,zero,rawHAR,22785,0.02760588106210226,482.3048316329405,6.733175468307244e-107,674.7683698150349,2.9916460747996906e-147,0.002511766578686793,7.86145118758185,3.964631058946205e-15
event_driven,D2_gated_fusion,10,0.01,zero,fR,22785,0.024709238534123327,353.27516045371067,8.202313489037673e-79,559.5723969084356,3.0931280446625696e-122,0.002415551218708581,0.0,1.0
event_driven,D2_gated_fusion,10,0.01,zero,fU,22785,0.025060346719332896,368.1041654819028,4.8414881323987313e-82,582.5093656858608,3.233690217554411e-127,0.0024242728982624496,2.776068380490842,0.005506552552593873
event_driven,D2_gated_fusion,10,0.05,pooled,rawHAR,22785,0.07245995172262454,213.77367919270364,2.063431168996391e-48,547.020889326519,1.644080732900527e-119,0.007340725572712589,3.937694276647788,8.251300443672399e-05
event_driven,D2_gated_fusion,10,0.05,pooled,fR,22785,0.0653061224489796,102.92822949166839,3.475123588537447e-24,409.39627010114964,1.2610418266923015e-89,0.007275969189033014,0.0,1.0
event_driven,D2_gated_fusion,10,0.05,pooled,fU,22785,0.0663155584814571,116.33883278918984,4.006500042411617e-27,422.1547992149099,2.139193626544852e-92,0.007277570787239035,0.3770610991858941,0.706131711219539
event_driven,D2_gated_fusion,10,0.05,zero,rawHAR,22785,0.06899275839368005,155.51047933552218,1.0830276282942193e-35,485.85502053550226,3.147188736081372e-106,0.0073044137003685965,3.2908986635898962,0.001000196007180403
event_driven,D2_gated_fusion,10,0.05,zero,fR,22785,0.062453368444151856,69.17832515425835,8.99511822651238e-17,368.69627755678266,8.682015951010229e-81,0.007251349627384297,0.0,1.0
event_driven,D2_gated_fusion,10,0.05,zero,fU,22785,0.06346280447662936,80.41012279000097,3.0423266356146257e-19,382.4850861441082,8.798706653113511e-84,0.00725161954909935,0.06445310586405527,0.9486100109718588
event_driven,D2_gated_fusion,20,0.01,pooled,rawHAR,22318,0.024733399050094095,347.02667577720877,1.882048743015332e-77,749.7745802840936,1.5435423712348625e-163,0.0030478793825287785,7.248567745238189,4.3491681362680287e-13
event_driven,D2_gated_fusion,20,0.01,pooled,fR,22318,0.016085670759028586,70.49344611888546,4.617981148168823e-17,401.6411589178924,6.091587521579769e-88,0.002874484616025335,0.0,1.0
event_driven,D2_gated_fusion,20,0.01,pooled,fU,22318,0.01796755981718792,115.75316807829358,5.382926055982383e-27,460.69206846094266,9.161960296217606e-101,0.002889433262863522,1.1919492995506635,0.2332938004385539
event_driven,D2_gated_fusion,20,0.01,zero,rawHAR,22318,0.023075544403620397,281.50525758331696,3.528397595645903e-63,687.8988606154726,4.2136684807569746e-150,0.0029978452668152464,6.326267500224722,2.5593084878941257e-10
event_driven,D2_gated_fusion,20,0.01,zero,fR,22318,0.014920691818263285,47.415892382439324,5.741530624161401e-12,359.8921607281163,7.0861486376946e-79,0.002854491753278329,0.0,1.0
event_driven,D2_gated_fusion,20,0.01,zero,fU,22318,0.016399318935388475,77.37242780299084,1.4157789298290904e-18,395.2541216047216,1.4847660164013302e-86,0.0028635462935505986,0.7495157733955475,0.45355429566506483
event_driven,D2_gated_fusion,20,0.05,pooled,rawHAR,22318,0.06622457209427368,112.74008060730557,2.459989033091991e-26,786.2973541447082,1.8100850436713797e-171,0.009578842139621672,2.1384714905615727,0.03248932067015004
event_driven,D2_gated_fusion,20,0.05,pooled,fR,22318,0.05076619768796487,0.2745065447925299,0.6003246392532414,597.6818419645479,1.6407297410962274e-130,0.009501370435499106,0.0,1.0
event_driven,D2_gated_fusion,20,0.05,pooled,fU,22318,0.05376825880455238,6.518758219895972,0.01067425082945236,610.5571222988656,2.625460262516846e-133,0.009491553410028705,-0.5967624921379806,0.5506720167916052
event_driven,D2_gated_fusion,20,0.05,zero,rawHAR,22318,0.060354870508110045,47.38918563894367,5.820290134206949e-12,698.1203049213418,2.5415691717248366e-152,0.009531770997927203,0.7831869377094325,0.4335256552482175
event_driven,D2_gated_fusion,20,0.05,zero,fR,22318,0.04731606774800609,3.4435482775406854,0.06349918260181933,563.4814066864428,4.380939044129577e-123,0.009504462057367673,0.0,1.0
event_driven,D2_gated_fusion,20,0.05,zero,fU,22318,0.049780446276548075,0.022680175166897243,0.8802917454984164,590.1954837634839,6.929135891804328e-129,0.009485360133035812,-1.2051782881118187,0.2281472611670644
