run_id,config_sha256,training_sha256_or_blank,n_config_keys,released_config_sha256,released_training_sha256_or_blank,sanitised_fields
A1_hv_full_combined_seed2026,4a172b9a67ee74b537f0df3523b1180dda44e9fa6a07579bd0969e61d09a5a1e,,5,4a172b9a67ee74b537f0df3523b1180dda44e9fa6a07579bd0969e61d09a5a1e,,
A1_hv_full_event_driven_seed2026,9f9cc269c1d096f53d3b0fbd97eab0628fa73171a87fce380897011ab8848b10,,5,9f9cc269c1d096f53d3b0fbd97eab0628fa73171a87fce380897011ab8848b10,,
A1_hv_full_long_form_seed2026,98ecd123495510d58dfebc8ecd7c4cdd7ce4c94eeda11e55092441b339887170,,5,98ecd123495510d58dfebc8ecd7c4cdd7ce4c94eeda11e55092441b339887170,,
A2_har_rv_full_combined_seed2026,00aafbeac08ca779cae5b3ebabfd99caed971b220d636d014e44cf12ca8c2146,14c4e176105ab752e357bcdc8d158fa464c1bdb26720243f8ce0de51daec8652,5,00aafbeac08ca779cae5b3ebabfd99caed971b220d636d014e44cf12ca8c2146,14c4e176105ab752e357bcdc8d158fa464c1bdb26720243f8ce0de51daec8652,
A2_har_rv_full_event_driven_seed2026,3e29acd8bb7cae362b8c507a117312b5ff32835b8a5033163ffa64d3d2848737,14c4e176105ab752e357bcdc8d158fa464c1bdb26720243f8ce0de51daec8652,5,3e29acd8bb7cae362b8c507a117312b5ff32835b8a5033163ffa64d3d2848737,14c4e176105ab752e357bcdc8d158fa464c1bdb26720243f8ce0de51daec8652,
A2_har_rv_full_long_form_seed2026,e53cc37813acbedd50b09b7cc23cdd69e7e683c5bb37d69bf3d15ff63df0970f,14c4e176105ab752e357bcdc8d158fa464c1bdb26720243f8ce0de51daec8652,5,e53cc37813acbedd50b09b7cc23cdd69e7e683c5bb37d69bf3d15ff63df0970f,14c4e176105ab752e357bcdc8d158fa464c1bdb26720243f8ce0de51daec8652,
A3_garch_full_combined_seed2026,e10097d9ff2e897638665dcb47044b7223c04c3f70ac7a7b711ea7b3597d01a3,,5,e10097d9ff2e897638665dcb47044b7223c04c3f70ac7a7b711ea7b3597d01a3,,
A3_garch_full_event_driven_seed2026,e1b2d1bc8b34f22a8953175f5f3088db1f53d5613b0d3bec9a89e57a23a9eb69,,5,e1b2d1bc8b34f22a8953175f5f3088db1f53d5613b0d3bec9a89e57a23a9eb69,,
A3_garch_full_long_form_seed2026,05d2da87cd3435db3243f2844c401aa7587d18eaa9f0ba841920f2cdacd7d202,,5,05d2da87cd3435db3243f2844c401aa7587d18eaa9f0ba841920f2cdacd7d202,,
A4_egarch_full_combined_seed2026,fc50c5c281c7b12c921b1fd7fcddc7e757bb5730e4c1c5ce64e866d066ea4293,,5,fc50c5c281c7b12c921b1fd7fcddc7e757bb5730e4c1c5ce64e866d066ea4293,,
A4_egarch_full_event_driven_seed2026,36873593af36360a5c73d5a739c19b17c541c398a351efe7266e40e36f242bdf,,5,36873593af36360a5c73d5a739c19b17c541c398a351efe7266e40e36f242bdf,,
A4_egarch_full_long_form_seed2026,d8b327307b091ed1d74f7216bb9f3d6733a9ead36e8a4d7614c6f18d4f0c6e0e,,5,d8b327307b091ed1d74f7216bb9f3d6733a9ead36e8a4d7614c6f18d4f0c6e0e,,
A5_arima_full_combined_seed2026,7eb17341f2490dc511eacfe8dca053539cf6eac1cdcfedd028f3abf3604354f9,,5,7eb17341f2490dc511eacfe8dca053539cf6eac1cdcfedd028f3abf3604354f9,,
A5_arima_full_event_driven_seed2026,759cf6d6f9324d532f46c117527efeea0fca8a23093ca35b8b1f07ba7bf93f76,,5,759cf6d6f9324d532f46c117527efeea0fca8a23093ca35b8b1f07ba7bf93f76,,
A5_arima_full_long_form_seed2026,47dc1d4dc302a7eefda1f1b2d35024e58826ee7aac8335545556e95f7dde7fb3,,5,47dc1d4dc302a7eefda1f1b2d35024e58826ee7aac8335545556e95f7dde7fb3,,
A6_harq_full_combined_seed2026,825d2a84cd1effaae3e1a7d1499f69040f3f087bc3b98aba85df71d638b81ecf,,9,de12f8aae629455bdba91699a8a4d73f3418772b86af554c0618bfba8f8a8d1c,,returns_source
A6_harq_full_event_driven_seed2026,e0f9f3f05887950ebca5500377c78f63f20d6d033dc96460abeb807315f5be2e,,9,b0fc351b8628314f64c7cd95881c00eca86d87f0bde0154712002408aacb7bb3,,returns_source
A6_harq_full_long_form_seed2026,b5b41dcf5c9dcae901f76d8f7ee14740bda98e47dc0dd06c85855d7abe8cb535,,9,ecd045cfdcc675dbb1f02db5eb5458136632f959c610134c0553eb8df3833e7c,,returns_source
A6_shar_full_combined_seed2026,6cab30ba61eece2a6f2f64602e5a6ea81baf86e128bf9d59b0d082da67beb643,,8,0e7bf2aee548675ed370b6ef1f575726b006c11f23b162e87cc9c947ece12a1a,,returns_source
A6_shar_full_event_driven_seed2026,aedcab1e9fb9a5bacc5d407b689a6fb6b002def7498cafcabef50067ef3d4eed,,8,fa7587c514e56622fa95381ac70ff8fd7b610d54f8ab80a12717f26e76342086,,returns_source
A6_shar_full_long_form_seed2026,064c4e71ff4f3bb37501b97e95c0d9c34f71ec36e513154a31c6358d4d035a61,,8,ed1907a72b67cae3bbfef3e29fb04163911bf307d15f4fecb3cff134c6624875,,returns_source
A7_harx_vix_full_combined_seed2026,5433b0994b7b2ef2c59900b6bf4e6ee855c031e117097c620dbb5f5bfa63730c,f081949c3bda87538f0de09bcfd1bd9dc0df422273289db704a384cef7c4584b,6,5433b0994b7b2ef2c59900b6bf4e6ee855c031e117097c620dbb5f5bfa63730c,f081949c3bda87538f0de09bcfd1bd9dc0df422273289db704a384cef7c4584b,
A7_harx_vix_full_event_driven_seed2026,eead97355357346cde67fe0d044abf369b3b2ee7cf7069f095137e290e2545ab,f081949c3bda87538f0de09bcfd1bd9dc0df422273289db704a384cef7c4584b,6,eead97355357346cde67fe0d044abf369b3b2ee7cf7069f095137e290e2545ab,f081949c3bda87538f0de09bcfd1bd9dc0df422273289db704a384cef7c4584b,
A7_harx_vix_full_long_form_seed2026,9e934d2590534824a4afc383d03eca63590c276c4d7f0570027d49f59a957f12,f081949c3bda87538f0de09bcfd1bd9dc0df422273289db704a384cef7c4584b,6,9e934d2590534824a4afc383d03eca63590c276c4d7f0570027d49f59a957f12,f081949c3bda87538f0de09bcfd1bd9dc0df422273289db704a384cef7c4584b,
B1_bow_ridge_full_combined_seed2026,39f7bed88a9a774245f7c9b6c6a331b8df9c2a0a68d98a2f3be722a01462a1b1,a173db4b740a2f847b969f0076a1a1ba908ba931b499cf97ecab41428510a724,5,39f7bed88a9a774245f7c9b6c6a331b8df9c2a0a68d98a2f3be722a01462a1b1,a173db4b740a2f847b969f0076a1a1ba908ba931b499cf97ecab41428510a724,
B1_bow_ridge_full_event_driven_seed2026,baacc32652c2ddf322025ed7800b987141c10ce24fb675420dcb397e29ad3fc1,a173db4b740a2f847b969f0076a1a1ba908ba931b499cf97ecab41428510a724,5,baacc32652c2ddf322025ed7800b987141c10ce24fb675420dcb397e29ad3fc1,a173db4b740a2f847b969f0076a1a1ba908ba931b499cf97ecab41428510a724,
B1_bow_ridge_full_long_form_seed2026,a6fc10b4cf738e9b76822159f0eeef022c452387d0cfb13f533b07d918086170,a173db4b740a2f847b969f0076a1a1ba908ba931b499cf97ecab41428510a724,5,a6fc10b4cf738e9b76822159f0eeef022c452387d0cfb13f533b07d918086170,a173db4b740a2f847b969f0076a1a1ba908ba931b499cf97ecab41428510a724,
B2_tfidf_ridge_anonctrl_full_event_driven_seed2026,644a191857f9f186fbb11a7215d12410f3da6737ab5a67acade1643c67152281,a173db4b740a2f847b969f0076a1a1ba908ba931b499cf97ecab41428510a724,6,733ff9829a76523c00bfa5a745fb39c55abe5850413d50dd1f9f54d4d02907ae,a173db4b740a2f847b969f0076a1a1ba908ba931b499cf97ecab41428510a724,vocabulary
B2_tfidf_ridge_anonctrl_full_long_form_seed2026,ac8540f8f8f7c9b13c60cff8f7058952a4d898ddefdffe8f7ca7e1d06aaabf26,a173db4b740a2f847b969f0076a1a1ba908ba931b499cf97ecab41428510a724,6,188fb383f932071ebd40697b384145a2a5d7177b99a9a559df1d66ff0b9a97a6,a173db4b740a2f847b969f0076a1a1ba908ba931b499cf97ecab41428510a724,vocabulary
B2_tfidf_ridge_anonmask_full_event_driven_seed2026,02eeaf3d1c2c55c6536948ef750661bd3c4f5b614bb77466906f55bf7094a5e7,a173db4b740a2f847b969f0076a1a1ba908ba931b499cf97ecab41428510a724,6,e4d215b80348fa371b3bf062c4ac69f65b68498771dd11014181c719cb1f3ce5,a173db4b740a2f847b969f0076a1a1ba908ba931b499cf97ecab41428510a724,anon.masked_store;vocabulary
B2_tfidf_ridge_anonmask_full_long_form_seed2026,93f6044cc4b1a4aa766a69bc2d3352386d1049069dfef03779333a32d7e98e19,a173db4b740a2f847b969f0076a1a1ba908ba931b499cf97ecab41428510a724,6,b2d6514d6a679b0111c59b2f1457e8824cc17e4557de50e529a2c27d724329ab,a173db4b740a2f847b969f0076a1a1ba908ba931b499cf97ecab41428510a724,anon.masked_store;vocabulary
B2_tfidf_ridge_full_combined_seed2026,5049277a86fce6bf26d16586554ae9ac068e89ff17f15209a07381f3595a1feb,a173db4b740a2f847b969f0076a1a1ba908ba931b499cf97ecab41428510a724,5,5049277a86fce6bf26d16586554ae9ac068e89ff17f15209a07381f3595a1feb,a173db4b740a2f847b969f0076a1a1ba908ba931b499cf97ecab41428510a724,
B2_tfidf_ridge_full_event_driven_seed2026,1836f155c098ca015555b45a1998b608b9210756508128c06f3b5ea05d8a4751,a173db4b740a2f847b969f0076a1a1ba908ba931b499cf97ecab41428510a724,5,1836f155c098ca015555b45a1998b608b9210756508128c06f3b5ea05d8a4751,a173db4b740a2f847b969f0076a1a1ba908ba931b499cf97ecab41428510a724,
B2_tfidf_ridge_full_long_form_seed2026,c63f66aa3bc7c93dfa555a0ececd1b760bd1ea72fe4cf4d54c841c3c8376363f,a173db4b740a2f847b969f0076a1a1ba908ba931b499cf97ecab41428510a724,5,c63f66aa3bc7c93dfa555a0ececd1b760bd1ea72fe4cf4d54c841c3c8376363f,a173db4b740a2f847b969f0076a1a1ba908ba931b499cf97ecab41428510a724,
B2d_tfidf_delta_full_long_form_seed2026,6bddecbcb41d10622fe347dc9605aa388f3966a708ea36d9e485f95243008f73,359ba9a52218e2fa1bedf652b5c739c88bbeb0229f56eb927a59734a4c79189b,8,6bddecbcb41d10622fe347dc9605aa388f3966a708ea36d9e485f95243008f73,359ba9a52218e2fa1bedf652b5c739c88bbeb0229f56eb927a59734a4c79189b,
B2sec_item1a_full_long_form_seed2026,2b0b29a4b0e5118a14d379fd6d0806fb4519aaa477416bee56c38240064dcb62,,2,2b0b29a4b0e5118a14d379fd6d0806fb4519aaa477416bee56c38240064dcb62,,
B2sec_item7_full_long_form_seed2026,e709449439a2e5b20b31a866b9b49cb91a188ab90040c21678c0e9f44570fdf9,,2,e709449439a2e5b20b31a866b9b49cb91a188ab90040c21678c0e9f44570fdf9,,
B2sec_item7a_full_long_form_seed2026,cce434ffe0f4e820c7f50d4e4bdd000dcd96c4ffa3f32787724d25bd42c5866a,,2,cce434ffe0f4e820c7f50d4e4bdd000dcd96c4ffa3f32787724d25bd42c5866a,,
B2sec_rest_full_long_form_seed2026,ad15263c4d354abe4d1106c26b18f1886e63f7dbddf02818010bc92d68aa7bf1,,2,ad15263c4d354abe4d1106c26b18f1886e63f7dbddf02818010bc92d68aa7bf1,,
B3_lm_linear_full_combined_seed2026,34f7d4a3a94cb660f62eb432e28aa9c73aeef4d57de4fea83a2eea51e7396a6c,a173db4b740a2f847b969f0076a1a1ba908ba931b499cf97ecab41428510a724,5,34f7d4a3a94cb660f62eb432e28aa9c73aeef4d57de4fea83a2eea51e7396a6c,a173db4b740a2f847b969f0076a1a1ba908ba931b499cf97ecab41428510a724,
B3_lm_linear_full_event_driven_seed2026,dc54e1907c0f6c34954c170306a9eb1395de8a33287dcfc057ebecdd82ebcd84,a173db4b740a2f847b969f0076a1a1ba908ba931b499cf97ecab41428510a724,5,dc54e1907c0f6c34954c170306a9eb1395de8a33287dcfc057ebecdd82ebcd84,a173db4b740a2f847b969f0076a1a1ba908ba931b499cf97ecab41428510a724,
B3_lm_linear_full_long_form_seed2026,25a6251ba738a69d747e2687f7f4069a50a11054ff77ebe9caed979de6400d4f,a173db4b740a2f847b969f0076a1a1ba908ba931b499cf97ecab41428510a724,5,25a6251ba738a69d747e2687f7f4069a50a11054ff77ebe9caed979de6400d4f,a173db4b740a2f847b969f0076a1a1ba908ba931b499cf97ecab41428510a724,
B4_lm_features_full_combined_seed2026,5f11b52cedf642e8d7d012518a5978a6d4cf855037e5a577aec6457de52f2a7d,a173db4b740a2f847b969f0076a1a1ba908ba931b499cf97ecab41428510a724,5,5f11b52cedf642e8d7d012518a5978a6d4cf855037e5a577aec6457de52f2a7d,a173db4b740a2f847b969f0076a1a1ba908ba931b499cf97ecab41428510a724,
B4_lm_features_full_event_driven_seed2026,c9615db057fcc7c803600ac58b64abd2ea114f5cfec2bceecbcbcbb5ac404154,a173db4b740a2f847b969f0076a1a1ba908ba931b499cf97ecab41428510a724,5,c9615db057fcc7c803600ac58b64abd2ea114f5cfec2bceecbcbcbb5ac404154,a173db4b740a2f847b969f0076a1a1ba908ba931b499cf97ecab41428510a724,
B4_lm_features_full_long_form_seed2026,68165f0cb1fca20dccf8913774f32c502a910c338d333f72d17cdab3ea9fc1fa,a173db4b740a2f847b969f0076a1a1ba908ba931b499cf97ecab41428510a724,5,68165f0cb1fca20dccf8913774f32c502a910c338d333f72d17cdab3ea9fc1fa,a173db4b740a2f847b969f0076a1a1ba908ba931b499cf97ecab41428510a724,
B6_textchange_full_long_form_seed2026,2fcfdd9a65309285d198bfac76662e9136174ffe9b7155ab18c3999ac577050e,,2,2fcfdd9a65309285d198bfac76662e9136174ffe9b7155ab18c3999ac577050e,,
C1_bert_s1_full_combined_seed2026,df96a99673fd0dc268bf455093950ec7575ce043ac9855c49928b396b3e14035,00e839db47c5483415ff6c6b987723952c49a4eee3d57052083179aecabb2946,5,df96a99673fd0dc268bf455093950ec7575ce043ac9855c49928b396b3e14035,00e839db47c5483415ff6c6b987723952c49a4eee3d57052083179aecabb2946,
C1_bert_s1_full_combined_seed2027,53b8542f6a8f0d915ecc55d3b885d56cbc6131fa8145ef9e3a6dfa9c7e3faaa2,00e839db47c5483415ff6c6b987723952c49a4eee3d57052083179aecabb2946,5,53b8542f6a8f0d915ecc55d3b885d56cbc6131fa8145ef9e3a6dfa9c7e3faaa2,00e839db47c5483415ff6c6b987723952c49a4eee3d57052083179aecabb2946,
C1_bert_s1_full_combined_seed2028,ef78e48ae6c26b57f5ac1132be5ad00ad5dc1c9138e540227218148b736d0eb9,00e839db47c5483415ff6c6b987723952c49a4eee3d57052083179aecabb2946,5,ef78e48ae6c26b57f5ac1132be5ad00ad5dc1c9138e540227218148b736d0eb9,00e839db47c5483415ff6c6b987723952c49a4eee3d57052083179aecabb2946,
C1_bert_s1_full_event_driven_seed2026,8a91228c19a812cc5563fe60297133c3b5a09774e3d38cd0c3395f9dcf45c40e,00e839db47c5483415ff6c6b987723952c49a4eee3d57052083179aecabb2946,5,8a91228c19a812cc5563fe60297133c3b5a09774e3d38cd0c3395f9dcf45c40e,00e839db47c5483415ff6c6b987723952c49a4eee3d57052083179aecabb2946,
C1_bert_s1_full_event_driven_seed2027,63f20ea3eab650ac595762ee7fc2242862614f7f6d1790ecfddd672ae71a7a2a,00e839db47c5483415ff6c6b987723952c49a4eee3d57052083179aecabb2946,5,63f20ea3eab650ac595762ee7fc2242862614f7f6d1790ecfddd672ae71a7a2a,00e839db47c5483415ff6c6b987723952c49a4eee3d57052083179aecabb2946,
C1_bert_s1_full_event_driven_seed2028,df9e296315071e743ad5dfdb461e82e8d603b3eabd0da41e66278c9639091661,00e839db47c5483415ff6c6b987723952c49a4eee3d57052083179aecabb2946,5,df9e296315071e743ad5dfdb461e82e8d603b3eabd0da41e66278c9639091661,00e839db47c5483415ff6c6b987723952c49a4eee3d57052083179aecabb2946,
C1_bert_s1_full_long_form_seed2026,e11a695082b4a01aaa28c398e313449fe8e6f6c6f60221d4076563932938ad3a,00e839db47c5483415ff6c6b987723952c49a4eee3d57052083179aecabb2946,5,e11a695082b4a01aaa28c398e313449fe8e6f6c6f60221d4076563932938ad3a,00e839db47c5483415ff6c6b987723952c49a4eee3d57052083179aecabb2946,
C1_bert_s1_full_long_form_seed2027,34cd98b0a737c34a82644765adb8b0226d9fa61b4c71a41cbdc14d815b1ff5d8,00e839db47c5483415ff6c6b987723952c49a4eee3d57052083179aecabb2946,5,34cd98b0a737c34a82644765adb8b0226d9fa61b4c71a41cbdc14d815b1ff5d8,00e839db47c5483415ff6c6b987723952c49a4eee3d57052083179aecabb2946,
C1_bert_s1_full_long_form_seed2028,1fcf3cb3cb2ad8898896e59669dc3ace01397c6354dc4e617ad5283ff2d3364d,00e839db47c5483415ff6c6b987723952c49a4eee3d57052083179aecabb2946,5,1fcf3cb3cb2ad8898896e59669dc3ace01397c6354dc4e617ad5283ff2d3364d,00e839db47c5483415ff6c6b987723952c49a4eee3d57052083179aecabb2946,
C1_bert_s2_full_combined_seed2026,ebd51489c407e9e49948cf496c1703ea486293ab26fda1cf50ad25199d3da9dd,1ebb2ff06a9385696b4d5619564b8ec851b4c47982c8a7e08d6cb26f831c6e7a,5,ebd51489c407e9e49948cf496c1703ea486293ab26fda1cf50ad25199d3da9dd,1ebb2ff06a9385696b4d5619564b8ec851b4c47982c8a7e08d6cb26f831c6e7a,
C1_bert_s2_full_combined_seed2027,264aaf3f9dd62b0cb21eb20f5483ff0083f900dd009c0154fda7e70b935d80a6,1ebb2ff06a9385696b4d5619564b8ec851b4c47982c8a7e08d6cb26f831c6e7a,5,264aaf3f9dd62b0cb21eb20f5483ff0083f900dd009c0154fda7e70b935d80a6,1ebb2ff06a9385696b4d5619564b8ec851b4c47982c8a7e08d6cb26f831c6e7a,
C1_bert_s2_full_combined_seed2028,f8a52bb62a1c2b4901ab7015db5da89d99742b174868729656e85cdca7df16ff,1ebb2ff06a9385696b4d5619564b8ec851b4c47982c8a7e08d6cb26f831c6e7a,5,f8a52bb62a1c2b4901ab7015db5da89d99742b174868729656e85cdca7df16ff,1ebb2ff06a9385696b4d5619564b8ec851b4c47982c8a7e08d6cb26f831c6e7a,
C1_bert_s2_full_event_driven_seed2026,4bccb28740fe96e3c7a9783c6242c054d21c823bd0bf3e351ec447dde9d34b2e,1ebb2ff06a9385696b4d5619564b8ec851b4c47982c8a7e08d6cb26f831c6e7a,5,4bccb28740fe96e3c7a9783c6242c054d21c823bd0bf3e351ec447dde9d34b2e,1ebb2ff06a9385696b4d5619564b8ec851b4c47982c8a7e08d6cb26f831c6e7a,
C1_bert_s2_full_event_driven_seed2027,010135190b8e68fa1c9808cd2247032de83bfd8990b4b5b6a88dc2cac7220c8c,1ebb2ff06a9385696b4d5619564b8ec851b4c47982c8a7e08d6cb26f831c6e7a,5,010135190b8e68fa1c9808cd2247032de83bfd8990b4b5b6a88dc2cac7220c8c,1ebb2ff06a9385696b4d5619564b8ec851b4c47982c8a7e08d6cb26f831c6e7a,
C1_bert_s2_full_event_driven_seed2028,e53b4981d0d7ff099313f88952d47d604372a8a5ee89e3952aeb83e353f3192e,1ebb2ff06a9385696b4d5619564b8ec851b4c47982c8a7e08d6cb26f831c6e7a,5,e53b4981d0d7ff099313f88952d47d604372a8a5ee89e3952aeb83e353f3192e,1ebb2ff06a9385696b4d5619564b8ec851b4c47982c8a7e08d6cb26f831c6e7a,
C1_bert_s2_full_long_form_seed2026,f1f85223b473d304aeb630915c106ddae36c9f0dacda602689b09fbb5eb7f6d9,1ebb2ff06a9385696b4d5619564b8ec851b4c47982c8a7e08d6cb26f831c6e7a,5,f1f85223b473d304aeb630915c106ddae36c9f0dacda602689b09fbb5eb7f6d9,1ebb2ff06a9385696b4d5619564b8ec851b4c47982c8a7e08d6cb26f831c6e7a,
C1_bert_s2_full_long_form_seed2027,40f3b52d7e464363eb0dc196c363cd78a275ef4cef3a2a1b05250a922667c1ae,1ebb2ff06a9385696b4d5619564b8ec851b4c47982c8a7e08d6cb26f831c6e7a,5,40f3b52d7e464363eb0dc196c363cd78a275ef4cef3a2a1b05250a922667c1ae,1ebb2ff06a9385696b4d5619564b8ec851b4c47982c8a7e08d6cb26f831c6e7a,
C1_bert_s2_full_long_form_seed2028,0cd5f121a5dc932eb408ba6adc04ae1611227232c3123289a2900c15f44c0851,1ebb2ff06a9385696b4d5619564b8ec851b4c47982c8a7e08d6cb26f831c6e7a,5,0cd5f121a5dc932eb408ba6adc04ae1611227232c3123289a2900c15f44c0851,1ebb2ff06a9385696b4d5619564b8ec851b4c47982c8a7e08d6cb26f831c6e7a,
C2_finbert_s1_anonctrl_full_event_driven_seed2026,34e5bb9504a517fad10af06fcc2225bc4271a8f040e17934ddd1fa0709bb6fea,00e839db47c5483415ff6c6b987723952c49a4eee3d57052083179aecabb2946,6,e29fb4fe92dc49028a26a12fcfd872d4cedb584a6709a67cf1660043e5e3f25c,00e839db47c5483415ff6c6b987723952c49a4eee3d57052083179aecabb2946,vocabulary
C2_finbert_s1_anonmask_full_event_driven_seed2026,f4955e7ab136fecedda08ad171f146733ff05206972f9736b9228de8d9aba43e,00e839db47c5483415ff6c6b987723952c49a4eee3d57052083179aecabb2946,6,7a6a00d05e088556bdd9957077f7d97394674f19ae6a96b3a4c2aa4e2298ec85,00e839db47c5483415ff6c6b987723952c49a4eee3d57052083179aecabb2946,anon.masked_store;vocabulary
C2_finbert_s1_full_combined_seed2026,c9843c593e9ead051e75238847b6b9424125bf64e31797229f816d70815714c9,00e839db47c5483415ff6c6b987723952c49a4eee3d57052083179aecabb2946,5,c9843c593e9ead051e75238847b6b9424125bf64e31797229f816d70815714c9,00e839db47c5483415ff6c6b987723952c49a4eee3d57052083179aecabb2946,
C2_finbert_s1_full_combined_seed2027,5bfcbff26f1761ad1b08954b89f1ccc84c766ff3deb8cb9d00f24d3c2aab46c0,00e839db47c5483415ff6c6b987723952c49a4eee3d57052083179aecabb2946,5,5bfcbff26f1761ad1b08954b89f1ccc84c766ff3deb8cb9d00f24d3c2aab46c0,00e839db47c5483415ff6c6b987723952c49a4eee3d57052083179aecabb2946,
C2_finbert_s1_full_combined_seed2028,150a9344567ba302e959a1b1862a27ba075be93c22d4aa79bedbdcfc01e073af,00e839db47c5483415ff6c6b987723952c49a4eee3d57052083179aecabb2946,5,150a9344567ba302e959a1b1862a27ba075be93c22d4aa79bedbdcfc01e073af,00e839db47c5483415ff6c6b987723952c49a4eee3d57052083179aecabb2946,
C2_finbert_s1_full_event_driven_seed2026,a06f9a8813497949276c5a426bf071567b5cf4865ee1ed9d2bbaae738cfe47d8,00e839db47c5483415ff6c6b987723952c49a4eee3d57052083179aecabb2946,5,a06f9a8813497949276c5a426bf071567b5cf4865ee1ed9d2bbaae738cfe47d8,00e839db47c5483415ff6c6b987723952c49a4eee3d57052083179aecabb2946,
C2_finbert_s1_full_event_driven_seed2027,2b500cf26216ce9c902f784510adc79f1a4d77de8acdcc5a34d9271f249a9ec4,00e839db47c5483415ff6c6b987723952c49a4eee3d57052083179aecabb2946,5,2b500cf26216ce9c902f784510adc79f1a4d77de8acdcc5a34d9271f249a9ec4,00e839db47c5483415ff6c6b987723952c49a4eee3d57052083179aecabb2946,
C2_finbert_s1_full_event_driven_seed2028,f7068469cf6e47cbafaae413242b600a628c1103a7051331ee5d62b2b9594f98,00e839db47c5483415ff6c6b987723952c49a4eee3d57052083179aecabb2946,5,f7068469cf6e47cbafaae413242b600a628c1103a7051331ee5d62b2b9594f98,00e839db47c5483415ff6c6b987723952c49a4eee3d57052083179aecabb2946,
C2_finbert_s1_full_long_form_seed2026,b5369e241235a2e144633422ee3d897ce3c2e0874b93859c87bb6cd812790de2,8f3bdf9552d2ba3c122e17267a43b024db400a77a1d419baff3da1d2f846ba3d,5,b5369e241235a2e144633422ee3d897ce3c2e0874b93859c87bb6cd812790de2,8f3bdf9552d2ba3c122e17267a43b024db400a77a1d419baff3da1d2f846ba3d,
C2_finbert_s1_full_long_form_seed2027,c9a9ae1f1c2abd5599e7de00c342991f20e5f54f1b9c4cf98b95fab0eb777fa3,00e839db47c5483415ff6c6b987723952c49a4eee3d57052083179aecabb2946,5,c9a9ae1f1c2abd5599e7de00c342991f20e5f54f1b9c4cf98b95fab0eb777fa3,00e839db47c5483415ff6c6b987723952c49a4eee3d57052083179aecabb2946,
C2_finbert_s1_full_long_form_seed2028,5a85b8f13aa3438154b301830af3a81d6cc809d2939517fe006803b33adafb0d,00e839db47c5483415ff6c6b987723952c49a4eee3d57052083179aecabb2946,5,5a85b8f13aa3438154b301830af3a81d6cc809d2939517fe006803b33adafb0d,00e839db47c5483415ff6c6b987723952c49a4eee3d57052083179aecabb2946,
C2_finbert_s2_full_combined_seed2026,419403fc1ed6deb2e85e371a19b944cad9405c2bb8b2c57d3d960445bcdd46f7,1ebb2ff06a9385696b4d5619564b8ec851b4c47982c8a7e08d6cb26f831c6e7a,5,419403fc1ed6deb2e85e371a19b944cad9405c2bb8b2c57d3d960445bcdd46f7,1ebb2ff06a9385696b4d5619564b8ec851b4c47982c8a7e08d6cb26f831c6e7a,
C2_finbert_s2_full_combined_seed2027,a36327f4761308d299cf226e731adef148251ffd41eb89d523a49ec1713b1192,1ebb2ff06a9385696b4d5619564b8ec851b4c47982c8a7e08d6cb26f831c6e7a,5,a36327f4761308d299cf226e731adef148251ffd41eb89d523a49ec1713b1192,1ebb2ff06a9385696b4d5619564b8ec851b4c47982c8a7e08d6cb26f831c6e7a,
C2_finbert_s2_full_combined_seed2028,0a915070d1ef085bc108d715e62bb56e13d9e1d6064659f4bbdc9a589fa3bf66,1ebb2ff06a9385696b4d5619564b8ec851b4c47982c8a7e08d6cb26f831c6e7a,5,0a915070d1ef085bc108d715e62bb56e13d9e1d6064659f4bbdc9a589fa3bf66,1ebb2ff06a9385696b4d5619564b8ec851b4c47982c8a7e08d6cb26f831c6e7a,
C2_finbert_s2_full_event_driven_seed2026,33b13bb8fa6ed57b064f52022ecad86757206849f7d31025fb99da3523e37746,1ebb2ff06a9385696b4d5619564b8ec851b4c47982c8a7e08d6cb26f831c6e7a,5,33b13bb8fa6ed57b064f52022ecad86757206849f7d31025fb99da3523e37746,1ebb2ff06a9385696b4d5619564b8ec851b4c47982c8a7e08d6cb26f831c6e7a,
C2_finbert_s2_full_event_driven_seed2027,48965919783d4313afda5b9c906591ce2803a2afa53daefd6cb7b381badae635,1ebb2ff06a9385696b4d5619564b8ec851b4c47982c8a7e08d6cb26f831c6e7a,5,48965919783d4313afda5b9c906591ce2803a2afa53daefd6cb7b381badae635,1ebb2ff06a9385696b4d5619564b8ec851b4c47982c8a7e08d6cb26f831c6e7a,
C2_finbert_s2_full_event_driven_seed2028,b66a32db40b9023a2a7e0e6b6de52d42f602fd8259a4526bf78f2c4cf3896c22,1ebb2ff06a9385696b4d5619564b8ec851b4c47982c8a7e08d6cb26f831c6e7a,5,b66a32db40b9023a2a7e0e6b6de52d42f602fd8259a4526bf78f2c4cf3896c22,1ebb2ff06a9385696b4d5619564b8ec851b4c47982c8a7e08d6cb26f831c6e7a,
C2_finbert_s2_full_long_form_seed2026,14c3e117477855831d542c738e9df4e0dcd68fd6c8404322712e98534a6a3531,1ebb2ff06a9385696b4d5619564b8ec851b4c47982c8a7e08d6cb26f831c6e7a,5,14c3e117477855831d542c738e9df4e0dcd68fd6c8404322712e98534a6a3531,1ebb2ff06a9385696b4d5619564b8ec851b4c47982c8a7e08d6cb26f831c6e7a,
C2_finbert_s2_full_long_form_seed2027,f52f6073013115131bd009838947ae3d6b170f546cfdeb0cbb024e1d544f204d,1ebb2ff06a9385696b4d5619564b8ec851b4c47982c8a7e08d6cb26f831c6e7a,5,f52f6073013115131bd009838947ae3d6b170f546cfdeb0cbb024e1d544f204d,1ebb2ff06a9385696b4d5619564b8ec851b4c47982c8a7e08d6cb26f831c6e7a,
C2_finbert_s2_full_long_form_seed2028,c0e890bafef68502be195b67c7b18d6a5593502c9d74e9bc1c2fd3cf90295c6a,1ebb2ff06a9385696b4d5619564b8ec851b4c47982c8a7e08d6cb26f831c6e7a,5,c0e890bafef68502be195b67c7b18d6a5593502c9d74e9bc1c2fd3cf90295c6a,1ebb2ff06a9385696b4d5619564b8ec851b4c47982c8a7e08d6cb26f831c6e7a,
C2_finbert_s3_full_combined_seed2026,1cbc45102c35de9fa4b64411089a71bcc69d6f5bd8f49dd829e5967402b3c62b,1ebb2ff06a9385696b4d5619564b8ec851b4c47982c8a7e08d6cb26f831c6e7a,5,1cbc45102c35de9fa4b64411089a71bcc69d6f5bd8f49dd829e5967402b3c62b,1ebb2ff06a9385696b4d5619564b8ec851b4c47982c8a7e08d6cb26f831c6e7a,
C2_finbert_s3_full_combined_seed2027,0eba0f3186375456afd9e0b80ba13c8c276e9e23f3bbaba346156dffbcc6e177,1ebb2ff06a9385696b4d5619564b8ec851b4c47982c8a7e08d6cb26f831c6e7a,5,0eba0f3186375456afd9e0b80ba13c8c276e9e23f3bbaba346156dffbcc6e177,1ebb2ff06a9385696b4d5619564b8ec851b4c47982c8a7e08d6cb26f831c6e7a,
C2_finbert_s3_full_combined_seed2028,292df195a86fab10471ad5a507318c939f6eb624555ff4cdfb0f7bef0831d82c,1ebb2ff06a9385696b4d5619564b8ec851b4c47982c8a7e08d6cb26f831c6e7a,5,292df195a86fab10471ad5a507318c939f6eb624555ff4cdfb0f7bef0831d82c,1ebb2ff06a9385696b4d5619564b8ec851b4c47982c8a7e08d6cb26f831c6e7a,
C2_finbert_s3_full_event_driven_seed2026,730226b94e2c6a3620a6376b471c994f08c88fa7c3d1ba27d02a68829e8c7890,1ebb2ff06a9385696b4d5619564b8ec851b4c47982c8a7e08d6cb26f831c6e7a,5,730226b94e2c6a3620a6376b471c994f08c88fa7c3d1ba27d02a68829e8c7890,1ebb2ff06a9385696b4d5619564b8ec851b4c47982c8a7e08d6cb26f831c6e7a,
C2_finbert_s3_full_event_driven_seed2027,64de4d7d369a9433cdd310987e889ad5f7697bf974a067895f2f8b2dc8521c42,1ebb2ff06a9385696b4d5619564b8ec851b4c47982c8a7e08d6cb26f831c6e7a,5,64de4d7d369a9433cdd310987e889ad5f7697bf974a067895f2f8b2dc8521c42,1ebb2ff06a9385696b4d5619564b8ec851b4c47982c8a7e08d6cb26f831c6e7a,
C2_finbert_s3_full_event_driven_seed2028,d552f00214dec4529459020a31bc3b44209f4814d0e9ed3b9f351a01b5b55b98,1ebb2ff06a9385696b4d5619564b8ec851b4c47982c8a7e08d6cb26f831c6e7a,5,d552f00214dec4529459020a31bc3b44209f4814d0e9ed3b9f351a01b5b55b98,1ebb2ff06a9385696b4d5619564b8ec851b4c47982c8a7e08d6cb26f831c6e7a,
C2_finbert_s3_full_long_form_seed2026,72bbcc94695872f5290e84640b6572911bb440cfd04d4188042d6fb86c13b671,1ebb2ff06a9385696b4d5619564b8ec851b4c47982c8a7e08d6cb26f831c6e7a,5,72bbcc94695872f5290e84640b6572911bb440cfd04d4188042d6fb86c13b671,1ebb2ff06a9385696b4d5619564b8ec851b4c47982c8a7e08d6cb26f831c6e7a,
C2_finbert_s3_full_long_form_seed2027,089b600c5d005d040f56cfaf24fb48b1210dcb8fc10dee358e9d82e0c66ae0cd,1ebb2ff06a9385696b4d5619564b8ec851b4c47982c8a7e08d6cb26f831c6e7a,5,089b600c5d005d040f56cfaf24fb48b1210dcb8fc10dee358e9d82e0c66ae0cd,1ebb2ff06a9385696b4d5619564b8ec851b4c47982c8a7e08d6cb26f831c6e7a,
C2_finbert_s3_full_long_form_seed2028,29d0ce400b025c1a6641b3907dba8edf8cb39605f4aa3ce93739ec8a2b7440e3,1ebb2ff06a9385696b4d5619564b8ec851b4c47982c8a7e08d6cb26f831c6e7a,5,29d0ce400b025c1a6641b3907dba8edf8cb39605f4aa3ce93739ec8a2b7440e3,1ebb2ff06a9385696b4d5619564b8ec851b4c47982c8a7e08d6cb26f831c6e7a,
C2_finbert_s4_full_combined_seed2026,a39d77797aec15eeae73bfd633669b9cb3a63ace89f56d31d0edbaae907d77aa,1ebb2ff06a9385696b4d5619564b8ec851b4c47982c8a7e08d6cb26f831c6e7a,5,a39d77797aec15eeae73bfd633669b9cb3a63ace89f56d31d0edbaae907d77aa,1ebb2ff06a9385696b4d5619564b8ec851b4c47982c8a7e08d6cb26f831c6e7a,
C2_finbert_s4_full_combined_seed2027,7fff5c45e11a0601f207586babf3eaf085d5695deb624e869bd1ebe96489241e,1ebb2ff06a9385696b4d5619564b8ec851b4c47982c8a7e08d6cb26f831c6e7a,5,7fff5c45e11a0601f207586babf3eaf085d5695deb624e869bd1ebe96489241e,1ebb2ff06a9385696b4d5619564b8ec851b4c47982c8a7e08d6cb26f831c6e7a,
C2_finbert_s4_full_combined_seed2028,2a57d24f4248b69a5cc5028573e410e30c0b5e20c953289a987693419faf9e95,1ebb2ff06a9385696b4d5619564b8ec851b4c47982c8a7e08d6cb26f831c6e7a,5,2a57d24f4248b69a5cc5028573e410e30c0b5e20c953289a987693419faf9e95,1ebb2ff06a9385696b4d5619564b8ec851b4c47982c8a7e08d6cb26f831c6e7a,
C2_finbert_s4_full_event_driven_seed2026,160a453e5bfabf8154c8b9fc9142c09a62e3899032ca2e9f4fd8ff51119ae64f,1ebb2ff06a9385696b4d5619564b8ec851b4c47982c8a7e08d6cb26f831c6e7a,5,160a453e5bfabf8154c8b9fc9142c09a62e3899032ca2e9f4fd8ff51119ae64f,1ebb2ff06a9385696b4d5619564b8ec851b4c47982c8a7e08d6cb26f831c6e7a,
C2_finbert_s4_full_event_driven_seed2027,c46776b02d4b8f6c3968f28fccd8deaa26184562cd2d5ed837550de49e06c14b,1ebb2ff06a9385696b4d5619564b8ec851b4c47982c8a7e08d6cb26f831c6e7a,5,c46776b02d4b8f6c3968f28fccd8deaa26184562cd2d5ed837550de49e06c14b,1ebb2ff06a9385696b4d5619564b8ec851b4c47982c8a7e08d6cb26f831c6e7a,
C2_finbert_s4_full_event_driven_seed2028,26487207c0c83c350a1dc1f6b5f6e9dc8803bcec70601e3f50c1a12a20bfbbd7,1ebb2ff06a9385696b4d5619564b8ec851b4c47982c8a7e08d6cb26f831c6e7a,5,26487207c0c83c350a1dc1f6b5f6e9dc8803bcec70601e3f50c1a12a20bfbbd7,1ebb2ff06a9385696b4d5619564b8ec851b4c47982c8a7e08d6cb26f831c6e7a,
C2_finbert_s4_full_long_form_seed2026,35d4427b61d7cc99c0c2d36357fe8a1c6d728e15ae315d1b1369187b4f9d7b7f,1ebb2ff06a9385696b4d5619564b8ec851b4c47982c8a7e08d6cb26f831c6e7a,5,35d4427b61d7cc99c0c2d36357fe8a1c6d728e15ae315d1b1369187b4f9d7b7f,1ebb2ff06a9385696b4d5619564b8ec851b4c47982c8a7e08d6cb26f831c6e7a,
C2_finbert_s4_full_long_form_seed2027,dca8e3148bb49ccf2e19d01b50c935d65a8e807d4e9fb9312b9021957a7f41f3,1ebb2ff06a9385696b4d5619564b8ec851b4c47982c8a7e08d6cb26f831c6e7a,5,dca8e3148bb49ccf2e19d01b50c935d65a8e807d4e9fb9312b9021957a7f41f3,1ebb2ff06a9385696b4d5619564b8ec851b4c47982c8a7e08d6cb26f831c6e7a,
C2_finbert_s4_full_long_form_seed2028,2ee6cab2eca7355dc5eea390e31de966da28c77ce07a3b144262e228421ad135,1ebb2ff06a9385696b4d5619564b8ec851b4c47982c8a7e08d6cb26f831c6e7a,5,2ee6cab2eca7355dc5eea390e31de966da28c77ce07a3b144262e228421ad135,1ebb2ff06a9385696b4d5619564b8ec851b4c47982c8a7e08d6cb26f831c6e7a,
C2dm_finbert_s1_full_event_driven_seed2026,7e9ccf4b88b4382fed6224f2899611cb114625e6b0356174d2fd9222f972d4be,00e839db47c5483415ff6c6b987723952c49a4eee3d57052083179aecabb2946,8,7e9ccf4b88b4382fed6224f2899611cb114625e6b0356174d2fd9222f972d4be,00e839db47c5483415ff6c6b987723952c49a4eee3d57052083179aecabb2946,
C2dm_finbert_s1_full_long_form_seed2026,0618ced94ff9d805d47b9261ec14b18c7ef6ad7f7c48a67ad2f5928889865597,00e839db47c5483415ff6c6b987723952c49a4eee3d57052083179aecabb2946,8,0618ced94ff9d805d47b9261ec14b18c7ef6ad7f7c48a67ad2f5928889865597,00e839db47c5483415ff6c6b987723952c49a4eee3d57052083179aecabb2946,
C2dm_finbert_s1_full_long_form_seed2026_limit8,cc600c3471030ff45e1e0f7ea9ba6267c9eb5d7b20bbd0e9e2942f4e63b63ce7,a8d03582badfe9829124a39d4719a7116b1f9aec2d98f7c4b3d0dc954ee45e7f,8,cc600c3471030ff45e1e0f7ea9ba6267c9eb5d7b20bbd0e9e2942f4e63b63ce7,a8d03582badfe9829124a39d4719a7116b1f9aec2d98f7c4b3d0dc954ee45e7f,
C2t_finbert_s1_full_event_driven_seed2026,0749561f462370998c819e66354769d0b2c298192cc461fc9781d2089d08f982,0531e5964663e0c1152c1e200835d4b860e5bf7ab925ba4ae9569ae9c1d69c9b,7,0749561f462370998c819e66354769d0b2c298192cc461fc9781d2089d08f982,0531e5964663e0c1152c1e200835d4b860e5bf7ab925ba4ae9569ae9c1d69c9b,
C2t_finbert_s1_full_event_driven_seed2026_dryrun,4ecf9171fdd6574515411121709148d6dea01257e7888fda14d46bc156911171,309378038937c0dd00032a14d31820448834079bb93df99567b350ae0ebc4462,7,4ecf9171fdd6574515411121709148d6dea01257e7888fda14d46bc156911171,309378038937c0dd00032a14d31820448834079bb93df99567b350ae0ebc4462,
C2t_finbert_s1_full_long_form_seed2026,f8b1e5a4e9b7cb8e61c8199f5bfea4960ea820dc50df50cdfe627cef2c486517,952840f2f018c596db64907b549eb05863e357e532fdf0dfc46fd73057a86c88,7,f8b1e5a4e9b7cb8e61c8199f5bfea4960ea820dc50df50cdfe627cef2c486517,952840f2f018c596db64907b549eb05863e357e532fdf0dfc46fd73057a86c88,
C2t_finbert_s1_full_long_form_seed2026_dryrun,97a5573383434fb94ab501745eae49df3537d0805b2f4b109629e82626987afa,aa91dce2ca5766ae29bc4110a675c9156bbebc59d604308e4fd27047f2ab06b1,7,97a5573383434fb94ab501745eae49df3537d0805b2f4b109629e82626987afa,aa91dce2ca5766ae29bc4110a675c9156bbebc59d604308e4fd27047f2ab06b1,
C3_roberta_s1_full_combined_seed2026,2fb363d73a70e62b3ec0b9676dcddaada12e7529f18e0221564a1abed8e35efd,00e839db47c5483415ff6c6b987723952c49a4eee3d57052083179aecabb2946,5,2fb363d73a70e62b3ec0b9676dcddaada12e7529f18e0221564a1abed8e35efd,00e839db47c5483415ff6c6b987723952c49a4eee3d57052083179aecabb2946,
C3_roberta_s1_full_combined_seed2027,f2f7d2847d085a18f98c0ecdac7d346e894371d1f5dfc5632a17f359d10e66f5,00e839db47c5483415ff6c6b987723952c49a4eee3d57052083179aecabb2946,5,f2f7d2847d085a18f98c0ecdac7d346e894371d1f5dfc5632a17f359d10e66f5,00e839db47c5483415ff6c6b987723952c49a4eee3d57052083179aecabb2946,
C3_roberta_s1_full_combined_seed2028,c293c40d663109985d76e494970b444ddc153aac1137fe355768262f04feb6d8,00e839db47c5483415ff6c6b987723952c49a4eee3d57052083179aecabb2946,5,c293c40d663109985d76e494970b444ddc153aac1137fe355768262f04feb6d8,00e839db47c5483415ff6c6b987723952c49a4eee3d57052083179aecabb2946,
C3_roberta_s1_full_event_driven_seed2026,81e380602aea4508eb305ff6758170fed555afe91e68e05d4b0a3f78fa97da14,00e839db47c5483415ff6c6b987723952c49a4eee3d57052083179aecabb2946,5,81e380602aea4508eb305ff6758170fed555afe91e68e05d4b0a3f78fa97da14,00e839db47c5483415ff6c6b987723952c49a4eee3d57052083179aecabb2946,
C3_roberta_s1_full_event_driven_seed2027,f2331dd0fd71220649e45651131e8edcf45641f42a8f872a125a89d2729b423f,00e839db47c5483415ff6c6b987723952c49a4eee3d57052083179aecabb2946,5,f2331dd0fd71220649e45651131e8edcf45641f42a8f872a125a89d2729b423f,00e839db47c5483415ff6c6b987723952c49a4eee3d57052083179aecabb2946,
C3_roberta_s1_full_event_driven_seed2028,bcc9417dbfc4ff0a917ad2f54da5b4c2ac2915dfa2a7ac9ac5820a9927f1db3c,00e839db47c5483415ff6c6b987723952c49a4eee3d57052083179aecabb2946,5,bcc9417dbfc4ff0a917ad2f54da5b4c2ac2915dfa2a7ac9ac5820a9927f1db3c,00e839db47c5483415ff6c6b987723952c49a4eee3d57052083179aecabb2946,
C3_roberta_s1_full_long_form_seed2026,129edba087cdcc96ee93f420bcb196db129129ca4057f2d8f1fea56ff450fb84,00e839db47c5483415ff6c6b987723952c49a4eee3d57052083179aecabb2946,5,129edba087cdcc96ee93f420bcb196db129129ca4057f2d8f1fea56ff450fb84,00e839db47c5483415ff6c6b987723952c49a4eee3d57052083179aecabb2946,
C3_roberta_s1_full_long_form_seed2027,0265ff7fc19eeb9b1d20558ff89175f3ed98b776d4c1ba1d63cc6a4feea32845,00e839db47c5483415ff6c6b987723952c49a4eee3d57052083179aecabb2946,5,0265ff7fc19eeb9b1d20558ff89175f3ed98b776d4c1ba1d63cc6a4feea32845,00e839db47c5483415ff6c6b987723952c49a4eee3d57052083179aecabb2946,
C3_roberta_s1_full_long_form_seed2028,87a06112150cc0a01f8e38bcdea7fc6c75a26de70dc7441b09206b4299376f63,00e839db47c5483415ff6c6b987723952c49a4eee3d57052083179aecabb2946,5,87a06112150cc0a01f8e38bcdea7fc6c75a26de70dc7441b09206b4299376f63,00e839db47c5483415ff6c6b987723952c49a4eee3d57052083179aecabb2946,
C4_longformer_full_combined_seed2026,b87dc46dbbaa1e437b56fab03210aff4897c598b7e762698c5e44a6c8935eb8e,b34f220ff0cde5d9d420db789730777a7eaa9f92635fd7a85cb8e50d67bcd5f4,5,b87dc46dbbaa1e437b56fab03210aff4897c598b7e762698c5e44a6c8935eb8e,b34f220ff0cde5d9d420db789730777a7eaa9f92635fd7a85cb8e50d67bcd5f4,
C4_longformer_full_combined_seed2027,5921ecb9dbb40e147f2e30fc603fbe5292197530b651867113a4734e5c559040,b34f220ff0cde5d9d420db789730777a7eaa9f92635fd7a85cb8e50d67bcd5f4,5,5921ecb9dbb40e147f2e30fc603fbe5292197530b651867113a4734e5c559040,b34f220ff0cde5d9d420db789730777a7eaa9f92635fd7a85cb8e50d67bcd5f4,
C4_longformer_full_combined_seed2028,125f23a9ebef9cb1484fc440f5b2bd81140dc9d516469cbb95b0ed3bfbaf0393,b34f220ff0cde5d9d420db789730777a7eaa9f92635fd7a85cb8e50d67bcd5f4,5,125f23a9ebef9cb1484fc440f5b2bd81140dc9d516469cbb95b0ed3bfbaf0393,b34f220ff0cde5d9d420db789730777a7eaa9f92635fd7a85cb8e50d67bcd5f4,
C4_longformer_full_event_driven_seed2026,a78020ca633e4f139b06854979cb24fdc5257862d846f05808226868431a1b81,b34f220ff0cde5d9d420db789730777a7eaa9f92635fd7a85cb8e50d67bcd5f4,5,a78020ca633e4f139b06854979cb24fdc5257862d846f05808226868431a1b81,b34f220ff0cde5d9d420db789730777a7eaa9f92635fd7a85cb8e50d67bcd5f4,
C4_longformer_full_event_driven_seed2027,694d69d7e754b5d85d88f2aa38c290b095fd136d523e34b793598031064684f1,b34f220ff0cde5d9d420db789730777a7eaa9f92635fd7a85cb8e50d67bcd5f4,5,694d69d7e754b5d85d88f2aa38c290b095fd136d523e34b793598031064684f1,b34f220ff0cde5d9d420db789730777a7eaa9f92635fd7a85cb8e50d67bcd5f4,
C4_longformer_full_event_driven_seed2028,e4f0bfdc22729ec986113469ed0e20cdaaa7c1c1cd331e4b2309f521dcae25f7,b34f220ff0cde5d9d420db789730777a7eaa9f92635fd7a85cb8e50d67bcd5f4,5,e4f0bfdc22729ec986113469ed0e20cdaaa7c1c1cd331e4b2309f521dcae25f7,b34f220ff0cde5d9d420db789730777a7eaa9f92635fd7a85cb8e50d67bcd5f4,
C4_longformer_full_long_form_seed2026,2249ae0e8b852ea7d92990292c2976700b7cea446b871c619780e275d84055c1,b34f220ff0cde5d9d420db789730777a7eaa9f92635fd7a85cb8e50d67bcd5f4,5,2249ae0e8b852ea7d92990292c2976700b7cea446b871c619780e275d84055c1,b34f220ff0cde5d9d420db789730777a7eaa9f92635fd7a85cb8e50d67bcd5f4,
C4_longformer_full_long_form_seed2027,3328e0f23f044d85927718f24621d692c313dd977db0d0cce76e8e6e840732db,b34f220ff0cde5d9d420db789730777a7eaa9f92635fd7a85cb8e50d67bcd5f4,5,3328e0f23f044d85927718f24621d692c313dd977db0d0cce76e8e6e840732db,b34f220ff0cde5d9d420db789730777a7eaa9f92635fd7a85cb8e50d67bcd5f4,
C4_longformer_full_long_form_seed2028,077a72b00683eeb3b3d54372340a55fabde44783654c6f07502d04e0a42372b6,b34f220ff0cde5d9d420db789730777a7eaa9f92635fd7a85cb8e50d67bcd5f4,5,077a72b00683eeb3b3d54372340a55fabde44783654c6f07502d04e0a42372b6,b34f220ff0cde5d9d420db789730777a7eaa9f92635fd7a85cb8e50d67bcd5f4,
C5_e5mistral_full_combined_seed2026,87e2666387d6161ace8ac89f410115e0484d766c6d601d59274fd4a47eebefba,0c82e0f1338c7304469c458c0d500952779944648a80cbea22b532e83ae8fe85,5,87e2666387d6161ace8ac89f410115e0484d766c6d601d59274fd4a47eebefba,0c82e0f1338c7304469c458c0d500952779944648a80cbea22b532e83ae8fe85,
C5_e5mistral_full_combined_seed2027,d9e183372325b6796f6217e7a88b78e5dfd0de8be8f800d630bf5d6413be6e2b,0c82e0f1338c7304469c458c0d500952779944648a80cbea22b532e83ae8fe85,5,d9e183372325b6796f6217e7a88b78e5dfd0de8be8f800d630bf5d6413be6e2b,0c82e0f1338c7304469c458c0d500952779944648a80cbea22b532e83ae8fe85,
C5_e5mistral_full_combined_seed2028,55879b34007f91d5ddbb3d8761c6e4c8df64a4935a1c0673f533fa9e8569338f,0c82e0f1338c7304469c458c0d500952779944648a80cbea22b532e83ae8fe85,5,55879b34007f91d5ddbb3d8761c6e4c8df64a4935a1c0673f533fa9e8569338f,0c82e0f1338c7304469c458c0d500952779944648a80cbea22b532e83ae8fe85,
C5_e5mistral_full_event_driven_seed2026,9cbc2118c776dd9363576a8ca326287e54c7d75b641facf6d630a051fefa37f8,0c82e0f1338c7304469c458c0d500952779944648a80cbea22b532e83ae8fe85,5,9cbc2118c776dd9363576a8ca326287e54c7d75b641facf6d630a051fefa37f8,0c82e0f1338c7304469c458c0d500952779944648a80cbea22b532e83ae8fe85,
C5_e5mistral_full_event_driven_seed2027,4f3606a27411e3248e28d7bf38b69c4de3e7bf6d2910543c6fbc99a524412714,0c82e0f1338c7304469c458c0d500952779944648a80cbea22b532e83ae8fe85,5,4f3606a27411e3248e28d7bf38b69c4de3e7bf6d2910543c6fbc99a524412714,0c82e0f1338c7304469c458c0d500952779944648a80cbea22b532e83ae8fe85,
C5_e5mistral_full_event_driven_seed2028,bfc400c665252726ee7fa4e030d121551504bb968c3d3019f218e88546339568,0c82e0f1338c7304469c458c0d500952779944648a80cbea22b532e83ae8fe85,5,bfc400c665252726ee7fa4e030d121551504bb968c3d3019f218e88546339568,0c82e0f1338c7304469c458c0d500952779944648a80cbea22b532e83ae8fe85,
C5_e5mistral_full_long_form_seed2026,621212410a0d95c5e4d401bbbb09a1b676cc41e433c59dbae722dc234b815ab1,0c82e0f1338c7304469c458c0d500952779944648a80cbea22b532e83ae8fe85,5,621212410a0d95c5e4d401bbbb09a1b676cc41e433c59dbae722dc234b815ab1,0c82e0f1338c7304469c458c0d500952779944648a80cbea22b532e83ae8fe85,
C5_e5mistral_full_long_form_seed2027,62e4f96040ffa359e0dc49be302ebb5662ca467c67a7c40fae98026c1cb90b28,0c82e0f1338c7304469c458c0d500952779944648a80cbea22b532e83ae8fe85,5,62e4f96040ffa359e0dc49be302ebb5662ca467c67a7c40fae98026c1cb90b28,0c82e0f1338c7304469c458c0d500952779944648a80cbea22b532e83ae8fe85,
C5_e5mistral_full_long_form_seed2028,b6c4a1b5dd443e13df2afbc71689c4b149207f1e488cd1baaddf95f2d7f1d445,0c82e0f1338c7304469c458c0d500952779944648a80cbea22b532e83ae8fe85,5,b6c4a1b5dd443e13df2afbc71689c4b149207f1e488cd1baaddf95f2d7f1d445,0c82e0f1338c7304469c458c0d500952779944648a80cbea22b532e83ae8fe85,
C5_gteqwen2_full_combined_seed2026,1143e158b0e89b5276abefc7170d8e4c1274dfc531c4aa18697c1daf6d300e3b,0c82e0f1338c7304469c458c0d500952779944648a80cbea22b532e83ae8fe85,5,1143e158b0e89b5276abefc7170d8e4c1274dfc531c4aa18697c1daf6d300e3b,0c82e0f1338c7304469c458c0d500952779944648a80cbea22b532e83ae8fe85,
C5_gteqwen2_full_combined_seed2027,e1894d558fd1217438968069ff0fb7fbd63f92278346d184066ab42c00011f79,0c82e0f1338c7304469c458c0d500952779944648a80cbea22b532e83ae8fe85,5,e1894d558fd1217438968069ff0fb7fbd63f92278346d184066ab42c00011f79,0c82e0f1338c7304469c458c0d500952779944648a80cbea22b532e83ae8fe85,
C5_gteqwen2_full_combined_seed2028,19a4138ad554cb2a6f846cbcaf1c4591cfdde6b5ce74f2a47e1131dd939bc19a,0c82e0f1338c7304469c458c0d500952779944648a80cbea22b532e83ae8fe85,5,19a4138ad554cb2a6f846cbcaf1c4591cfdde6b5ce74f2a47e1131dd939bc19a,0c82e0f1338c7304469c458c0d500952779944648a80cbea22b532e83ae8fe85,
C5_gteqwen2_full_event_driven_seed2026,54806d76d2359a50b2a2694d6f0b4d96fff669ea3024c354e7b5d3c9f5245062,0c82e0f1338c7304469c458c0d500952779944648a80cbea22b532e83ae8fe85,5,54806d76d2359a50b2a2694d6f0b4d96fff669ea3024c354e7b5d3c9f5245062,0c82e0f1338c7304469c458c0d500952779944648a80cbea22b532e83ae8fe85,
C5_gteqwen2_full_event_driven_seed2027,d7b7bfa988284249a62248c00fb65f20c8911a15ed9ee09cfc0b525610f2e260,0c82e0f1338c7304469c458c0d500952779944648a80cbea22b532e83ae8fe85,5,d7b7bfa988284249a62248c00fb65f20c8911a15ed9ee09cfc0b525610f2e260,0c82e0f1338c7304469c458c0d500952779944648a80cbea22b532e83ae8fe85,
C5_gteqwen2_full_event_driven_seed2028,7e1ea633150184ab834e0bbdff0bc6eef94411a368c2a53f2e313f62686caa0d,0c82e0f1338c7304469c458c0d500952779944648a80cbea22b532e83ae8fe85,5,7e1ea633150184ab834e0bbdff0bc6eef94411a368c2a53f2e313f62686caa0d,0c82e0f1338c7304469c458c0d500952779944648a80cbea22b532e83ae8fe85,
C5_gteqwen2_full_long_form_seed2026,f45a3743568dc0d59ad03df3094e65a18765b19dceccf16500ce4c374c5a8f25,0c82e0f1338c7304469c458c0d500952779944648a80cbea22b532e83ae8fe85,5,f45a3743568dc0d59ad03df3094e65a18765b19dceccf16500ce4c374c5a8f25,0c82e0f1338c7304469c458c0d500952779944648a80cbea22b532e83ae8fe85,
C5_gteqwen2_full_long_form_seed2027,27dfe2562a9c78a8258a274dd57d08b00d8974c925eb39fc903526ca2210f397,0c82e0f1338c7304469c458c0d500952779944648a80cbea22b532e83ae8fe85,5,27dfe2562a9c78a8258a274dd57d08b00d8974c925eb39fc903526ca2210f397,0c82e0f1338c7304469c458c0d500952779944648a80cbea22b532e83ae8fe85,
C5_gteqwen2_full_long_form_seed2028,1059ed7d543043a14d208c1119e5a5ec761f0342d1949b09a615c69c7919b5ef,0c82e0f1338c7304469c458c0d500952779944648a80cbea22b532e83ae8fe85,5,1059ed7d543043a14d208c1119e5a5ec761f0342d1949b09a615c69c7919b5ef,0c82e0f1338c7304469c458c0d500952779944648a80cbea22b532e83ae8fe85,
C5_qwen3_full_combined_seed2026,4a590f7b4305a880321c7ef86ed12630dd0f8f6660fdb230f3a4182f66527f1e,0c82e0f1338c7304469c458c0d500952779944648a80cbea22b532e83ae8fe85,5,4a590f7b4305a880321c7ef86ed12630dd0f8f6660fdb230f3a4182f66527f1e,0c82e0f1338c7304469c458c0d500952779944648a80cbea22b532e83ae8fe85,
C5_qwen3_full_combined_seed2027,194de8d66fb0574e2a416e587b13904baafab0845b3f3f3e268a389f17d2d495,0c82e0f1338c7304469c458c0d500952779944648a80cbea22b532e83ae8fe85,5,194de8d66fb0574e2a416e587b13904baafab0845b3f3f3e268a389f17d2d495,0c82e0f1338c7304469c458c0d500952779944648a80cbea22b532e83ae8fe85,
C5_qwen3_full_combined_seed2028,df4b35161bd69d5b6c5837b14a772e05fd38f10b6771e522f5b002a7ddec3353,0c82e0f1338c7304469c458c0d500952779944648a80cbea22b532e83ae8fe85,5,df4b35161bd69d5b6c5837b14a772e05fd38f10b6771e522f5b002a7ddec3353,0c82e0f1338c7304469c458c0d500952779944648a80cbea22b532e83ae8fe85,
C5_qwen3_full_event_driven_seed2026,b6f5f5496c5665c71829572f1cec8969b8c43edb3c7cbf76ba5f7e2b034f488b,0c82e0f1338c7304469c458c0d500952779944648a80cbea22b532e83ae8fe85,5,b6f5f5496c5665c71829572f1cec8969b8c43edb3c7cbf76ba5f7e2b034f488b,0c82e0f1338c7304469c458c0d500952779944648a80cbea22b532e83ae8fe85,
C5_qwen3_full_event_driven_seed2027,d2d7fe8da8afdd524ba83e413f7b5a5217b6f399ba611a0e75978a07bb89feb6,0c82e0f1338c7304469c458c0d500952779944648a80cbea22b532e83ae8fe85,5,d2d7fe8da8afdd524ba83e413f7b5a5217b6f399ba611a0e75978a07bb89feb6,0c82e0f1338c7304469c458c0d500952779944648a80cbea22b532e83ae8fe85,
C5_qwen3_full_event_driven_seed2028,ab9b7349247dad361c173d6fd33ecf406ebe0ece99aa0276ebd4998a7b8dab23,0c82e0f1338c7304469c458c0d500952779944648a80cbea22b532e83ae8fe85,5,ab9b7349247dad361c173d6fd33ecf406ebe0ece99aa0276ebd4998a7b8dab23,0c82e0f1338c7304469c458c0d500952779944648a80cbea22b532e83ae8fe85,
C5_qwen3_full_long_form_seed2026,96de951f5fbbd9a0eefdd3800523826b7a0ce940c95811b642dbb07e66e8cfcf,8288175f9e866b14853e17ae838eb33ecba01552be4c2cdaf91c0ec6b672c4df,5,96de951f5fbbd9a0eefdd3800523826b7a0ce940c95811b642dbb07e66e8cfcf,8288175f9e866b14853e17ae838eb33ecba01552be4c2cdaf91c0ec6b672c4df,
C5_qwen3_full_long_form_seed2027,acefb944bb9a8516acc6305594914617bda2c82ad604cc2db908e83021ba1c24,0c82e0f1338c7304469c458c0d500952779944648a80cbea22b532e83ae8fe85,5,acefb944bb9a8516acc6305594914617bda2c82ad604cc2db908e83021ba1c24,0c82e0f1338c7304469c458c0d500952779944648a80cbea22b532e83ae8fe85,
C5_qwen3_full_long_form_seed2028,b6a0d8db7e2d9c4ddcdf5e03dda58cdbb238a351b797801b38b2987270b79f0f,0c82e0f1338c7304469c458c0d500952779944648a80cbea22b532e83ae8fe85,5,b6a0d8db7e2d9c4ddcdf5e03dda58cdbb238a351b797801b38b2987270b79f0f,0c82e0f1338c7304469c458c0d500952779944648a80cbea22b532e83ae8fe85,
C5x_qwen3exc_full_long_form_seed2026,809b6c521012242d4235791c8b77c9d264a66b06047f79e118774d774b5888a9,,2,809b6c521012242d4235791c8b77c9d264a66b06047f79e118774d774b5888a9,,
C6_datefirm_full_combined_seed2026,d274b60278760fe2ce26ce83b76d2c38b962a593f8ea0ec91f85baf4c847baae,,8,7176b5c731d089956e2d44693e31680cf9a83f38ec1a0270f55892605cd0f679,,llm
C6_datefirm_full_event_driven_seed2026,54233540fcb490731abcc63f00238e933c7abd9333ead5637ccc6791292ce06b,,8,554f4c98fc01bb658672f7ca9bf7467ab9f87cdc5099eb486efa260a31de2ea3,,llm
C6_datefirm_full_long_form_seed2026,5684a125ed3d1720a8b0f7d0a7d3a16037f1d46f8506f7a6ee1ba80d3f099d7b,,8,4fc85d1a0a3d6bbd81dd335455cd48651083f3578462dce522a359d6dc791678,,llm
C6_datefirm_llama70_full_event_driven_seed2026,7c5c74ba33d2b9b2f114f87d5e7d704f2507deb1f413703627ac0efe7bd37406,,8,7183db19ad83a0ee721cc6d0bba6ed78128202050c75e5fd9660949a4e382c4b,,llm;vocabulary
C6_dateonly_full_combined_seed2026,b7dddf19f007b317aba362141c722cf5f87495dcea78ec1f1f0c3129cd21e302,,8,f58de6af4a2d583fa159221ac73d29863c56721253e9700713ce08315ddd6eda,,llm
C6_dateonly_full_event_driven_seed2026,95ff975de21972d388c99e9b200dbd9109a1b5b6b0beaa62b3fd9aace15ab122,,8,34b3dd4dc20ea9b11c8519ff7de10f4678b7550c25223aa3404782f28ff89a6c,,llm
C6_dateonly_full_long_form_seed2026,f79a14b03cd7dc5ee6d6de6c570cc64b7a1fcfc8673a10b55f8ce74d4ec25578,,8,4bc91e80b7bc4b8a089a4b2717ed0266c78d3b5b6b9cd338b28c32d715d6cff8,,llm
C6_llmtext_anonctrl_full_event_driven_seed2026,aaeae21ae7739d4f8b9e335aef5655e41116fe2739c7353ff2974484f8fa4de5,,8,81b242f547383524c1cd93d494195b8ade50f028c8e0c8d924e7807b384e1f1b,,llm
C6_llmtext_anonmask_full_event_driven_seed2026,26554e20f584cc9057c87c0ed5127bd3e5b0e0e2c596cf4b714e3fa248777f4f,,8,6f1f4dc6a1b17c9874f3c4a1fb89bbb13df7743ef7ff56a121919e0bcff4f541,,llm
C6_llmtext_full_combined_seed2026,5c42a926527ae46f2340f78c8ca14ec0d7707537185a560180c9202d37be3149,,8,835c797b353d95dcf9ea0b46e1328fd7535abda5f126eb717304e984c415307f,,llm
C6_llmtext_full_event_driven_seed2026,c9bf12d29133fb94b94420f82d0d2a912e37304125ae5d314df3e91779fbd074,,8,124168cb73b98b43dff48ceba77085fc0b083d098a3e09b487e701bdc88c2f66,,llm
C6_llmtext_full_long_form_seed2026,4e4ca10bb5fc092366992236a14150e1cc4f232d3f8d6e70628c76ef048b471a,,8,1d2da744af7668a0f151b7fb03387d054d198c6b9189ef4e8b8abdbf1c431870,,llm
C6_llmtext_gemma27_full_event_driven_seed2026,1d6c1b0ab20221e4f9e4f3ef702a5a0f2b0c1e7e55c17958bbece5aab2e7f00d,,13,737926d5ae7a4bae8332cacf85abff21eb474994af671e87211445eb60e64edd,,llm;vocabulary
C6_llmtext_gemma27_s2027_full_event_driven_seed2026,1c364c30f3ad7e6cfa3052b3cf8580afd582dfbbc15608dc50cc80d815e5bab1,,13,e9891cd8b43805d242d008c134504df4dc539feb9e084e809eabd16baf24bf5c,,llm;vocabulary
C6_llmtext_gemma27_s2028_full_event_driven_seed2026,ff5ec7c1fd6e384bcbc014fd3d92e72cf1da399a287fe287c95d8d372cb4961e,,13,f145e56c1a2feedab463ef2ee8ccbf9f2aeb32fcc0b1b1872e4dc1f29ddba86f,,llm;vocabulary
C6_llmtext_gemma27ens_full_event_driven_seed2026,1b91610412e0ad4f931b06785de0a6dab45fbff125361b42bb6dc1eb8e6acc91,,6,6f96aebc39c5366f9502868804c793d4f064cd4607c629f87b39c38f46acdd98,,vocabulary
C6_llmtext_llama70_full_combined_seed2026,638a995f6e44463191ef5ed62f15021067c587de303c7f6c722d3673c2a2bfd6,,8,638a995f6e44463191ef5ed62f15021067c587de303c7f6c722d3673c2a2bfd6,,
C6_llmtext_llama70_full_event_driven_seed2026,638a995f6e44463191ef5ed62f15021067c587de303c7f6c722d3673c2a2bfd6,,8,638a995f6e44463191ef5ed62f15021067c587de303c7f6c722d3673c2a2bfd6,,
C6_llmtext_llama70_s2027_full_combined_seed2026,237f458fd6e62578c21a02b4c3c275451a5bc3246286dba6c807ca2da07e4840,,8,237f458fd6e62578c21a02b4c3c275451a5bc3246286dba6c807ca2da07e4840,,
C6_llmtext_llama70_s2027_full_event_driven_seed2026,237f458fd6e62578c21a02b4c3c275451a5bc3246286dba6c807ca2da07e4840,,8,237f458fd6e62578c21a02b4c3c275451a5bc3246286dba6c807ca2da07e4840,,
C6_llmtext_llama70_s2028_full_combined_seed2026,88937b1e6621c881e998fbf1857a4a90337a6f590b0d29ac7f161fa53513546f,,8,88937b1e6621c881e998fbf1857a4a90337a6f590b0d29ac7f161fa53513546f,,
C6_llmtext_llama70_s2028_full_event_driven_seed2026,88937b1e6621c881e998fbf1857a4a90337a6f590b0d29ac7f161fa53513546f,,8,88937b1e6621c881e998fbf1857a4a90337a6f590b0d29ac7f161fa53513546f,,
C6_llmtext_llama70ens_full_event_driven_seed2026,5c6f63b156afd20b59b038349ee3d1608e0ba7d40e4020e73a86258a0ec3c7b6,,6,5c6f63b156afd20b59b038349ee3d1608e0ba7d40e4020e73a86258a0ec3c7b6,,
C6_llmtext_mistral24_full_combined_seed2026,19abc3cb48d99ff0546b105ec7abec66f54ca5c1c5899c19aa71798312516dce,,8,0c4619cf3a1f4b85041d6d4cb2408e031be05b9eb430f3157d450f6247d9430f,,llm
C6_llmtext_mistral24_full_event_driven_seed2026,19abc3cb48d99ff0546b105ec7abec66f54ca5c1c5899c19aa71798312516dce,,8,0c4619cf3a1f4b85041d6d4cb2408e031be05b9eb430f3157d450f6247d9430f,,llm
C6_llmtext_mistral24_s2027_full_combined_seed2026,46402779c1b620bc9bb924c0e6e49259ce08d3e12af39b3d57c91b5fedd0d4a6,,8,a0aaf73824244056a33d929786201b13e9c1f40fd1101bcacc41e35e8c1ff564,,llm
C6_llmtext_mistral24_s2027_full_event_driven_seed2026,46402779c1b620bc9bb924c0e6e49259ce08d3e12af39b3d57c91b5fedd0d4a6,,8,a0aaf73824244056a33d929786201b13e9c1f40fd1101bcacc41e35e8c1ff564,,llm
C6_llmtext_mistral24_s2028_full_combined_seed2026,ecfadc9600b10c1618e333af55925260c26710bd2d25addf08f654096d6fa832,,8,97a3d40d0be9f94161012d9a9e9a55af8757985e5b364269b4265683a633b878,,llm
C6_llmtext_mistral24_s2028_full_event_driven_seed2026,ecfadc9600b10c1618e333af55925260c26710bd2d25addf08f654096d6fa832,,8,97a3d40d0be9f94161012d9a9e9a55af8757985e5b364269b4265683a633b878,,llm
C6_llmtext_mistral24ens_full_event_driven_seed2026,2317d6852397372323778b53829f9b79b12863f64b58321f9489273ff24ef891,,6,0ede468b9b1fbe30457290bcd71939bfbe61c2d5daacee2db48ba7eaa78c3e97,,vocabulary
C6_llmtext_phi4_full_combined_seed2026,a1dd7c003711d9d45f99acb61e7a8bdcc2fd57726e442a0976efa1e60cfdf4b2,,8,4d99d83e13dcced6d22b31fac3413ecc77e72c308c2856c90861933c23d62a3b,,llm
C6_llmtext_phi4_full_event_driven_seed2026,a1dd7c003711d9d45f99acb61e7a8bdcc2fd57726e442a0976efa1e60cfdf4b2,,8,4d99d83e13dcced6d22b31fac3413ecc77e72c308c2856c90861933c23d62a3b,,llm
C6_llmtext_yi34_full_combined_seed2026,bbc2816941fe9670c0074555ebaa9dabdc19c0796d077519c1d7ee9fc5565265,,8,3cdfb4812099a1a9c313a1c6c26ebf18c5d5d9a93c57c2451033d3db290355ea,,llm
C6_llmtext_yi34_full_event_driven_seed2026,1ee9ace961641c516f5b906e3edb7516ad597e207a7b0a0ebefcea327526597e,,8,b2b803eb835fa8e49b2f2779c56828f251651e44baba8d258d5de3f8c34cccb6,,llm
C6_llmtext_yi34_full_long_form_seed2026,4848c6b1098ab837c6edf71b2afcdd6e06c9ca7f8cd7bbcec73c09830f86ed04,,8,98f200bb50f224ee5aeb622ac32fa691abfc4ed7a55ca53c5c6799b3a5d692b2,,llm
D1_concat_mlp_full_combined_seed2026,71d68b9d625afc6baec7d85f44210c85e5f8050b33e7657f4296140ba204228b,839df477148ae292638b219a3e485496cc58ac10b052c0819aa6aa91ed463898,5,71d68b9d625afc6baec7d85f44210c85e5f8050b33e7657f4296140ba204228b,839df477148ae292638b219a3e485496cc58ac10b052c0819aa6aa91ed463898,
D1_concat_mlp_full_combined_seed2027,145b6099bf8fcd794e1026f586bea8627affd5b4a3e2a8b0da3268d744a718a7,839df477148ae292638b219a3e485496cc58ac10b052c0819aa6aa91ed463898,5,145b6099bf8fcd794e1026f586bea8627affd5b4a3e2a8b0da3268d744a718a7,839df477148ae292638b219a3e485496cc58ac10b052c0819aa6aa91ed463898,
D1_concat_mlp_full_combined_seed2028,07416385a440447cd2d62655b543049df8f0579534d0356c3be554388d0cc848,839df477148ae292638b219a3e485496cc58ac10b052c0819aa6aa91ed463898,5,07416385a440447cd2d62655b543049df8f0579534d0356c3be554388d0cc848,839df477148ae292638b219a3e485496cc58ac10b052c0819aa6aa91ed463898,
D1_concat_mlp_full_event_driven_seed2026,07f5cfe6257365a2b36e2155e4ac084842608e76e2cd6fa22a868b215299832b,839df477148ae292638b219a3e485496cc58ac10b052c0819aa6aa91ed463898,5,07f5cfe6257365a2b36e2155e4ac084842608e76e2cd6fa22a868b215299832b,839df477148ae292638b219a3e485496cc58ac10b052c0819aa6aa91ed463898,
D1_concat_mlp_full_event_driven_seed2027,42683ef1032835d45a4eeb22f0243e5fd57f81dab563e0c08c839aae6285ded6,839df477148ae292638b219a3e485496cc58ac10b052c0819aa6aa91ed463898,5,42683ef1032835d45a4eeb22f0243e5fd57f81dab563e0c08c839aae6285ded6,839df477148ae292638b219a3e485496cc58ac10b052c0819aa6aa91ed463898,
D1_concat_mlp_full_event_driven_seed2028,5a637cd66bfcda92cc6640093eb6e97032967428baad19564257616ec03ef92a,839df477148ae292638b219a3e485496cc58ac10b052c0819aa6aa91ed463898,5,5a637cd66bfcda92cc6640093eb6e97032967428baad19564257616ec03ef92a,839df477148ae292638b219a3e485496cc58ac10b052c0819aa6aa91ed463898,
D1_concat_mlp_full_long_form_seed2026,00fe36ad7d1b8daf7d24d96332ea0a18fca64d2b1871bf7787bc56db6e6c71ba,839df477148ae292638b219a3e485496cc58ac10b052c0819aa6aa91ed463898,5,00fe36ad7d1b8daf7d24d96332ea0a18fca64d2b1871bf7787bc56db6e6c71ba,839df477148ae292638b219a3e485496cc58ac10b052c0819aa6aa91ed463898,
D1_concat_mlp_full_long_form_seed2027,2a465cd285b90ce62cede5999512271fa3541409a76724c3ff031fa5855501ac,839df477148ae292638b219a3e485496cc58ac10b052c0819aa6aa91ed463898,5,2a465cd285b90ce62cede5999512271fa3541409a76724c3ff031fa5855501ac,839df477148ae292638b219a3e485496cc58ac10b052c0819aa6aa91ed463898,
D1_concat_mlp_full_long_form_seed2028,719d15896ad7e7a92b5154f68bb7696ddaf5cbcedb181b02ed1db1b4dac13c98,839df477148ae292638b219a3e485496cc58ac10b052c0819aa6aa91ed463898,5,719d15896ad7e7a92b5154f68bb7696ddaf5cbcedb181b02ed1db1b4dac13c98,839df477148ae292638b219a3e485496cc58ac10b052c0819aa6aa91ed463898,
D2_gated_fusion_full_combined_seed2026,e59e34a8494d79d06b886eb100bee94b1855eb3a12119fc30ae1a485a73ef16c,839df477148ae292638b219a3e485496cc58ac10b052c0819aa6aa91ed463898,5,e59e34a8494d79d06b886eb100bee94b1855eb3a12119fc30ae1a485a73ef16c,839df477148ae292638b219a3e485496cc58ac10b052c0819aa6aa91ed463898,
D2_gated_fusion_full_combined_seed2027,225bf630a70486f895243262c0b55e715fb3aeca7d2b1a882063dfe8815b103c,839df477148ae292638b219a3e485496cc58ac10b052c0819aa6aa91ed463898,5,225bf630a70486f895243262c0b55e715fb3aeca7d2b1a882063dfe8815b103c,839df477148ae292638b219a3e485496cc58ac10b052c0819aa6aa91ed463898,
D2_gated_fusion_full_combined_seed2028,d0d8925ebeb418c1ab544653a098ea9432abfd3d467628a9b9ecf53422dd81bf,839df477148ae292638b219a3e485496cc58ac10b052c0819aa6aa91ed463898,5,d0d8925ebeb418c1ab544653a098ea9432abfd3d467628a9b9ecf53422dd81bf,839df477148ae292638b219a3e485496cc58ac10b052c0819aa6aa91ed463898,
D2_gated_fusion_full_event_driven_seed2026,2f5388b134720ec53f6f5490b47ac5c24029ee6ec54d6f739bd172ab7752d810,839df477148ae292638b219a3e485496cc58ac10b052c0819aa6aa91ed463898,5,2f5388b134720ec53f6f5490b47ac5c24029ee6ec54d6f739bd172ab7752d810,839df477148ae292638b219a3e485496cc58ac10b052c0819aa6aa91ed463898,
D2_gated_fusion_full_event_driven_seed2027,6735b88ef13e8856782c417301752ba92b75ff077431636181c5d794a949dcbf,839df477148ae292638b219a3e485496cc58ac10b052c0819aa6aa91ed463898,5,6735b88ef13e8856782c417301752ba92b75ff077431636181c5d794a949dcbf,839df477148ae292638b219a3e485496cc58ac10b052c0819aa6aa91ed463898,
D2_gated_fusion_full_event_driven_seed2028,43119c32e09db401d6dfdd32d9c636f149d80d20b6df6b66cc4e31e5e9053012,839df477148ae292638b219a3e485496cc58ac10b052c0819aa6aa91ed463898,5,43119c32e09db401d6dfdd32d9c636f149d80d20b6df6b66cc4e31e5e9053012,839df477148ae292638b219a3e485496cc58ac10b052c0819aa6aa91ed463898,
D2_gated_fusion_full_long_form_seed2026,ecb22b1ad09052b5f1576c880013a6575ff7aa187e0e47bebeaa1e8fe1b6404a,839df477148ae292638b219a3e485496cc58ac10b052c0819aa6aa91ed463898,5,ecb22b1ad09052b5f1576c880013a6575ff7aa187e0e47bebeaa1e8fe1b6404a,839df477148ae292638b219a3e485496cc58ac10b052c0819aa6aa91ed463898,
D2_gated_fusion_full_long_form_seed2027,0e1e2fbab850baff735069022faf6c19b9c1995ca307df3fe090d51f73ca902f,839df477148ae292638b219a3e485496cc58ac10b052c0819aa6aa91ed463898,5,0e1e2fbab850baff735069022faf6c19b9c1995ca307df3fe090d51f73ca902f,839df477148ae292638b219a3e485496cc58ac10b052c0819aa6aa91ed463898,
D2_gated_fusion_full_long_form_seed2028,23304e65358a094be459b7d7678b2ed03ff96096bff8a3f8c6b16d6725cc09a5,839df477148ae292638b219a3e485496cc58ac10b052c0819aa6aa91ed463898,5,23304e65358a094be459b7d7678b2ed03ff96096bff8a3f8c6b16d6725cc09a5,839df477148ae292638b219a3e485496cc58ac10b052c0819aa6aa91ed463898,
D2t_gated_fusion_full_long_form_seed2026,34eff60a6406305b2c108a418b0f7b0fb10fea8170d4e45ee0938dce372d161b,936921ca446ff72e9836fcf65717cdb5d3f6b2b005f6362b7c9a4d4675ffa096,7,34eff60a6406305b2c108a418b0f7b0fb10fea8170d4e45ee0938dce372d161b,936921ca446ff72e9836fcf65717cdb5d3f6b2b005f6362b7c9a4d4675ffa096,
D2t_gated_fusion_full_long_form_seed2026_dryrun,8de4112b77e80af47c58050b4488cc7a53e7c8f511711aa698a4a2b969697381,d228164719fca69a8dc42fbcd96f2e90d56977a16df9d3cac0ece4e8597a7497,7,8de4112b77e80af47c58050b4488cc7a53e7c8f511711aa698a4a2b969697381,d228164719fca69a8dc42fbcd96f2e90d56977a16df9d3cac0ece4e8597a7497,
D3_e5mistral_full_combined_seed2026,e10465b2c0f409c61a21f53a48859455632dc2ce47eeff4b191017c85f017c37,0c82e0f1338c7304469c458c0d500952779944648a80cbea22b532e83ae8fe85,5,e10465b2c0f409c61a21f53a48859455632dc2ce47eeff4b191017c85f017c37,0c82e0f1338c7304469c458c0d500952779944648a80cbea22b532e83ae8fe85,
D3_e5mistral_full_combined_seed2027,58d53f0c261f1c6003617f867d60bee23374a0303134217ee8c87faa1bd4646d,0c82e0f1338c7304469c458c0d500952779944648a80cbea22b532e83ae8fe85,5,58d53f0c261f1c6003617f867d60bee23374a0303134217ee8c87faa1bd4646d,0c82e0f1338c7304469c458c0d500952779944648a80cbea22b532e83ae8fe85,
D3_e5mistral_full_combined_seed2028,e67c1af08ad2de61ee99c23fdced84aa84f379ca916abd46437994eb0af4c636,0c82e0f1338c7304469c458c0d500952779944648a80cbea22b532e83ae8fe85,5,e67c1af08ad2de61ee99c23fdced84aa84f379ca916abd46437994eb0af4c636,0c82e0f1338c7304469c458c0d500952779944648a80cbea22b532e83ae8fe85,
D3_e5mistral_full_event_driven_seed2026,102f7cf078da469a9bdc1d9dfbe284e23e6edeaf3eac25857085980ea186d687,0c82e0f1338c7304469c458c0d500952779944648a80cbea22b532e83ae8fe85,5,102f7cf078da469a9bdc1d9dfbe284e23e6edeaf3eac25857085980ea186d687,0c82e0f1338c7304469c458c0d500952779944648a80cbea22b532e83ae8fe85,
D3_e5mistral_full_event_driven_seed2027,e19af7da974e4535b70182e1f782d7aa4ebb18fdea55dccee1be88bbf784d98d,0c82e0f1338c7304469c458c0d500952779944648a80cbea22b532e83ae8fe85,5,e19af7da974e4535b70182e1f782d7aa4ebb18fdea55dccee1be88bbf784d98d,0c82e0f1338c7304469c458c0d500952779944648a80cbea22b532e83ae8fe85,
D3_e5mistral_full_event_driven_seed2028,0ae197adfe3d3fbf38f7933ef6ab65189db0fa1b6507ec082417895dec5fc9d6,0c82e0f1338c7304469c458c0d500952779944648a80cbea22b532e83ae8fe85,5,0ae197adfe3d3fbf38f7933ef6ab65189db0fa1b6507ec082417895dec5fc9d6,0c82e0f1338c7304469c458c0d500952779944648a80cbea22b532e83ae8fe85,
D3_e5mistral_full_long_form_seed2026,0c5d310bcbdab95014ac5bef6798a64ea70e05cdc9839f966154432d83886c40,0c82e0f1338c7304469c458c0d500952779944648a80cbea22b532e83ae8fe85,5,0c5d310bcbdab95014ac5bef6798a64ea70e05cdc9839f966154432d83886c40,0c82e0f1338c7304469c458c0d500952779944648a80cbea22b532e83ae8fe85,
D3_e5mistral_full_long_form_seed2027,278f13e38d023956fd63af052232e34df93022cdbbe366f68b152d049867233a,0c82e0f1338c7304469c458c0d500952779944648a80cbea22b532e83ae8fe85,5,278f13e38d023956fd63af052232e34df93022cdbbe366f68b152d049867233a,0c82e0f1338c7304469c458c0d500952779944648a80cbea22b532e83ae8fe85,
D3_e5mistral_full_long_form_seed2028,31adf58c7c9537695c263e81d40ce4cf12ec8765bc2486565dae52ab7259afcd,0c82e0f1338c7304469c458c0d500952779944648a80cbea22b532e83ae8fe85,5,31adf58c7c9537695c263e81d40ce4cf12ec8765bc2486565dae52ab7259afcd,0c82e0f1338c7304469c458c0d500952779944648a80cbea22b532e83ae8fe85,
D3_gteqwen2_full_combined_seed2026,9a55fff41a382799518bdbbea8e13a61cf6948e2a2e677d15b98c600fd635a6a,0c82e0f1338c7304469c458c0d500952779944648a80cbea22b532e83ae8fe85,5,9a55fff41a382799518bdbbea8e13a61cf6948e2a2e677d15b98c600fd635a6a,0c82e0f1338c7304469c458c0d500952779944648a80cbea22b532e83ae8fe85,
D3_gteqwen2_full_combined_seed2027,919d1d972753f6b031f21def4acf13dab7be097df13a88e8f5d6cd3b8aeb6fd3,0c82e0f1338c7304469c458c0d500952779944648a80cbea22b532e83ae8fe85,5,919d1d972753f6b031f21def4acf13dab7be097df13a88e8f5d6cd3b8aeb6fd3,0c82e0f1338c7304469c458c0d500952779944648a80cbea22b532e83ae8fe85,
D3_gteqwen2_full_combined_seed2028,27006443f95c8b96444351cc7f6c7c4a55bf7f480e61c58985c1ea747977b755,0c82e0f1338c7304469c458c0d500952779944648a80cbea22b532e83ae8fe85,5,27006443f95c8b96444351cc7f6c7c4a55bf7f480e61c58985c1ea747977b755,0c82e0f1338c7304469c458c0d500952779944648a80cbea22b532e83ae8fe85,
D3_gteqwen2_full_event_driven_seed2026,965303cc008ad882f64f1c399a0654b5bc1a21463cdcf2540969d4b39fe43b84,0c82e0f1338c7304469c458c0d500952779944648a80cbea22b532e83ae8fe85,5,965303cc008ad882f64f1c399a0654b5bc1a21463cdcf2540969d4b39fe43b84,0c82e0f1338c7304469c458c0d500952779944648a80cbea22b532e83ae8fe85,
D3_gteqwen2_full_event_driven_seed2027,71e00859d81dd0f7a2e2a2bec58d554739d3a4a9dae174a168cd890f838aa074,0c82e0f1338c7304469c458c0d500952779944648a80cbea22b532e83ae8fe85,5,71e00859d81dd0f7a2e2a2bec58d554739d3a4a9dae174a168cd890f838aa074,0c82e0f1338c7304469c458c0d500952779944648a80cbea22b532e83ae8fe85,
D3_gteqwen2_full_event_driven_seed2028,38f4ad4dfd6135c9bc987aacc995042cc0a36e5b9b22b8132b44a9ecfba17bc0,0c82e0f1338c7304469c458c0d500952779944648a80cbea22b532e83ae8fe85,5,38f4ad4dfd6135c9bc987aacc995042cc0a36e5b9b22b8132b44a9ecfba17bc0,0c82e0f1338c7304469c458c0d500952779944648a80cbea22b532e83ae8fe85,
D3_gteqwen2_full_long_form_seed2026,5b539f5241d82c5de8b66f3d2103a63c9278f639a397afbc56958ced42af6cd8,0c82e0f1338c7304469c458c0d500952779944648a80cbea22b532e83ae8fe85,5,5b539f5241d82c5de8b66f3d2103a63c9278f639a397afbc56958ced42af6cd8,0c82e0f1338c7304469c458c0d500952779944648a80cbea22b532e83ae8fe85,
D3_gteqwen2_full_long_form_seed2027,b09d8ef4898ffdc18cb75ac796c2affb2deca7e0d1e24266722e0c7537bd7318,0c82e0f1338c7304469c458c0d500952779944648a80cbea22b532e83ae8fe85,5,b09d8ef4898ffdc18cb75ac796c2affb2deca7e0d1e24266722e0c7537bd7318,0c82e0f1338c7304469c458c0d500952779944648a80cbea22b532e83ae8fe85,
D3_gteqwen2_full_long_form_seed2028,cc6ad281a56a26a7405bf8c945eef0da621fe271fd3658fa2c7d14aa589b227d,0c82e0f1338c7304469c458c0d500952779944648a80cbea22b532e83ae8fe85,5,cc6ad281a56a26a7405bf8c945eef0da621fe271fd3658fa2c7d14aa589b227d,0c82e0f1338c7304469c458c0d500952779944648a80cbea22b532e83ae8fe85,
D3_qwen3_full_combined_seed2026,03ffef4e1a40fd16113e0cf7e3ab61af1b48cabea61a0ca24aa1199b0ff69355,0c82e0f1338c7304469c458c0d500952779944648a80cbea22b532e83ae8fe85,5,03ffef4e1a40fd16113e0cf7e3ab61af1b48cabea61a0ca24aa1199b0ff69355,0c82e0f1338c7304469c458c0d500952779944648a80cbea22b532e83ae8fe85,
D3_qwen3_full_combined_seed2027,e454036ae76863fd0b64be0284456c4fce90d6d67e11679d8fa15917ee0bf911,0c82e0f1338c7304469c458c0d500952779944648a80cbea22b532e83ae8fe85,5,e454036ae76863fd0b64be0284456c4fce90d6d67e11679d8fa15917ee0bf911,0c82e0f1338c7304469c458c0d500952779944648a80cbea22b532e83ae8fe85,
D3_qwen3_full_combined_seed2028,20e2500b0c4114b69758b2600679642907817a5a90eec166a886151d82d24c3f,0c82e0f1338c7304469c458c0d500952779944648a80cbea22b532e83ae8fe85,5,20e2500b0c4114b69758b2600679642907817a5a90eec166a886151d82d24c3f,0c82e0f1338c7304469c458c0d500952779944648a80cbea22b532e83ae8fe85,
D3_qwen3_full_event_driven_seed2026,aebea8457ef04cabe1160855f161349fbcc244ff5b2f1ba328a67676497be69b,0c82e0f1338c7304469c458c0d500952779944648a80cbea22b532e83ae8fe85,5,aebea8457ef04cabe1160855f161349fbcc244ff5b2f1ba328a67676497be69b,0c82e0f1338c7304469c458c0d500952779944648a80cbea22b532e83ae8fe85,
D3_qwen3_full_event_driven_seed2027,f0845b59853e97eefcc964762df3d9028cd8b34a107b736000af23c5a2464f82,0c82e0f1338c7304469c458c0d500952779944648a80cbea22b532e83ae8fe85,5,f0845b59853e97eefcc964762df3d9028cd8b34a107b736000af23c5a2464f82,0c82e0f1338c7304469c458c0d500952779944648a80cbea22b532e83ae8fe85,
D3_qwen3_full_event_driven_seed2028,bf5706670cc5608267ab7f1e07fd31496f5a519d3ac1c5c236c21ffd044df764,0c82e0f1338c7304469c458c0d500952779944648a80cbea22b532e83ae8fe85,5,bf5706670cc5608267ab7f1e07fd31496f5a519d3ac1c5c236c21ffd044df764,0c82e0f1338c7304469c458c0d500952779944648a80cbea22b532e83ae8fe85,
D3_qwen3_full_long_form_seed2026,d46db5af49e71aea57db0d184ff49f05268d71fbea7cdd4f3a1427def81aaefd,0c82e0f1338c7304469c458c0d500952779944648a80cbea22b532e83ae8fe85,5,d46db5af49e71aea57db0d184ff49f05268d71fbea7cdd4f3a1427def81aaefd,0c82e0f1338c7304469c458c0d500952779944648a80cbea22b532e83ae8fe85,
D3_qwen3_full_long_form_seed2027,29a8e96a5feb8d86f24c12ee9108acd8d65dbc53a904d6860b4936c21a397956,0c82e0f1338c7304469c458c0d500952779944648a80cbea22b532e83ae8fe85,5,29a8e96a5feb8d86f24c12ee9108acd8d65dbc53a904d6860b4936c21a397956,0c82e0f1338c7304469c458c0d500952779944648a80cbea22b532e83ae8fe85,
D3_qwen3_full_long_form_seed2028,d2b036ac5056a93a085949da09d83fdd94859a9a15d3ca69d7f671574d3149d7,0c82e0f1338c7304469c458c0d500952779944648a80cbea22b532e83ae8fe85,5,d2b036ac5056a93a085949da09d83fdd94859a9a15d3ca69d7f671574d3149d7,0c82e0f1338c7304469c458c0d500952779944648a80cbea22b532e83ae8fe85,
D4_llmfused_full_combined_seed2026,7b8451c874864281f1c10b81dabd5d299c9cd28a08ae9a0cccba56f1d33a9a9d,,8,483a09fcf03326f557f5667a9e762ef0d278a7a978a104fa845569f26b09362e,,llm
D4_llmfused_full_event_driven_seed2026,e328fbc3f4d0657c07679e67dfff92a23da30a4d1ac56531748f0f4c45a24024,,8,8a61f901f6c29df4ec79fdf32bbda73b13fb0ae0bcb19996244baf6bfcb72702,,llm
D4_llmfused_full_long_form_seed2026,c020e76fc45366951c069a08cba44a6245c2446054520665453e9329e58ae0d5,,8,e4469224b012a32f6e0bf3dadcf894aa17f587ada1ad07b029982b84b4c163e5,,llm
